-- phpMyAdmin SQL Dump
-- version 4.2.1
-- http://www.phpmyadmin.net
--
-- Host: mysql14.uni5.net
-- Tempo de geração: 28/12/2014 às 06:11
-- Versão do servidor: 5.5.39-log
-- Versão do PHP: 5.3.28

SET SQL_MODE = "NO_AUTO_VALUE_ON_ZERO";
SET time_zone = "+00:00";


/*!40101 SET @OLD_CHARACTER_SET_CLIENT=@@CHARACTER_SET_CLIENT */;
/*!40101 SET @OLD_CHARACTER_SET_RESULTS=@@CHARACTER_SET_RESULTS */;
/*!40101 SET @OLD_COLLATION_CONNECTION=@@COLLATION_CONNECTION */;
/*!40101 SET NAMES utf8 */;

--
-- Banco de dados: `fortesystem02`
--

-- --------------------------------------------------------

--
-- Estrutura para tabela `acesso`
--

CREATE TABLE IF NOT EXISTS `acesso` (
`acessoID` int(11) NOT NULL,
  `acessoUsuario` varchar(50) NOT NULL,
  `acessoIP` varchar(15) NOT NULL,
  `acessoData` timestamp NOT NULL DEFAULT CURRENT_TIMESTAMP ON UPDATE CURRENT_TIMESTAMP
) ENGINE=InnoDB DEFAULT CHARSET=latin1 AUTO_INCREMENT=1 ;

-- --------------------------------------------------------

--
-- Estrutura para tabela `caixa`
--

CREATE TABLE IF NOT EXISTS `caixa` (
`caixaID` int(11) NOT NULL,
  `usuario` varchar(50) NOT NULL,
  `funcionario` varchar(100) NOT NULL,
  `valorInicial` float(10,2) NOT NULL,
  `valorFinal` float(10,2) NOT NULL,
  `vendaInicial` int(11) NOT NULL,
  `vendaFinal` int(11) NOT NULL,
  `lancamentoInicial` int(11) NOT NULL,
  `lancamentoFinal` int(11) NOT NULL,
  `retiradaInicial` int(11) NOT NULL,
  `retiradaFinal` int(11) NOT NULL,
  `data` timestamp NOT NULL DEFAULT CURRENT_TIMESTAMP ON UPDATE CURRENT_TIMESTAMP,
  `dataInicio` timestamp NOT NULL DEFAULT '0000-00-00 00:00:00',
  `status` varchar(1) NOT NULL DEFAULT 'A'
) ENGINE=InnoDB  DEFAULT CHARSET=latin1 AUTO_INCREMENT=25 ;

--
-- Fazendo dump de dados para tabela `caixa`
--

INSERT INTO `caixa` (`caixaID`, `usuario`, `funcionario`, `valorInicial`, `valorFinal`, `vendaInicial`, `vendaFinal`, `lancamentoInicial`, `lancamentoFinal`, `retiradaInicial`, `retiradaFinal`, `data`, `dataInicio`, `status`) VALUES
(1, 'tiagoadm', '1', 500.00, 501.00, 1, 2, 1, 3, 1, 1, '2012-10-02 21:35:49', '2012-10-02 17:54:10', 'F'),
(2, 'edimilson', '1', 400.00, 400.00, 1, 20, 3, 31, 1, 1, '2012-10-15 12:03:20', '2012-10-03 13:46:54', 'F'),
(3, 'tiagoadm', '1', 0.00, 230.00, 3, 6, 3, 6, 1, 1, '2012-10-03 21:02:24', '2012-10-03 16:01:26', 'F'),
(4, 'tiagoadm', '1', 300.00, 300.00, 6, 6, 6, 8, 1, 1, '2012-10-04 21:22:18', '2012-10-04 12:31:21', 'F'),
(5, 'tiagoadm', '1', 200.00, 217.99, 6, 7, 8, 9, 1, 1, '2012-10-05 20:24:11', '2012-10-05 12:31:48', 'F'),
(6, 'tiagoadm', '1', 200.00, 219.00, 8, 10, 9, 12, 1, 1, '2012-10-08 12:40:31', '2012-10-06 12:03:07', 'F'),
(7, 'tiagoadm', '1', 100.00, 112.00, 11, 11, 12, 16, 1, 1, '2012-10-08 21:28:03', '2012-10-08 12:40:50', 'F'),
(8, 'tiagoadm', '1', 100.00, 108.00, 12, 13, 16, 20, 1, 1, '2012-10-09 21:32:36', '2012-10-09 12:27:44', 'F'),
(9, 'tiagoadm', '1', 100.00, 100.00, 13, 14, 20, 22, 1, 1, '2012-10-10 21:30:21', '2012-10-10 13:38:35', 'F'),
(10, 'tiagoadm', '1', 100.00, 141.00, 14, 16, 22, 26, 1, 1, '2012-10-11 21:25:52', '2012-10-11 13:31:17', 'F'),
(11, 'tiagoadm', '1', 100.00, 121.00, 16, 20, 26, 31, 1, 1, '2012-10-13 16:46:59', '2012-10-13 12:00:35', 'F'),
(12, 'edimilson', '2', 11.55, 11.55, 1, 24, 31, 36, 1, 1, '2012-10-17 12:02:10', '2012-10-15 12:04:02', 'F'),
(13, 'tiagoadm', '1', 100.00, 113.50, 20, 24, 33, 36, 1, 1, '2012-10-16 21:13:45', '2012-10-16 12:41:31', 'F'),
(14, 'edimilson', '2', 0.00, 47.50, 18, 31, 36, 54, 1, 1, '2012-10-22 20:48:54', '2012-10-17 12:02:30', 'F'),
(15, 'TIAGOADM', '1', 100.00, 100.00, 24, 24, 36, 38, 1, 1, '2012-10-17 21:22:27', '2012-10-17 12:55:50', 'F'),
(16, 'tiagoadm', '1', 0.00, 30.00, 24, 26, 38, 40, 1, 1, '2012-10-20 14:09:47', '2012-10-18 13:47:08', 'F'),
(17, 'tiagoadm', '1', 0.00, 0.00, 26, 30, 40, 44, 1, 1, '2012-10-22 11:22:53', '2012-10-20 14:09:56', 'F'),
(18, 'tiagoadm', '1', 0.00, 0.00, 28, 31, 44, 54, 1, 1, '2012-10-23 20:24:41', '2012-10-22 11:23:09', 'F'),
(19, 'tiagoadm', '1', 100.00, 140.00, 28, 32, 54, 55, 1, 1, '2012-10-24 20:49:42', '2012-10-24 14:37:07', 'F'),
(20, 'tiagoadm', '1', 100.00, 169.00, 29, 36, 57, 63, 1, 1, '2012-10-29 12:36:14', '2012-10-25 15:17:25', 'F'),
(21, 'tiagoadm', '1', 0.00, 4.00, 36, 40, 63, 68, 1, 1, '2012-10-29 20:29:30', '2012-10-29 12:36:24', 'F'),
(22, 'tiagoadm', '1', 100.00, 102.00, 40, 41, 72, 73, 1, 1, '2012-10-30 20:48:36', '2012-10-30 12:07:40', 'F'),
(23, 'tiagoadm', '1', 100.00, 0.00, 41, 0, 73, 0, 1, 0, '2012-10-31 11:30:50', '2012-10-31 11:30:50', 'A'),
(24, 'edimilson', '2', 0.00, 0.00, 31, 0, 111, 0, 1, 0, '2012-11-16 20:09:35', '2012-11-16 20:09:35', 'A');

-- --------------------------------------------------------

--
-- Estrutura para tabela `cargo`
--

CREATE TABLE IF NOT EXISTS `cargo` (
`cargoID` int(11) NOT NULL,
  `cargoTitulo` varchar(40) NOT NULL,
  `cargoDescricao` text NOT NULL,
  `cargoData` timestamp NOT NULL DEFAULT CURRENT_TIMESTAMP ON UPDATE CURRENT_TIMESTAMP,
  `cargoAtivo` varchar(1) NOT NULL DEFAULT 'S'
) ENGINE=InnoDB  DEFAULT CHARSET=latin1 AUTO_INCREMENT=3 ;

--
-- Fazendo dump de dados para tabela `cargo`
--

INSERT INTO `cargo` (`cargoID`, `cargoTitulo`, `cargoDescricao`, `cargoData`, `cargoAtivo`) VALUES
(1, 'Diretor Administrativo', 'controle financeiro, Administrativo', '2012-10-02 17:45:17', 'S'),
(2, 'Diretor Operacional', 'controle de compra,Marketing', '2012-10-02 17:46:35', 'S');

-- --------------------------------------------------------

--
-- Estrutura para tabela `cheques`
--

CREATE TABLE IF NOT EXISTS `cheques` (
`chequeID` int(11) NOT NULL,
  `receberID` int(11) NOT NULL,
  `clienteID` int(11) NOT NULL,
  `valorCheque` float(10,2) NOT NULL,
  `numeroCheque` varchar(30) NOT NULL,
  `vencimentoCheque` date NOT NULL,
  `observacoes` text NOT NULL
) ENGINE=InnoDB DEFAULT CHARSET=latin1 AUTO_INCREMENT=1 ;

-- --------------------------------------------------------

--
-- Estrutura para tabela `cliente`
--

CREATE TABLE IF NOT EXISTS `cliente` (
`clienteID` int(11) NOT NULL,
  `tipoPessoa` varchar(1) NOT NULL,
  `clienteNomeFantasia` varchar(40) NOT NULL,
  `clienteRazaoSocial` varchar(40) NOT NULL,
  `clienteCnpj` varchar(20) NOT NULL,
  `clienteInscEstadual` varchar(20) NOT NULL,
  `clienteInscMunicipal` varchar(20) NOT NULL,
  `clienteEndereco` varchar(40) NOT NULL,
  `clienteNumero` varchar(6) NOT NULL,
  `clienteBairro` varchar(50) NOT NULL,
  `clienteCep` varchar(10) NOT NULL,
  `clienteCidade` varchar(20) NOT NULL,
  `clienteUf` varchar(2) NOT NULL,
  `clienteComplemento` text NOT NULL,
  `clienteContato` varchar(30) NOT NULL,
  `clienteTelefone` varchar(14) NOT NULL,
  `clienteFax` varchar(14) NOT NULL,
  `clienteRadio` varchar(15) NOT NULL,
  `clienteCelular` varchar(15) NOT NULL,
  `operadoraCelular` varchar(20) NOT NULL,
  `clienteEmail` varchar(100) NOT NULL,
  `clienteSite` varchar(100) NOT NULL,
  `clienteAtivo` varchar(1) NOT NULL DEFAULT 'S',
  `clienteData` timestamp NOT NULL DEFAULT CURRENT_TIMESTAMP,
  `clienteUsuario` varchar(40) NOT NULL,
  `limiteCredito` float(16,4) NOT NULL
) ENGINE=InnoDB  DEFAULT CHARSET=latin1 AUTO_INCREMENT=55 ;

--
-- Fazendo dump de dados para tabela `cliente`
--

INSERT INTO `cliente` (`clienteID`, `tipoPessoa`, `clienteNomeFantasia`, `clienteRazaoSocial`, `clienteCnpj`, `clienteInscEstadual`, `clienteInscMunicipal`, `clienteEndereco`, `clienteNumero`, `clienteBairro`, `clienteCep`, `clienteCidade`, `clienteUf`, `clienteComplemento`, `clienteContato`, `clienteTelefone`, `clienteFax`, `clienteRadio`, `clienteCelular`, `operadoraCelular`, `clienteEmail`, `clienteSite`, `clienteAtivo`, `clienteData`, `clienteUsuario`, `limiteCredito`) VALUES
(1, '0', 'Wesley da Silva Oscar', '', '393.430.388-95', '', '', 'Rua: Atroaris', '233', 'Vila Tupi', '13225010', 'Várzea Paulista', 'SP', '', 'Wesley', '(11) 4606-4825', '', '', '(11) 5050-0986', 'VIVO', 'wessilva976@gmail.com', 'http://', 'S', '2012-10-02 20:22:45', 'cadastro.Usuario@38a7b68a', 0.0000),
(2, '0', 'Benedito Cesar da Silva Junior', '', '356.638.248-55', '', '', 'Rua: Aracari', '115', 'Parque Guarani', '13225540', 'Várzea Paulista', 'SP', '', 'Junior', '(11) 4493-1848', '', '', '(11) 7446-1555', 'VIVO', 'juniorjessica74@hotmail.com', 'http://', 'S', '2012-10-02 20:52:57', 'cadastro.Usuario@4b7c76f6', 0.0000),
(3, '0', 'tiago', '', '328.796.888-25', '', '', 'Rua: Alberto Marceli', '67', 'Jardim Promeca', '13223120', 'Várzea Paulista', 'SP', 'casa 2', 'tiago', '', '', '', '', '', '', 'http://', 'S', '2012-10-02 21:21:35', 'cadastro.Usuario@428d9b22', 0.0000),
(4, '0', 'Maria Elena Alves Chagas', '', '064.680.348-41', '', '', 'Rua: Quinze de Agosto', '167', 'Jardim Buriti', '13225780', 'Várzea Paulista', 'SP', '', 'Maria Elene', '(11) 4596-2443', '', '', '(11) 5322-4252', 'VIVO', 'helena-karyntransportes@hotmail.com', 'http://', 'S', '2012-10-03 19:24:54', 'cadastro.Usuario@54fba1ac', 0.0000),
(5, '0', 'Evandro de Moraes', '', '161.857.528-75', '', '', 'Rua: Guajajara', '1', 'Vila Tupi', '13225052', 'Várzea Paulista', 'SP', '', 'Evandro', '', '', '', '', '', '', 'http://', 'S', '2012-10-06 12:01:32', 'cadastro.Usuario@3e5be948', 0.0000),
(6, '0', 'Tiago Silva', '', '365.015.298-32', '', '', 'Rua: Filomena Ricci', '390', 'Jardim do Lago', '13203700', 'Jundiaí', 'SP', '', 'Tiago', '', '', '', '(11) 7186-6132', 'VIVO', '', 'http://', 'S', '2012-10-06 12:25:05', 'cadastro.Usuario@17522e40', 0.0000),
(7, '0', 'Kezia Gislaine da Silva Francisco', '', '400.232.198-31', '', '', 'AV Bertioga', '1276', 'Vl Tupi', '13225000', 'Varzea Paulista', 'SP', '', 'Kezia', '', '', '', '(11) 7217-6653', 'VIVO', 'kezia_gislaines@hotmail.com', 'http://', 'S', '2012-10-13 13:59:04', 'cadastro.Usuario@70204deb', 0.0000),
(8, '0', 'Reginaldo Sanchez Pereira', '', '150.390.638-81', '', '', 'Rua: Antônio de Sando', '501', 'Vila Santa Catarina', '13225700', 'Várzea Paulista', 'SP', '', 'Reginaldo', '(11) 4595-6459', '', '', '(11) 7406-3835', 'VIVO', '', 'http://', 'S', '2012-10-16 14:07:41', 'cadastro.Usuario@12a1c65d', 0.0000),
(9, '0', 'Renilson Francisco de Souza', '', '017.696.549-17', '', '', 'Rua: treviso', '137', 'Vila Santa Catarina', '13225701', 'Várzea Paulista', 'SP', '', 'Renilson', '(11) 4606-0221', '', '', '(11) 7389-2486', 'VIVO', '', 'http://', 'S', '2012-10-16 21:03:35', 'cadastro.Usuario@31b49b5', 0.0000),
(10, '0', 'Marcos Pereira Goncalves', '', '331.487.768-44', '', '', 'Rua: Sebastião Queiroz', '524', 'Jardim Vitória', '13236261', 'Campo Limpo Paulista', 'SP', '', 'Marcos', '(11) 4038-5806', '', '', '(11) 9992-2321', 'VIVO', '', 'http://', 'S', '2012-11-07 20:22:19', 'cadastro.Usuario@6db088e', 0.0000),
(11, '0', 'Everton Teixeira', '', '361.144.828-16', '', '', 'Rua: Atroaris', '229', 'Vila Tupi', '13225010', 'Várzea Paulista', 'SP', '', 'Everton', '(11) 4493-1334', '', '', '(11) 9462-4188', 'VIVO', 'everton.teixeira13@gmail.com', 'http://', 'S', '2012-11-09 19:14:38', 'cadastro.Usuario@3b9f6f8a', 0.0000),
(12, '0', 'Francisco Soares', '', '024.557.408-54', '', '', 'Rua: Dinamarca', '40', 'Jardim Santa Lúcia', '13223290', 'Várzea Paulista', 'SP', '', 'Geovane', '(11) 4596-2669', '', '', '(11) 7327-2444', 'VIVO', '', 'http://', 'S', '2012-11-10 12:23:35', 'cadastro.Usuario@12e40bcb', 0.0000),
(13, '0', 'Benedito Vieira Primo', '', '526.097.318-68', '', '', 'Avenida: Antônio Di Gioia', '380', 'Parque Residencial Califórnia', '13232200', 'Campo Limpo Paulista', 'SP', '', 'Benedito', '(11) 4038-0981', '', '', '(11) 8148-2018', 'TIM', '', 'http://', 'S', '2012-11-20 12:30:58', 'tiagoadm', 0.0000),
(14, '0', 'Edevaldo Moreira de Pinho', '', '090.964.118-89', '', '', 'Rua: Ananatuba', '611', 'Parque Guarani', '13225560', 'Várzea Paulista', 'SP', '', 'Jonas', '(11) 4493-0698', '', '', '(11) 9918-4783', 'VIVO', '', 'http://', 'S', '2012-11-20 14:05:22', 'cadastro.Usuario@1667f48', 0.0000),
(15, '0', 'Eliceia Claudia Ramires', '', '225.448.548-20', '', '', 'Rua: Manoel Rodrigues de Oliveira', '', 'Jardim Promeca', '13223180', 'Várzea Paulista', 'SP', '', 'Eliceia', '', '', '', '', '', '', 'http://', 'S', '2012-11-20 16:06:45', 'cadastro.Usuario@33a42080', 0.0000),
(16, '0', 'Guilherme Rafael de Oliveira', '', '374.483.258-92', '', '', 'Rua Arata', '604', 'PQ guarani', '13225580', 'Varzea Paulista', 'SP', '', 'Jessica', '', '', '', '(11) 8132-3937', 'TIM', '', 'http://', 'S', '2012-11-29 18:15:40', 'cadastro.Usuario@fd6b1d6', 0.0000),
(17, '0', 'Magda Navarrete Zinguer de Souza', '', '292.820.368-04', '', '', 'Avenida: Itália', '129', 'Jardim Santa Lúcia', '13223210', 'Várzea Paulista', 'SP', '', 'Magada', '(11) 4493-1345', '', '', '(11) 9809-1716', 'VIVO', 'magda_navarrete@hotmail.com', 'http://', 'S', '2012-12-03 21:27:51', 'cadastro.Usuario@39916df1', 0.0000),
(18, '0', 'Nemesio Florence Vieira', '', '065.559.108-79', '', '', 'Rua: das Acácias Mimosa', '310', 'Jardim Bertioga', '13225280', 'Várzea Paulista', 'SP', '', 'nemesia', '(11) 7381-0807', '', '', '', '', '', 'http://', 'S', '2012-12-21 18:31:49', 'cadastro.Usuario@313d21d6', 0.0000),
(19, '0', 'Wesley Ricardo Rodrigues', '', '366.499.528-77', '', '', 'Rua: Nair Tomazeto', '189', 'Poste', '13213249', 'Jundiaí', 'SP', '', 'Wesley', '(11) 4492-4350', '', '', '(11) 9989-2473', 'VIVO', '', 'http://', 'S', '2012-12-28 14:31:49', 'cadastro.Usuario@4ba76eff', 0.0000),
(20, '0', 'Jader Henrinque Batista Crepaldi ', '', '419.737.088-17', '', '', 'Avenida: Bertioga', '1798', 'Vila Tupi', '13225000', 'Várzea Paulista', 'SP', 'casa', '', '(11) 4606-5557', '', '', '(11) 9954-70616', '', 'jader.h.b.c@gmail.com', 'http://', 'S', '2013-01-04 19:13:35', 'cadastro.Usuario@d71194d', 0.0000),
(21, '0', 'Jesse Felipe Almeida', '', '429.339.568-70', '', '', 'Rua: Valter de Souza Costa', '101', 'Jardim Primavera', '08535310', 'Ferraz Vasconcelos', 'SP', '', 'Jesse', '(11) 4676-6724', '', '', '(11) 8518-9504', 'VIVO', 'jesse942007@hotmail.com', 'http://', 'S', '2013-01-12 12:29:39', 'tiagoadm', 0.0000),
(22, '0', 'Paulo Sergio Souza Silva', '', '258.304.868-65', '', '', 'Rua: Riscala Chacur', '85', 'Jardim Promeca', '13223160', 'Várzea Paulista', 'SP', '', 'Paulo', '(11) 9590-2426', '', '', '', '', '', 'http://', 'S', '2013-01-14 12:37:21', 'cadastro.Usuario@1be2f6b0', 0.0000),
(23, '0', 'Adriana Ribeiro', '', '339.585.978-90', '', '', 'Rua Jose de Souza', '310', 'Chacara Companheiros', '13215872', 'Jundiai', 'SP', '', 'Cesar - Adriana', '', '', '', '(11) 7431-7837', 'VIVO', 'cesar.cellista@hotmail.com', 'http://', 'S', '2013-01-21 19:40:41', 'cadastro.Usuario@3fb6772a', 0.0000),
(24, '0', 'Andrea Primo De Souza', '', '340.543.128-02', '', '', 'Rua: Carlos Drumond de Andrade', '210', 'Jardim da Felicidade', '13223410', 'Várzea Paulista', 'SP', 'Casa 2', 'Andrea', '(11) 4595-0914', '(11)4595-2914', '', '(11) 4606-0657', 'VIVO', '', 'http://', 'S', '2013-01-26 13:24:58', 'cadastro.Usuario@193a83cc', 0.0000),
(25, '0', 'Samuel de Morais Fabris Pereira Lopes', '', '400.224.778-37', '', '', 'Rua: Santa Maria', '85', 'Jardim Gauchinha', '13223587', 'Várzea Paulista', 'SP', '', 'Samel', '(11) 9884-5218', '', '', '', '', '', 'http://', 'S', '2013-01-26 16:26:53', 'cadastro.Usuario@3b5ad1da', 0.0000),
(26, '0', 'Valdemir Pereira Lopes', '', '172.555.338-41', '', '', 'Rua: Hermes da Fonseca', '132', 'Parque Loja da China (Botujuru)', '13238602', 'Campo Limpo Paulista', 'SP', '', 'Valdemir', '(11) 2817-1606', '', '', '(11) 7417-7237', 'VIVO', 'vp.lopes1974@ig.com.br', 'http://', 'S', '2013-01-28 15:57:47', 'edimilson', 0.0000),
(27, '0', 'Thiago Amancio Conseição', '', '334.974.568-70', '', '', 'Rua: Rio Camanducaia', '55', 'Jardim Santo Antônio II', '13232140', 'Campo Limpo Paulista', 'SP', 'orgão', 'Thiago', '(11) 4039-5305', '', '', '(11) 6478-3139', 'VIVO', 'thiagoa@ig.com.br', 'http://', 'S', '2013-01-28 18:07:38', 'cadastro.Usuario@45ee1775', 0.0000),
(28, '0', 'Reinaldo Nunes da Rosa', '', '229.845.118-40', '', '', 'Rua: Rafael Félix', '45', 'Jardim Promeca', '13223170', 'Várzea Paulista', 'SP', '', 'reinaldo', '', '', '', '(11) 9936-1171', 'VIVO', 'reinaldonunes500@yahoo.com', 'http://', 'S', '2013-01-29 16:48:50', 'cadastro.Usuario@6d1a0d35', 0.0000),
(29, '0', 'Jose Augusto Facco', '', '214.481.728-61', '', '', 'Rua: Guaraná', '126', 'Parque Guarani', '13225525', 'Várzea Paulista', 'SP', '', 'Jose', '(11) 5040-2932', '', '', '', '', '', 'http://', 'S', '2013-02-08 17:24:41', 'cadastro.Usuario@213eb2bc', 0.0000),
(30, '0', 'Saulo Sores Rodrigues', '', '403.573.218-47', '', '', 'Rua: Itapurá', '153', 'Jardim América IV', '13222411', 'Várzea Paulista', 'SP', '', 'Saulo', '(11) 4039-6952', '', '', '', '', '', 'http://', 'S', '2013-02-14 12:38:29', 'cadastro.Usuario@4af6178d', 0.0000),
(31, '0', 'Jeremias Paes de Almeida', '', '312.476.438-24', '', '', 'Rua: Marechal Deodoro', '2974', 'Jardim das Nações', '13322160', 'Salto', 'SP', '', 'Jeremias', '(11) 4098-0092', '', '', '(11) 7542-9468', 'VIVO', 'jeremias.paes@hotmail.com', 'http://', 'S', '2013-02-18 19:15:08', 'cadastro.Usuario@16daece7', 0.0000),
(32, '0', 'MARGARETE LAS CASAS DE ALMEIDA', '', '284.746.918-42', '', '', 'Rua: Floriano Peixoto', '3634', 'Centro', '13320150', 'Salto', 'SP', '', 'Margarete', '(11) 4029-3800', '', '', '(11) 8539-7132', '', '', 'http://', 'S', '2013-02-18 19:16:39', 'cadastro.Usuario@5e5aefe', 0.0000),
(33, '0', 'Miriam Maria de Carvalho', '', '271.247.988-25', '', '348732351', 'Avenida: Bertioga', '1014', 'Vila Tupi', '13225000', 'Várzea Paulista', 'SP', '', 'Mirian', '', '', '', '', '', '', 'http://', 'S', '2013-02-25 17:30:58', 'tiagoadm', 0.0000),
(34, '0', 'Joel Elias de Oliveira ', '', '106.692.288-85', '', '21.288.558.3', 'Rua: Manoel Rodrigues de Oliveira', '922', 'Jardim Promeca', '13223180', 'Várzea Paulista', 'SP', '', 'Joel', '(11) 4595-6973', '', '', '(11) 9992-62937', 'VIVO', 'joeledina@ibest.com.br', 'http://', 'S', '2013-02-26 15:38:07', 'cadastro.Usuario@4731fa4b', 0.0000),
(35, '0', 'Claudia Navarrete Zingaro de Jesus', '', '148.610.318-93', '', '206594550', 'Rua: Mato Grosso', '753', 'Jardim Diva (Fazendinha)', '06530445', 'Santana de Parnaíba', 'SP', '', 'Claudia', '(11) 4156-1554', '', '', '(11) 9974-31524', 'VIVO', 'claudianzj@zipmail.com.br', 'http://', 'S', '2013-02-26 15:40:40', 'cadastro.Usuario@75074e09', 0.0000),
(36, '0', 'Helen Priscila Olher', '', '456.432.788-71', '', '565137293', 'Av Professor Pedro Clarismundo Fornari', '207', 'Engordadouro', '13214660', 'Jundiaí', 'SP', '', 'Heun', '(11) 4606-4525', '', '', '(11) 9969-82456', 'VIVO', 'helen.olher@hotmail.com', 'http://', 'S', '2013-02-26 15:44:14', 'cadastro.Usuario@5d25379e', 0.0000),
(37, '0', 'Kelly de Souza Cruz', '', '225.907.978-42', '', '422040861', 'Rua: Frei Henrique de Coimbra', '214', 'Jardim das Acácias', '13223360', 'Várzea Paulista', 'SP', '', 'Ivan', '(11) 4493-2236', '', '', '(19) 9314-4865', 'VIVO', 'ivan.carlos@thyssenkrupp.com', 'http://', 'S', '2013-02-26 15:45:45', 'cadastro.Usuario@543388c4', 0.0000),
(38, '0', 'Marilane de Oliveira Cruz', '', '323.251.498-70', '', '098758600', 'Rua: Roma', '210', 'Jardim Itália', '13224704', 'Várzea Paulista', 'SP', '', 'Marilane', '(11) 4596-4419', '', '', '(11) 9863-43252', 'VIVO', '', 'http://', 'S', '2013-02-26 15:47:33', 'cadastro.Usuario@29e700f6', 0.0000),
(39, '0', 'Maria Angela Guedes', '', '381.366.298-54', '', '463664784', 'Rua: Chucrie Chacur', '185', 'Jardim Promeca', '13223191', 'Várzea Paulista', 'SP', '', 'Eduardo', '(11) 9876-7072', '', '', '(11) 9732-2527', 'VIVO', 'duduli.guedes@hotmail.com', 'http://', 'S', '2013-02-26 15:50:07', 'cadastro.Usuario@78741ea2', 0.0000),
(40, '0', 'Maria Juliana B de Brito', '', '331.090.258-76', '', '423824491', 'Rua Rio Atibaia', '715', 'Sto Antonio', '13231111', 'Campo Limpo Paulista', 'SP', '', 'Juliana', '(11) 4039-3405', '', '', '(11) 9754-67994', '', 'jubbrito@hotmail.com', 'http://', 'S', '2013-02-26 15:53:56', 'cadastro.Usuario@4299c3e', 0.0000),
(41, '0', 'Rosemeire J Faria', '', '143.080.788-14', '', '239766696', 'Rua: Quatro', '9', 'Chácara Recreio Lagoa dos Patos', '13205622', 'Jundiaí', 'SP', '', 'rose', '(11) 9927-1160', '', '', '', '', 'rose.milo@hotmail.com', 'http://', 'S', '2013-02-26 15:56:12', 'cadastro.Usuario@5490fb5b', 0.0000),
(42, '0', 'Kerem dos Santos', '', '367.972.628-79', '', '428019778', 'Rua: São João Del Rey', '39', 'Jardim Vista Alegre', '13236513', 'Campo Limpo Paulista', 'SP', '', 'Kerem', '(11) 7163-6744', '', '', '', '', 'kerem_santos@hotmail.com', 'http://', 'S', '2013-02-26 15:57:24', 'cadastro.Usuario@1efc48ce', 0.0000),
(43, '0', 'Edilaine Gonçalves Silva', '', '263.609.958-16', '', '30087943', 'Rua: Bom Jesus do Pirapora', '2663', 'Vila Rami', '13206305', 'Jundiaí', 'SP', '', 'Edilaine', '(11) 3964-5265', '', '', '(11) 9731-94621', 'VIVO', 'edilainegs@hotmail.com', 'http://', 'S', '2013-02-26 15:59:14', 'cadastro.Usuario@6c9b967b', 0.0000),
(44, '0', 'Jesuina Gomes Alexandre', '', '267.778.228-60', '', '17466980', 'Rua: Sarandi', '28', 'Jardim América I', '13221323', 'Várzea Paulista', 'SP', '', 'Jesuina', '(11) 3443-1310', '', '', '(11) 9619-81917', 'VIVO', '', 'http://', 'S', '2013-02-26 16:01:02', 'cadastro.Usuario@f31cdb', 0.0000),
(45, '0', 'Natani de O C Xavier', '', '438.688.768-71', '', '406785934', 'Rua: Pedro Álvares Cabral', '249', 'Jardim das Acácias', '13223390', 'Várzea Paulista', 'SP', '', 'Natani', '(11) 4596-0864', '', '', '(11) 9943-93706', 'VIVO', '', 'http://', 'S', '2013-02-26 16:02:47', 'cadastro.Usuario@1c342c15', 0.0000),
(46, '0', 'Édson Vandro Cardoso de Macedo', '', '046.427.863-50', '', '2763887', 'Rua: Arnold Gut Júnior', '1251', 'Vila São José', '13224350', 'Várzea Paulista', 'SP', '', 'Edson', '(11) 9824-3618', '', '', '', '', '', 'http://', 'S', '2013-02-27 20:14:56', 'cadastro.Usuario@72f8a19f', 0.0000),
(47, '0', 'Lilian Gomes Da Silva Donda', '', '324.126.478-52', '', '434734561', 'Rua: Avaré', '121', 'Jardim América I', '13221322', 'Várzea Paulista', 'SP', '(11) 9 7138-2900 Vagner', 'Lilian', '(11) 4537-1589', '', '', '(11) 9961-22430', 'VIVO', '', 'http://', 'S', '2013-03-05 18:25:18', 'cadastro.Usuario@301bb7be', 0.0000),
(48, '0', 'valdirene (fernando veloso da silva)', '', '167.055.138-53', '', '3856317', 'rua das tulipas', '140', 'portal das hortencias    ', '', 'varzea paulista', 'SP', 'casa', '', '(11) 7227-7397', '72807473', '', '(14) 7114-9202', 'VIVO', 'edimilson_84@hotmail.com', 'http://', 'S', '2013-03-07 12:29:31', 'cadastro.Usuario@2df5ccb3', 0.0000),
(49, '0', 'Helen  Nadia Maldonado', '', '422.386.438-69', '', '443486529', 'Rua: Itatiba', '', 'Chácaras Clube Castanheiro', '13223570', 'Várzea Paulista', 'SP', 'chacara', 'valter', '(11) 4596-1675', '', '', '(11) 9847-5115', '', 'j_tm_13@hotmail.com', 'http://', 'S', '2013-03-08 20:35:26', 'cadastro.Usuario@6c9f3578', 0.0000),
(50, '0', 'jefferson luiz ferreira', '', '382.462.438-96', '', '478854365', 'Rua: Bem-te-vi', '41', 'Cidade Nova II', '13221582', 'Várzea Paulista', 'SP', 'casa', 'jefferson', '(11) 4595-7039', '', '', '(11) 9735-89396', 'VIVO', 'jefferson.black@hotmail.com', 'http://', 'S', '2013-03-09 19:16:30', 'cadastro.Usuario@46157e43', 0.0000),
(51, '0', 'Carlos Gonçalves', '', '774.869.198-34', '', '6061047', 'Rua: Justino de Carvalho', '305', 'Jardim Promeca', '13223130', 'Várzea Paulista', 'SP', 'casa', 'carlos', '(11) 4596-4020', '', '', '(11) 4596-2014', '', '', 'http://', 'S', '2013-03-09 19:35:21', 'cadastro.Usuario@1f34b721', 0.0000),
(52, '0', 'cintia cavalcante ', '', '080.554.909-96', '', '104959520', 'Rua: Floresta das Araucárias', '149', 'Vila A B Vicentini', '86077290', 'Londrina', 'SP', 'casa', 'cintia', '(43) 3348-0745', '', '', '(43) 9905-2057', 'VIVO', 'cintia.cvc@hotmail.com', 'http://', 'S', '2013-03-11 19:24:13', 'cadastro.Usuario@6f760238', 0.0000),
(53, '0', 'cicero caetano da silva', '', '045.401.818-58', '', '126285330', 'rua padua', '100', 'jardim italia 1', '13224719', 'varzea paulista', 'SP', 'casa', 'cicero', '(11) 4595-6865', '', '', '(11) 9729-67739', 'VIVO', 'ray.letras@bol.com.br', 'http://', 'S', '2013-04-03 15:00:16', 'cadastro.Usuario@6a378a7', 0.0000),
(54, '0', 'Eliana Maria Agostinho Facioli', '', '205.166.998-81', '', '297195050', 'Rua: da Emancipação', '174', 'Vila Cristo Redentor', '13220022', 'Várzea Paulista', 'SP', 'casa', 'Filha - Suedis / Eliana -clien', '(11) 4493-1893', '', '', '(11) 9983-53640', 'VIVO', 'compras@tonmaior.com.br', 'http://', 'S', '2013-04-23 14:45:06', 'cadastro.Usuario@2699146a', 0.0000);

-- --------------------------------------------------------

--
-- Estrutura para tabela `contapagar`
--

CREATE TABLE IF NOT EXISTS `contapagar` (
`contapagarID` int(11) NOT NULL,
  `formPagID` int(11) NOT NULL,
  `favorecido` text NOT NULL,
  `valor` float(10,2) NOT NULL,
  `vezes` int(11) NOT NULL,
  `intervalo` int(11) NOT NULL,
  `data` date NOT NULL,
  `usuario` varchar(100) NOT NULL
) ENGINE=InnoDB  DEFAULT CHARSET=latin1 AUTO_INCREMENT=158 ;

--
-- Fazendo dump de dados para tabela `contapagar`
--

INSERT INTO `contapagar` (`contapagarID`, `formPagID`, `favorecido`, `valor`, `vezes`, `intervalo`, `data`, `usuario`) VALUES
(1, 1, 'Aluguel', 1000.00, 9, 30, '2012-10-20', 'tiagoadm'),
(2, 1, 'Forte em Midia', 525.00, 10, 30, '2012-10-25', 'tiagoadm'),
(4, 1, 'Varzea Informatica', 85.00, 1, 30, '2012-10-04', 'tiagoadm'),
(5, 1, 'CELULAR TIAGO', 40.00, 1, 30, '2012-10-04', 'tiagoadm'),
(6, 1, 'saco de lixo', 2.00, 1, 30, '2012-10-06', 'tiagoadm'),
(7, 1, 'taxa bradesco', 23.70, 1, 30, '2012-10-08', 'tiagoadm'),
(8, 1, 'taxa bradesco', 10.40, 1, 30, '2012-10-08', 'tiagoadm'),
(9, 1, 'associç&#227;o comercial', 489.98, 1, 30, '2012-10-03', 'tiagoadm'),
(10, 1, 'ISS', 156.67, 1, 30, '2012-10-26', 'tiagoadm'),
(11, 1, 'strings', 276.00, 1, 30, '2012-10-08', 'tiagoadm'),
(12, 1, 'Izzo', 602.38, 1, 30, '2012-10-09', 'tiagoadm'),
(13, 1, 'weril', 5663.59, 1, 30, '2012-10-09', 'tiagoadm'),
(14, 6, 'Scalla', 848.50, 3, 30, '2012-11-15', 'tiagoadm'),
(15, 6, 'Scalla', 599.00, 3, 30, '2012-11-15', 'tiagoadm'),
(16, 6, 'Scalla', 2545.50, 3, 30, '2012-11-15', 'tiagoadm'),
(17, 6, 'Scalla', 1797.00, 3, 30, '2012-11-15', 'tiagoadm'),
(18, 1, 'Marcelo Giannini', 293.00, 1, 30, '2012-10-10', 'tiagoadm'),
(19, 1, 'Lune Transportes', 40.00, 1, 30, '2012-11-11', 'tiagoadm'),
(20, 1, 'Lune Transportes', 40.00, 1, 30, '2012-10-11', 'tiagoadm'),
(21, 1, 'ETC Transportes', 60.66, 1, 30, '2012-10-20', 'tiagoadm'),
(22, 1, 'Associaç&#227;o Comercial Empresarial', 298.50, 1, 30, '2012-10-10', 'tiagoadm'),
(23, 1, 'Marmita', 20.00, 1, 30, '2012-10-13', 'tiagoadm'),
(24, 6, 'Grafica Blante', 155.00, 1, 30, '2012-10-30', 'edimilson'),
(25, 6, 'Grafica Blante', 60.00, 1, 30, '2012-10-31', 'edimilson'),
(26, 6, 'J Verdade', 323.85, 3, 30, '2012-10-30', 'edimilson'),
(27, 1, 'Musical Vanlu', 273.80, 1, 30, '2012-10-15', 'tiagoadm'),
(28, 1, 'Telefone', 40.00, 1, 30, '2012-10-17', 'TIAGOADM'),
(29, 1, 'Clei - Di Giorgio', 149.00, 1, 30, '2012-10-17', 'tiagoadm'),
(30, 1, 'teste - itens p/violino', 50.00, 1, 30, '2012-10-20', 'tiagoadm'),
(31, 1, 'material de escritorio', 7.20, 1, 30, '2012-10-25', 'tiagoadm'),
(32, 1, 'devoluçao de mercadoria', 20.00, 1, 30, '2012-10-25', 'tiagoadm'),
(33, 1, 'devoluçao de mercadoria', 5.00, 1, 30, '2012-10-26', 'tiagoadm'),
(34, 1, 'eagle', 1243.36, 1, 30, '2012-10-31', 'tiagoadm'),
(35, 1, 'agua', 6.00, 1, 30, '2012-10-31', 'tiagoadm'),
(36, 6, 'Pasqualino', 235.00, 1, 30, '2012-11-20', 'tiagoadm'),
(37, 1, 'limpesa', 17.42, 1, 30, '2012-10-05', 'tiagoadm'),
(38, 1, 'limpesa', 17.42, 1, 30, '2012-11-05', 'tiagoadm'),
(39, 1, 'Di giorgio', 160.00, 1, 30, '2012-11-07', 'tiagoadm'),
(40, 1, 'musical rava', 120.00, 1, 30, '2012-11-08', 'tiagoadm'),
(41, 1, 'imposto', 12.92, 1, 30, '2012-11-20', 'tiagoadm'),
(42, 1, 'acerto ', 71.26, 1, 30, '2012-11-19', 'tiagoadm'),
(43, 1, 'acerto', 150.00, 1, 30, '2012-11-19', 'tiagoadm'),
(44, 1, 'Izzo', 880.19, 1, 30, '2012-11-19', 'tiagoadm'),
(45, 1, 'Vanral', 527.82, 1, 30, '2012-11-21', 'tiagoadm'),
(46, 1, 'Energia', 188.95, 1, 30, '2012-11-21', 'tiagoadm'),
(47, 1, 'acerto', 113.89, 1, 30, '2012-11-21', 'tiagoadm'),
(48, 1, 'Clei - Di Giorgio', 29.00, 1, 30, '2012-11-21', 'tiagoadm'),
(49, 1, 'Face', 7.12, 1, 30, '2012-11-22', 'tiagoadm'),
(50, 1, 'devoluçao', 35.00, 1, 30, '2012-11-26', 'tiagoadm'),
(51, 1, 'Free Sax', 346.23, 1, 30, '2012-11-29', 'tiagoadm'),
(52, 1, 'porta', 5.00, 1, 30, '2012-11-29', 'tiagoadm'),
(53, 1, 'emprestimo', 655.97, 18, 30, '2012-12-03', 'tiagoadm'),
(54, 1, 'internet', 120.00, 1, 30, '2012-11-10', 'tiagoadm'),
(55, 1, 'internet', 120.00, 1, 30, '2012-12-10', 'tiagoadm'),
(56, 1, 'ALIMENTAÇ&#195;O', 8.00, 1, 30, '2012-11-30', 'tiagoadm'),
(57, 1, 'Previdencia', 137.29, 1, 30, '2012-11-21', 'tiagoadm'),
(58, 1, 'acerto caixa', 59.85, 1, 30, '2012-12-03', 'tiagoadm'),
(59, 1, 'Clei - Di Giorgio', 52.00, 1, 30, '2012-12-04', 'tiagoadm'),
(60, 1, 'papelaria', 5.80, 1, 30, '2012-12-04', 'tiagoadm'),
(61, 1, 'Clei - Di Giorgio', 130.00, 1, 30, '2012-12-05', 'tiagoadm'),
(62, 1, 'Limpeza', 10.00, 1, 30, '2012-12-06', 'tiagoadm'),
(63, 1, 'taxa boleto', 37.92, 1, 30, '2012-12-06', 'tiagoadm'),
(64, 1, 'agua', 6.00, 1, 30, '2012-12-06', 'tiagoadm'),
(65, 6, 'Arwel', 535.18, 1, 30, '2012-12-14', 'tiagoadm'),
(66, 6, 'Arwel', 535.18, 1, 30, '2012-01-13', 'tiagoadm'),
(67, 6, 'Previdencia', 136.84, 1, 30, '2012-12-20', 'tiagoadm'),
(68, 1, 'Daniel', 4800.00, 16, 30, '2013-01-15', 'tiagoadm'),
(69, 1, 'Cartucho', 16.30, 1, 30, '2012-12-07', 'tiagoadm'),
(70, 1, 'boleto', 4.74, 1, 30, '2012-12-08', 'tiagoadm'),
(71, 1, 'celular', 40.00, 1, 30, '2012-12-11', 'tiagoadm'),
(72, 6, 'goldem guitarra', 607.05, 1, 30, '2012-12-28', 'tiagoadm'),
(73, 6, 'goldem guitarra', 38.35, 1, 30, '2012-12-18', 'tiagoadm'),
(74, 6, 'Joma Comercio', 448.74, 1, 30, '2012-12-23', 'tiagoadm'),
(75, 6, 'Joma Comercio', 448.74, 1, 30, '2013-01-22', 'tiagoadm'),
(76, 1, 'Clei - Di Giorgio', 30.00, 1, 30, '2012-12-15', 'tiagoadm'),
(77, 1, 'taxa bancaria', 37.00, 1, 30, '2012-12-17', 'tiagoadm'),
(78, 1, 'wesley', 500.00, 1, 30, '2012-12-17', 'tiagoadm'),
(79, 6, '20/12/2012', 192.50, 1, 30, '2012-12-20', 'tiagoadm'),
(80, 1, 'ACERTO', 2.20, 1, 30, '2012-12-18', 'tiagOADM'),
(81, 1, 'Izzo', 668.28, 1, 30, '2012-12-18', 'tiagoadm'),
(82, 1, 'acerto', 370.00, 1, 30, '2012-12-19', 'tiagoadm'),
(83, 6, 'imposto', 190.85, 1, 30, '2012-12-20', 'tiagoadm'),
(84, 6, 'Pasqualino', 235.00, 1, 30, '2012-12-20', 'tiagoadm'),
(85, 6, 'Pasqualino', 235.00, 1, 30, '2013-01-20', 'tiagoadm'),
(86, 6, 'cpfl', 184.50, 1, 30, '2012-12-24', 'tiagoadm'),
(87, 1, 'Marques & Mattos', 4.65, 1, 30, '2012-12-20', 'tiagoadm'),
(88, 1, 'Clei - Di Giorgio', 183.00, 1, 30, '2013-01-20', 'tiagoadm'),
(89, 1, 'coleta', 40.00, 1, 30, '2012-12-29', 'tiagoadm'),
(90, 1, 'acerto', 617.45, 1, 30, '2013-01-04', 'tiagoadm'),
(91, 4, 'Clei - Di Giorgio', 251.00, 1, 30, '2013-01-14', 'tiagoadm'),
(92, 1, 'acerto', 1033.46, 1, 30, '2013-01-10', 'tiagoadm'),
(93, 4, 'Clei - Di Giorgio', 608.00, 2, 30, '2013-02-10', 'tiagoadm'),
(94, 6, 'imposto', 141.14, 1, 30, '2013-01-21', 'tiagoadm'),
(95, 1, 'celular', 30.00, 1, 30, '2013-01-12', 'tiagoadm'),
(96, 1, 'cello - Jesse', 250.00, 1, 30, '2013-01-12', 'tiagoadm'),
(97, 6, 'Golden ', 398.76, 1, 30, '2013-01-23', 'tiagoadm'),
(98, 6, 'Golden ', 3264.21, 3, 30, '2013-02-09', 'tiagoadm'),
(99, 1, 'acerto', 13.00, 1, 30, '2013-01-15', 'tiagoadm'),
(100, 1, 'tarifa boleto', 37.92, 1, 30, '2013-01-16', 'tiagoadm'),
(101, 1, 'taxa bancaria', 37.00, 1, 30, '2013-01-16', 'tiagoadm'),
(102, 6, 'internet', 120.00, 1, 30, '2013-01-15', 'tiagoadm'),
(103, 1, 'taxa boleto', 54.00, 1, 30, '2013-01-17', 'tiagoadm'),
(104, 1, 'Clei - Di Giorgio', 117.50, 1, 30, '2013-01-18', 'tiagoadm'),
(105, 1, 'INSS', 146.84, 1, 30, '2013-01-18', 'tiagoadm'),
(106, 1, 'trompete eagle', 300.00, 1, 30, '2013-01-19', 'tiagoadm'),
(107, 1, 'clarinete', 200.00, 1, 30, '2013-01-21', 'tiagoadm'),
(108, 1, 'doc', 7.80, 1, 30, '2013-01-25', 'tiagoadm'),
(109, 1, 'taxa bancaria', 7.90, 1, 30, '2013-01-28', 'tiagoadm'),
(110, 1, 'acerto', 253.66, 1, 30, '2013-01-28', 'tiagoadm'),
(111, 1, 'agua', 6.00, 1, 30, '2013-01-29', 'tiagoadm'),
(112, 1, 'estojo viola devoluç&#227;o', 120.00, 1, 30, '2013-01-29', 'tiagoadm'),
(113, 1, 'Izzo', 1162.59, 1, 30, '2013-01-30', 'tiagoadm'),
(114, 1, 'Face', 36.00, 1, 30, '2013-01-31', 'tiagoadm'),
(115, 1, 'Andre', 60.00, 1, 30, '2013-02-01', 'tiagoadm'),
(116, 1, 'andre', 8.00, 1, 30, '2013-02-01', 'tiagoadm'),
(117, 1, 'Internet', 70.00, 1, 30, '2013-02-10', 'tiagoadm'),
(118, 6, 'Pasqualino', 235.00, 1, 30, '2013-02-20', 'tiagoadm'),
(119, 1, 'Clei - Di Giorgio', 150.00, 1, 30, '2013-02-05', 'tiagoadm'),
(120, 2, 'Clei - Di Giorgio', 145.44, 2, 30, '2013-03-06', 'tiagoadm'),
(121, 1, 'sax-guilherme', 500.00, 1, 30, '2013-02-08', 'tiagoadm'),
(122, 6, 'goldem guitarra', 86.62, 1, 30, '2013-02-19', 'tiagoadm'),
(123, 6, 'goldem guitarra', 354.50, 1, 30, '2013-03-01', 'tiagoadm'),
(124, 6, 'goldem guitarra', 354.50, 1, 30, '2013-03-31', 'tiagoadm'),
(125, 6, 'favorita', 1440.00, 6, 30, '2013-02-10', 'tiagoadm'),
(126, 1, 'evento', 115.00, 1, 30, '2013-02-08', 'tiagoadm'),
(127, 1, 'taxa bancaria', 5.40, 1, 30, '2013-02-14', 'tiagoadm'),
(128, 1, 'tarifa boleto', 48.60, 1, 30, '2013-02-14', 'tiagoadm'),
(129, 6, 'imposto', 125.40, 1, 30, '2013-02-20', 'tiagoadm'),
(130, 1, 'ALIMENTAÇ&#195;O', 10.00, 1, 30, '2013-02-18', 'tiagoadm'),
(131, 6, 'GS', 149.16, 1, 30, '2013-02-19', 'tiagoadm'),
(132, 1, 'limpeza', 13.30, 1, 30, '2013-02-20', 'tiagoadm'),
(133, 6, 'Freesax', 497.00, 1, 30, '2013-03-11', 'tiagoadm'),
(134, 6, 'fama', 400.30, 1, 30, '2013-03-16', 'tiagoadm'),
(135, 6, 'Energia', 156.13, 1, 30, '2013-02-26', 'tiagoadm'),
(136, 6, 'internet', 70.00, 1, 30, '2013-03-10', 'tiagoadm'),
(137, 6, 'Arwel', 610.08, 1, 30, '2013-03-16', 'tiagoadm'),
(138, 3, 'Rava - Cart&#227;o', 99.00, 1, 30, '2013-04-10', 'tiagoadm'),
(139, 6, 'cart&#227;o tiago', 8.12, 1, 30, '2013-03-10', 'tiagoadm'),
(140, 6, 'telefone', 26.40, 1, 30, '2013-03-15', 'tiagoadm'),
(141, 6, 'Pasqualino', 235.00, 1, 30, '2013-03-20', 'tiagoadm'),
(142, 6, 'imposto', 149.16, 1, 30, '2013-03-20', 'tiagoadm'),
(143, 1, 'celular', 12.00, 1, 30, '2013-03-18', 'tiagoadm'),
(144, 6, 'imposto', 74.25, 1, 30, '2013-03-21', 'tiagoadm'),
(145, 1, 'limpeza', 14.00, 1, 30, '2013-03-19', 'tiagoadm'),
(146, 6, 'Energia', 119.08, 1, 30, '2013-04-03', 'tiagoadm'),
(147, 6, 'internet', 70.00, 1, 30, '2013-04-10', 'tiagoadm'),
(148, 6, 'imposto', 35.70, 1, 30, '2013-04-22', 'tiagoadm'),
(149, 6, 'imposto', 149.16, 1, 30, '2013-04-19', 'tiagoadm'),
(150, 6, 'Pasqualino', 235.00, 1, 30, '2013-04-20', 'tiagoadm'),
(151, 1, 'Bradesco', 1468.30, 10, 30, '2013-06-10', 'tiagoadm'),
(152, 1, 'izzo', 1644.20, 1, 30, '2013-04-23', 'tiagoadm'),
(153, 6, 'Prefeitura', 166.05, 1, 30, '2013-05-10', 'tiagoadm'),
(154, 6, 'internet', 70.00, 1, 30, '2013-05-10', 'tiagoadm'),
(155, 6, 'internet', 70.00, 1, 30, '2013-06-10', 'tiagoadm'),
(156, 6, 'Pasqualino', 235.00, 1, 30, '2013-06-20', 'tiagoadm'),
(157, 6, 'arwel', 499.70, 1, 30, '2013-06-02', 'tiagoadm');

-- --------------------------------------------------------

--
-- Estrutura para tabela `empresa`
--

CREATE TABLE IF NOT EXISTS `empresa` (
`empresaID` int(11) NOT NULL,
  `nomeFantasia` varchar(50) NOT NULL,
  `razaoSocial` varchar(80) NOT NULL,
  `ramo` varchar(30) NOT NULL,
  `cnpj` varchar(20) NOT NULL,
  `inscEstadual` varchar(20) NOT NULL,
  `inscMunicipal` varchar(20) NOT NULL,
  `cep` varchar(20) NOT NULL,
  `rua` varchar(50) NOT NULL,
  `numero` varchar(10) NOT NULL,
  `bairro` varchar(30) NOT NULL,
  `cidade` varchar(30) NOT NULL,
  `uf` varchar(2) NOT NULL,
  `complemento` varchar(200) NOT NULL,
  `responsavel` varchar(50) NOT NULL,
  `telefone` varchar(20) NOT NULL,
  `fax` varchar(20) NOT NULL,
  `celular` varchar(20) NOT NULL,
  `operadora` varchar(20) NOT NULL,
  `email` varchar(100) NOT NULL,
  `site` varchar(100) NOT NULL,
  `data` timestamp NOT NULL DEFAULT CURRENT_TIMESTAMP ON UPDATE CURRENT_TIMESTAMP,
  `empresaAtiva` varchar(1) NOT NULL DEFAULT 'S'
) ENGINE=InnoDB  DEFAULT CHARSET=latin1 AUTO_INCREMENT=2 ;

--
-- Fazendo dump de dados para tabela `empresa`
--

INSERT INTO `empresa` (`empresaID`, `nomeFantasia`, `razaoSocial`, `ramo`, `cnpj`, `inscEstadual`, `inscMunicipal`, `cep`, `rua`, `numero`, `bairro`, `cidade`, `uf`, `complemento`, `responsavel`, `telefone`, `fax`, `celular`, `operadora`, `email`, `site`, `data`, `empresaAtiva`) VALUES
(1, 'Ton Maior', 'Ulisses & Silva Instrumentos Musicais LTDA - ME', 'Instrumentos Musicais', '16.880.633/0001-71', '712055098112', '', '13225000', 'Avenida: Bertioga', '1328', 'Vila Tupi', 'Várzea Paulista', 'SP', '', 'Edimilson e Tiago', '(11) 7395-2391', '', '(11) 9745-0402', 'VIVO', 'tiago@tonmaior.com.br', 'www.tonmaior.com.br', '2012-09-26 12:19:43', 'S');

-- --------------------------------------------------------

--
-- Estrutura para tabela `emprestimo`
--

CREATE TABLE IF NOT EXISTS `emprestimo` (
`emprestimoID` int(11) NOT NULL,
  `livroID` int(11) NOT NULL,
  `usuarioID` int(11) NOT NULL,
  `empresaID` int(11) NOT NULL,
  `valor` float(10,2) NOT NULL,
  `contapagarID` int(11) NOT NULL,
  `favorecido` varchar(100) NOT NULL,
  `data` timestamp NOT NULL DEFAULT CURRENT_TIMESTAMP ON UPDATE CURRENT_TIMESTAMP
) ENGINE=InnoDB  DEFAULT CHARSET=latin1 AUTO_INCREMENT=2 ;

--
-- Fazendo dump de dados para tabela `emprestimo`
--

INSERT INTO `emprestimo` (`emprestimoID`, `livroID`, `usuarioID`, `empresaID`, `valor`, `contapagarID`, `favorecido`, `data`) VALUES
(1, 3, 2, 1, 1468.30, 151, 'Bradesco', '2013-04-23 16:09:41');

-- --------------------------------------------------------

--
-- Estrutura para tabela `estoque`
--

CREATE TABLE IF NOT EXISTS `estoque` (
`estoqueID` int(11) NOT NULL,
  `fornecedorID` int(11) NOT NULL,
  `produtoID` int(11) NOT NULL,
  `quantidade` int(11) NOT NULL,
  `precoCusto` float(10,2) NOT NULL,
  `preco` float(10,2) NOT NULL,
  `lucro` varchar(10) NOT NULL,
  `unidade` varchar(2) NOT NULL,
  `data` timestamp NOT NULL DEFAULT CURRENT_TIMESTAMP ON UPDATE CURRENT_TIMESTAMP,
  `usuario` varchar(50) NOT NULL
) ENGINE=InnoDB  DEFAULT CHARSET=latin1 AUTO_INCREMENT=388 ;

--
-- Fazendo dump de dados para tabela `estoque`
--

INSERT INTO `estoque` (`estoqueID`, `fornecedorID`, `produtoID`, `quantidade`, `precoCusto`, `preco`, `lucro`, `unidade`, `data`, `usuario`) VALUES
(1, 2, 1, 0, 29.70, 53.99, '81.78', 'UN', '2012-09-26 22:31:01', 'tiagoadm'),
(2, 2, 2, 0, 29.70, 53.99, '81.78', 'UN', '2012-09-26 22:32:25', 'tiagoadm'),
(3, 2, 3, 0, 29.70, 53.99, '81.78', 'UN', '2012-09-26 22:34:12', 'tiagoadm'),
(4, 2, 4, 0, 29.70, 53.99, '81.78', 'UN', '2012-09-26 22:36:10', 'tiagoadm'),
(5, 2, 5, 0, 14.04, 26.09, '85.83', 'UN', '2012-09-26 22:38:17', 'tiagoadm'),
(6, 2, 6, 0, 4.05, 8.09, '99.75', 'UN', '2012-09-26 22:41:00', 'tiagoadm'),
(7, 2, 7, 0, 12.60, 23.39, '85.63', 'UN', '2012-09-26 22:42:51', 'tiagoadm'),
(8, 2, 8, 0, 24.75, 44.99, '81.78', 'UN', '2012-09-26 22:44:30', 'tiagoadm'),
(9, 2, 9, 0, 8.10, 15.29, '88.77', 'UN', '2012-09-26 22:46:17', 'tiagoadm'),
(10, 2, 10, 0, 9.72, 17.99, '85.08', 'UN', '2012-09-26 22:47:47', 'tiagoadm'),
(11, 2, 11, 0, 0.32, 0.70, '118.75', 'UN', '2012-09-26 22:49:26', 'tiagoadm'),
(12, 1, 12, 0, 545.70, 642.02, '17.65', 'UN', '2012-09-26 22:54:46', 'tiagoadm'),
(13, 1, 13, 0, 591.60, 696.02, '17.65', 'UN', '2012-09-26 22:57:10', 'tiagoadm'),
(14, 1, 14, 0, 1401.65, 1649.04, '17.65', 'UN', '2012-09-26 22:59:04', 'tiagoadm'),
(15, 1, 15, 0, 1648.15, 1939.05, '17.65', 'UN', '2012-09-26 23:01:00', 'tiagoadm'),
(16, 1, 16, 0, 2155.60, 2536.06, '17.65', 'UN', '2012-09-26 23:02:40', 'tiagoadm'),
(17, 1, 17, 0, 2378.30, 2798.07, '17.65', 'UN', '2012-09-26 23:04:34', 'tiagoadm'),
(18, 1, 18, 0, 538.90, 634.02, '17.65', 'UN', '2012-09-26 23:13:52', 'tiagoadm'),
(19, 3, 19, 0, 16.79, 31.00, '84.63', 'UN', '2012-09-29 14:04:20', 'tiagoadm'),
(20, 3, 20, 0, 8.27, 14.99, '81.26', 'UN', '2012-09-29 14:07:48', 'tiagoadm'),
(21, 3, 21, 0, 7.56, 13.99, '85.05', 'UN', '2012-09-29 14:10:16', 'tiagoadm'),
(22, 3, 22, 0, 8.75, 15.99, '82.74', 'UN', '2012-09-29 14:12:17', 'tiagoadm'),
(23, 3, 23, 0, 10.40, 18.99, '82.60', 'UN', '2012-09-29 14:15:47', 'tiagoadm'),
(24, 3, 24, 0, 12.64, 22.99, '81.88', 'UN', '2012-09-29 14:17:40', 'tiagoadm'),
(25, 3, 25, 0, 12.76, 23.50, '84.17', 'UN', '2012-09-29 14:22:03', 'tiagoadm'),
(26, 3, 26, 0, 9.30, 16.99, '82.69', 'UN', '2012-09-29 14:23:55', 'tiagoadm'),
(27, 3, 27, 0, 10.11, 18.25, '80.51', 'UN', '2012-09-29 14:25:29', 'tiagoadm'),
(28, 3, 28, 0, 10.21, 18.50, '81.19', 'UN', '2012-09-29 14:27:46', 'tiagoadm'),
(29, 3, 29, 0, 43.01, 77.99, '81.33', 'UN', '2012-09-29 14:30:52', 'tiagoadm'),
(30, 3, 30, 0, 48.55, 87.99, '81.24', 'UN', '2012-09-29 14:33:00', 'tiagoadm'),
(31, 3, 31, 0, 17.09, 30.99, '81.33', 'UN', '2012-09-29 14:37:59', 'tiagoadm'),
(32, 3, 32, 0, 19.66, 35.60, '81.08', 'UN', '2012-09-29 14:41:26', 'tiagoadm'),
(33, 3, 33, 0, 4.43, 8.00, '80.59', 'UN', '2012-09-29 14:44:26', 'tiagoadm'),
(34, 3, 34, 0, 4.43, 8.00, '80.59', 'UN', '2012-09-29 14:46:20', 'tiagoadm'),
(35, 3, 35, 0, 3.39, 6.20, '82.89', 'UN', '2012-09-29 14:48:29', 'tiagoadm'),
(36, 3, 36, 0, 6.03, 10.99, '82.26', 'UN', '2012-09-29 14:50:20', 'tiagoadm'),
(37, 3, 37, 0, 8.09, 14.70, '81.71', 'UN', '2012-09-29 14:53:05', 'tiagoadm'),
(38, 3, 38, 0, 6.91, 12.50, '80.90', 'UN', '2012-09-29 14:55:08', 'tiagoadm'),
(39, 3, 39, 0, 13.58, 24.60, '81.15', 'UN', '2012-09-29 14:57:31', 'tiagoadm'),
(40, 3, 40, 0, 45.58, 82.40, '80.78', 'UN', '2012-09-29 15:00:03', 'tiagoadm'),
(41, 3, 41, 0, 57.97, 105.00, '81.13', 'UN', '2012-09-29 15:02:07', 'tiagoadm'),
(42, 3, 42, 0, 11.87, 21.50, '81.13', 'UN', '2012-09-29 15:04:43', 'tiagoadm'),
(43, 3, 43, 0, 12.44, 22.50, '80.87', 'UN', '2012-09-29 15:06:24', 'tiagoadm'),
(44, 3, 44, 0, 4.93, 8.99, '82.35', 'UN', '2012-09-29 15:07:53', 'tiagoadm'),
(45, 3, 45, 0, 14.84, 26.80, '80.59', 'UN', '2012-09-29 15:11:52', 'tiagoadm'),
(46, 3, 46, 0, 1.03, 1.90, '84.47', 'UN', '2012-09-29 15:15:12', 'tiagoadm'),
(47, 3, 47, 0, 3.53, 6.40, '81.30', 'UN', '2012-09-29 15:18:17', 'tiagoadm'),
(48, 3, 48, 0, 22.60, 40.90, '80.97', 'UN', '2012-09-29 15:20:14', 'tiagoadm'),
(49, 3, 49, 0, 17.89, 32.40, '81.11', 'UN', '2012-09-29 15:22:17', 'tiagoadm'),
(50, 3, 50, 0, 2.68, 5.00, '86.57', 'UN', '2012-09-29 15:25:03', 'tiagoadm'),
(51, 3, 51, 0, 131.83, 240.00, '82.05', 'UN', '2012-09-29 15:27:03', 'tiagoadm'),
(52, 3, 52, 0, 2.26, 4.10, '81.42', 'UN', '2012-09-29 15:31:39', 'tiagoadm'),
(53, 3, 53, 0, 7.79, 14.10, '81.00', 'UN', '2012-09-29 15:33:25', 'tiagoadm'),
(54, 3, 54, 0, 34.70, 62.99, '81.53', 'UN', '2012-09-29 15:35:45', 'tiagoadm'),
(55, 3, 55, 0, 32.73, 60.00, '83.32', 'UN', '2012-09-29 15:38:22', 'tiagoadm'),
(56, 3, 56, 0, 0.53, 1.00, '88.68', 'UN', '2012-09-29 15:40:05', 'tiagoadm'),
(57, 4, 57, 0, 295.00, 533.01, '80.68', 'UN', '2012-10-01 16:48:03', 'tiagoadm'),
(58, 4, 58, 0, 126.00, 230.00, '82.54', 'UN', '2012-10-01 16:50:57', 'tiagoadm'),
(59, 4, 59, 0, 27.00, 50.00, '85.19', 'UN', '2012-10-01 16:52:12', 'tiagoadm'),
(60, 4, 60, 0, 12.00, 22.00, '83.33', 'UN', '2012-10-01 16:53:36', 'tiagoadm'),
(61, 4, 58, 0, 126.00, 230.00, '82.54', 'UN', '2012-10-03 19:18:42', 'tiagoadm'),
(62, 2, 5, 0, 14.04, 26.09, '85.83', 'UN', '2012-10-04 18:17:15', 'tiagoadm'),
(63, 5, 61, 0, 18.31, 36.00, '96.59', 'UN', '2012-10-04 18:17:27', 'tiagoadm'),
(64, 5, 62, 0, 15.26, 30.00, '96.59', 'UN', '2012-10-04 18:19:08', 'tiagoadm'),
(65, 5, 63, 0, 25.61, 50.00, '95.20', 'UN', '2012-10-04 18:21:52', 'tiagoadm'),
(66, 5, 64, 0, 8.56, 16.50, '92.76', 'UN', '2012-10-04 18:23:46', 'tiagoadm'),
(67, 5, 65, 0, 47.00, 90.00, '91.49', 'UN', '2012-10-04 18:26:39', 'tiagoadm'),
(68, 5, 66, 0, 63.00, 122.00, '93.65', 'UN', '2012-10-04 18:28:03', 'tiagoadm'),
(69, 3, 30, 0, 48.55, 87.99, '81.24', 'UN', '2012-10-05 13:35:10', 'tiagoadm'),
(70, 6, 71, 0, 1797.00, 2499.99, '39.12', 'UN', '2012-10-09 16:23:52', 'tiagoadm'),
(71, 6, 72, 0, 2545.50, 3500.06, '37.50', 'UN', '2012-10-09 16:24:23', 'tiagoadm'),
(72, 3, 28, 0, 10.21, 18.50, '81.19', 'UN', '2012-10-11 18:43:38', 'tiagoadm'),
(73, 3, 73, 0, 14.00, 21.00, '50.00', 'UN', '2012-10-11 18:45:36', 'tiagoadm'),
(74, 3, 75, 0, 104.00, 130.00, '25.00', 'UN', '2012-10-11 18:48:24', 'tiagoadm'),
(75, 3, 76, 0, 260.00, 360.00, '38.46', 'UN', '2012-10-11 18:52:09', 'tiagoadm'),
(76, 3, 74, 0, 23.00, 33.00, '43.48', 'UN', '2012-10-11 19:56:31', 'tiagoadm'),
(77, 7, 77, 0, 6.17, 10.00, '62.07', 'UN', '2012-10-11 19:56:41', 'tiagoadm'),
(78, 7, 78, 0, 26.46, 41.00, '54.95', 'UN', '2012-10-11 19:58:23', 'tiagoadm'),
(79, 7, 79, 0, 26.46, 41.00, '54.95', 'UN', '2012-10-11 20:00:09', 'tiagoadm'),
(80, 7, 80, 0, 8.82, 14.00, '58.73', 'UN', '2012-10-11 20:03:59', 'tiagoadm'),
(81, 7, 82, 0, 6.76, 10.32, '52.66', 'UN', '2012-10-11 20:08:28', 'tiagoadm'),
(82, 7, 81, 0, 8.72, 13.50, '54.82', 'UN', '2012-10-11 20:08:41', 'tiagoadm'),
(83, 7, 83, 0, 23.42, 36.00, '53.71', 'UN', '2012-10-11 20:11:18', 'tiagoadm'),
(84, 7, 84, 0, 10.78, 16.50, '53.06', 'UN', '2012-10-11 20:15:47', 'tiagoadm'),
(85, 7, 84, 0, 10.78, 16.50, '53.06', 'UN', '2012-10-11 20:16:07', 'tiagoadm'),
(86, 7, 84, 0, 10.78, 16.50, '53.06', 'UN', '2012-10-11 20:16:26', 'tiagoadm'),
(87, 7, 85, 0, 128.38, 200.00, '55.79', 'UN', '2012-10-11 20:17:43', 'tiagoadm'),
(88, 7, 86, 0, 17.84, 28.00, '56.95', 'UN', '2012-10-11 20:19:32', 'tiagoadm'),
(89, 7, 87, 0, 8.82, 14.00, '58.73', 'UN', '2012-10-11 20:22:07', 'tiagoadm'),
(90, 3, 73, 0, 14.00, 21.00, '50.00', 'UN', '2012-10-11 20:24:04', 'tiagoadm'),
(91, 1, 88, 0, 765.00, 900.00, '17.65', 'UN', '2012-10-13 13:14:15', 'tiagoadm'),
(92, 1, 89, 0, 1275.00, 1500.00, '17.65', 'UN', '2012-10-13 13:16:03', 'tiagoadm'),
(93, 1, 90, 0, 3230.00, 3800.00, '17.65', 'UN', '2012-10-13 13:17:25', 'tiagoadm'),
(94, 1, 91, 0, 272.00, 320.00, '17.65', 'UN', '2012-10-13 13:23:54', 'tiagoadm'),
(95, 1, 92, 0, 435.20, 512.00, '17.65', 'UN', '2012-10-13 13:25:32', 'tiagoadm'),
(96, 5, 93, 0, 2.50, 3.50, '40.00', 'UN', '2012-10-13 13:35:40', 'tiagoadm'),
(97, 1, 94, 0, 187.00, 300.00, '60.43', 'UN', '2012-10-16 15:16:14', 'tiagoadm'),
(98, 1, 95, 0, 14.00, 20.00, '42.86', 'UN', '2012-10-16 15:16:26', 'tiagoadm'),
(99, 1, 96, 0, 14.00, 20.00, '42.86', 'UN', '2012-10-16 15:16:41', 'tiagoadm'),
(100, 1, 97, 0, 12.00, 17.50, '45.83', 'UN', '2012-10-16 15:16:51', 'tiagoadm'),
(101, 1, 98, 0, 14.00, 20.00, '42.86', 'UN', '2012-10-16 15:17:03', 'tiagoadm'),
(102, 1, 100, 0, 11.00, 16.00, '45.45', 'UN', '2012-10-16 15:17:24', 'tiagoadm'),
(103, 1, 99, 0, 14.00, 20.00, '42.86', 'UN', '2012-10-16 15:17:38', 'tiagoadm'),
(104, 4, 60, 0, 12.00, 20.00, '66.67', 'UN', '2012-10-17 17:13:55', 'tiagoadm'),
(105, 1, 101, 0, 180.00, 180.00, '0.00', 'UN', '2012-10-20 14:12:15', 'tiagoadm'),
(106, 8, 102, 0, 4428.00, 6500.00, '46.79', 'UN', '2012-10-20 14:32:11', 'tiagoadm'),
(107, 8, 103, 0, 821.00, 1200.00, '46.16', 'UN', '2012-10-20 14:32:25', 'tiagoadm'),
(108, 3, 42, 0, 11.87, 21.50, '81.13', 'UN', '2012-10-21 13:23:24', 'edimilson'),
(109, 3, 19, 0, 16.79, 26.00, '54.85', 'UN', '2012-10-29 12:40:37', 'tiagoadm'),
(110, 4, 58, 0, 130.00, 200.00, '53.85', 'UN', '2012-11-06 14:56:47', 'tiagoadm'),
(111, 4, 104, 0, 34.00, 50.00, '47.06', 'UN', '2012-11-06 14:58:11', 'tiagoadm'),
(112, 4, 60, 0, 12.00, 20.00, '66.67', 'UN', '2012-11-07 14:12:06', 'tiagoadm'),
(113, 4, 59, 0, 27.00, 40.00, '48.15', 'UN', '2012-11-07 19:25:18', 'tiagoadm'),
(114, 8, 102, 0, 4428.00, 5850.00, '32.11', 'UN', '2012-11-08 14:17:12', 'tiagoadm'),
(115, 3, 106, 0, 679.76, 1000.00, '47.11', 'UN', '2012-11-09 19:10:52', 'tiagoadm'),
(116, 3, 105, 0, 563.60, 800.00, '41.94', 'UN', '2012-11-09 19:11:03', 'tiagoadm'),
(117, 1, 107, 0, 510.00, 600.00, '17.65', 'UN', '2012-11-10 12:38:19', 'tiagoadm'),
(118, 1, 108, 0, 6.00, 10.00, '66.67', 'UN', '2012-11-14 19:23:04', 'tiagoadm'),
(119, 7, 80, 0, 8.82, 14.00, '58.73', 'UN', '2012-11-16 11:50:09', 'tiagoadm'),
(120, 7, 81, 0, 8.72, 13.50, '54.82', 'UN', '2012-11-16 11:51:38', 'tiagoadm'),
(121, 3, 43, 0, 12.44, 22.50, '80.87', 'UN', '2012-11-16 11:53:21', 'tiagoadm'),
(122, 7, 80, 0, 8.82, 14.00, '58.73', 'UN', '2012-11-16 11:58:46', 'tiagoadm'),
(123, 1, 109, 0, 639.00, 880.00, '37.72', 'UN', '2012-11-20 14:08:26', 'tiagoadm'),
(124, 3, 110, 0, 86.35, 120.00, '38.97', 'UN', '2012-11-20 14:21:49', 'tiagoadm'),
(125, 7, 111, 0, 173.56, 280.00, '61.33', 'UN', '2012-11-20 16:05:11', 'tiagoadm'),
(126, 3, 112, 0, 34.00, 50.00, '47.06', 'UN', '2012-11-24 11:51:40', 'tiagoadm'),
(127, 3, 113, 0, 11.50, 16.00, '39.13', 'UN', '2012-11-24 11:53:46', 'tiagoadm'),
(128, 3, 114, 0, 15.70, 20.00, '27.39', 'UN', '2012-11-24 12:02:58', 'tiagoadm'),
(129, 3, 115, 0, 20.75, 29.00, '39.76', 'UN', '2012-11-24 12:15:11', 'tiagoadm'),
(130, 3, 116, 0, 20.75, 29.00, '39.76', 'UN', '2012-11-24 12:18:15', 'tiagoadm'),
(131, 3, 117, 0, 15.10, 20.00, '32.45', 'UN', '2012-11-24 12:22:11', 'tiagoadm'),
(132, 3, 118, 0, 15.22, 20.00, '31.41', 'UN', '2012-11-24 12:40:43', 'tiagoadm'),
(133, 3, 119, 0, 70.95, 100.00, '40.94', 'UN', '2012-11-24 12:42:39', 'tiagoadm'),
(134, 3, 120, 0, 32.00, 44.00, '37.50', 'UN', '2012-11-24 12:45:01', 'tiagoadm'),
(135, 3, 121, 0, 26.00, 35.00, '34.62', 'UN', '2012-11-24 12:53:10', 'tiagoadm'),
(136, 3, 122, 0, 3.71, 6.00, '61.73', 'UN', '2012-11-24 12:56:00', 'tiagoadm'),
(137, 3, 56, 0, 0.53, 1.00, '88.68', 'UN', '2012-11-24 13:08:52', 'tiagoadm'),
(138, 3, 123, 0, 60.00, 1.00, '-98.33', 'UN', '2012-11-24 13:10:31', 'tiagoadm'),
(139, 3, 42, 0, 11.87, 21.50, '81.13', 'UN', '2012-11-24 13:12:08', 'tiagoadm'),
(140, 3, 124, 0, 1.05, 1.50, '42.86', 'UN', '2012-11-24 13:15:56', 'tiagoadm'),
(141, 3, 125, 0, 1.05, 1.50, '42.86', 'UN', '2012-11-24 13:17:40', 'tiagoadm'),
(142, 3, 126, 0, 1.05, 1.50, '42.86', 'UN', '2012-11-24 13:21:52', 'tiagoadm'),
(143, 3, 127, 0, 1.05, 1.50, '42.86', 'UN', '2012-11-24 13:23:09', 'tiagoadm'),
(144, 3, 128, 0, 1.05, 1.50, '42.86', 'UN', '2012-11-24 13:24:15', 'tiagoadm'),
(145, 3, 129, 0, 1.05, 1.50, '42.86', 'UN', '2012-11-24 13:25:45', 'tiagoadm'),
(146, 3, 130, 0, 2.53, 4.00, '58.10', 'UN', '2012-11-24 13:27:39', 'tiagoadm'),
(147, 3, 131, 0, 2.53, 4.00, '58.10', 'UN', '2012-11-24 13:29:31', 'tiagoadm'),
(148, 3, 132, 0, 2.53, 4.00, '58.10', 'UN', '2012-11-24 13:31:19', 'tiagoadm'),
(149, 3, 133, 0, 14.40, 20.00, '38.89', 'UN', '2012-11-24 13:33:01', 'tiagoadm'),
(150, 3, 134, 0, 20.80, 29.00, '39.42', 'UN', '2012-11-24 13:35:51', 'tiagoadm'),
(151, 3, 135, 0, 19.50, 28.00, '43.59', 'UN', '2012-11-24 13:48:51', 'tiagoadm'),
(152, 3, 136, 0, 74.00, 102.00, '37.84', 'UN', '2012-11-24 13:52:17', 'tiagoadm'),
(153, 3, 137, 0, 25.00, 35.00, '40.00', 'CX', '2012-11-24 13:57:04', 'tiagoadm'),
(154, 3, 138, 0, 9.00, 15.00, '66.67', 'CX', '2012-11-24 14:01:15', 'tiagoadm'),
(155, 3, 139, 0, 3.60, 5.00, '38.89', 'UN', '2012-11-24 14:04:51', 'tiagoadm'),
(156, 3, 140, 0, 1.00, 1.50, '50.00', 'UN', '2012-11-24 14:11:12', 'tiagoadm'),
(157, 3, 141, 0, 1.00, 1.50, '50.00', 'UN', '2012-11-24 14:12:51', 'tiagoadm'),
(158, 3, 142, 0, 1.30, 1.80, '38.46', 'UN', '2012-11-24 14:14:48', 'tiagoadm'),
(159, 7, 143, 0, 13.40, 20.00, '49.25', 'CX', '2012-11-26 14:27:03', 'tiagoadm'),
(160, 7, 144, 0, 37.00, 50.00, '35.14', 'UN', '2012-11-26 14:31:14', 'tiagoadm'),
(161, 7, 145, 0, 30.90, 42.00, '35.92', 'UN', '2012-11-26 14:42:04', 'tiagoadm'),
(162, 7, 146, 0, 10.82, 16.00, '47.87', 'UN', '2012-11-26 14:52:03', 'tiagoadm'),
(163, 7, 147, 0, 10.90, 16.00, '46.79', 'UN', '2012-11-26 14:57:02', 'tiagoadm'),
(164, 9, 148, 0, 131.50, 190.00, '44.49', 'UN', '2012-11-30 14:22:05', 'tiagoadm'),
(165, 9, 149, 0, 104.50, 160.00, '53.11', 'UN', '2012-11-30 14:33:29', 'tiagoadm'),
(166, 9, 150, 0, 39.50, 60.00, '51.90', 'UN', '2012-11-30 14:37:34', 'tiagoadm'),
(167, 9, 151, 0, 33.00, 50.00, '51.52', 'UN', '2012-11-30 14:40:10', 'tiagoadm'),
(168, 9, 152, 0, 27.50, 41.00, '49.09', 'UN', '2012-11-30 14:43:05', 'tiagoadm'),
(169, 9, 153, 0, 2.64, 10.00, '278.79', 'UN', '2012-11-30 14:45:53', 'tiagoadm'),
(170, 9, 154, 0, 2.64, 10.00, '278.79', 'CX', '2012-11-30 14:49:44', 'tiagoadm'),
(171, 9, 155, 0, 2.64, 10.00, '278.79', 'CX', '2012-11-30 14:50:33', 'tiagoadm'),
(172, 2, 3, 0, 29.70, 45.00, '51.52', 'UN', '2012-11-30 14:51:14', 'tiagoadm'),
(173, 9, 156, 0, 9.00, 13.50, '50.00', 'UN', '2012-11-30 15:04:26', 'tiagoadm'),
(174, 9, 157, 0, 6.00, 10.00, '66.67', 'UN', '2012-11-30 15:34:59', 'tiagoadm'),
(175, 9, 158, 0, 5.50, 9.00, '63.64', 'UN', '2012-11-30 15:36:52', 'tiagoadm'),
(176, 9, 159, 0, 6.00, 10.00, '66.67', 'UN', '2012-11-30 15:40:08', 'tiagoadm'),
(177, 1, 99, 0, 7.00, 11.00, '57.14', 'UN', '2012-11-30 15:41:52', 'tiagoadm'),
(178, 9, 160, 0, 7.00, 11.00, '57.14', 'UN', '2012-11-30 15:43:16', 'tiagoadm'),
(179, 7, 85, 0, 138.03, 200.00, '44.90', 'UN', '2012-12-01 12:11:59', 'tiagoadm'),
(180, 7, 161, 0, 41.20, 60.00, '45.63', 'UN', '2012-12-01 12:13:38', 'tiagoadm'),
(181, 7, 162, 0, 13.39, 20.00, '49.37', 'CX', '2012-12-01 12:19:22', 'tiagoadm'),
(182, 7, 163, 0, 13.39, 20.00, '49.37', 'CX', '2012-12-01 12:23:41', 'tiagoadm'),
(183, 7, 111, 0, 173.56, 280.00, '61.33', 'UN', '2012-12-01 12:25:20', 'tiagoadm'),
(184, 7, 164, 0, 29.00, 45.00, '55.17', 'UN', '2012-12-03 20:24:05', 'tiagoadm'),
(185, 4, 166, 0, 13.00, 18.00, '38.46', 'UN', '2012-12-04 12:59:34', 'tiagoadm'),
(186, 4, 167, 0, 15.00, 21.00, '40.00', 'UN', '2012-12-04 13:00:49', 'tiagoadm'),
(187, 4, 168, 0, 11.00, 16.00, '45.45', 'UN', '2012-12-04 13:43:40', 'tiagoadm'),
(188, 4, 169, 0, 13.00, 18.00, '38.46', 'UN', '2012-12-04 13:44:49', 'tiagoadm'),
(189, 10, 165, 0, 485.45, 700.00, '44.20', 'UN', '2012-12-04 13:45:37', 'tiagoadm'),
(190, 3, 137, 0, 25.00, 35.00, '40.00', 'CX', '2012-12-04 18:47:38', 'tiagoadm'),
(191, 2, 3, 0, 29.70, 45.00, '51.52', 'UN', '2012-12-04 18:48:16', 'tiagoadm'),
(192, 3, 42, 0, 11.87, 21.50, '81.13', 'UN', '2012-12-04 18:52:53', 'tiagoadm'),
(193, 2, 10, 0, 9.72, 15.00, '54.32', 'UN', '2012-12-04 19:09:09', 'tiagoadm'),
(194, 2, 170, 0, 29.00, 42.00, '44.83', 'UN', '2012-12-05 16:37:49', 'tiagoadm'),
(195, 2, 171, 0, 28.00, 40.00, '42.86', 'UN', '2012-12-05 16:39:23', 'tiagoadm'),
(196, 2, 172, 0, 22.00, 32.00, '45.45', 'UN', '2012-12-05 16:41:00', 'tiagoadm'),
(197, 2, 173, 0, 12.00, 17.00, '41.67', 'UN', '2012-12-05 16:45:44', 'tiagoadm'),
(198, 2, 174, 0, 12.00, 17.50, '45.83', 'UN', '2012-12-05 16:52:36', 'tiagoadm'),
(199, 2, 175, 0, 22.00, 32.00, '45.45', 'UN', '2012-12-05 17:00:15', 'tiagoadm'),
(200, 2, 176, 0, 22.00, 32.00, '45.45', 'UN', '2012-12-05 17:01:33', 'tiagoadm'),
(201, 2, 177, 0, 28.00, 41.00, '46.43', 'UN', '2012-12-05 17:03:25', 'tiagoadm'),
(202, 2, 178, 0, 24.00, 35.00, '45.83', 'CX', '2012-12-05 17:05:21', 'tiagoadm'),
(203, 2, 179, 0, 8.00, 12.00, '50.00', 'UN', '2012-12-05 17:09:50', 'tiagoadm'),
(204, 2, 180, 0, 8.00, 12.00, '50.00', 'UN', '2012-12-05 17:11:06', 'tiagoadm'),
(205, 2, 181, 0, 8.00, 12.00, '50.00', 'UN', '2012-12-05 17:12:08', 'tiagoadm'),
(206, 2, 182, 0, 8.00, 12.00, '50.00', 'UN', '2012-12-05 17:13:18', 'tiagoadm'),
(207, 4, 183, 0, 130.00, 200.00, '53.85', 'UN', '2012-12-05 17:15:20', 'tiagoadm'),
(208, 4, 184, 0, 169.00, 250.00, '47.93', 'UN', '2012-12-05 17:16:38', 'tiagoadm'),
(209, 4, 185, 0, 25.00, 36.00, '44.00', 'UN', '2012-12-05 17:18:06', 'tiagoadm'),
(210, 4, 186, 0, 32.00, 47.00, '46.88', 'UN', '2012-12-05 17:19:25', 'tiagoadm'),
(211, 7, 187, 0, 500.00, 600.00, '20.00', 'UN', '2012-12-07 17:54:55', 'tiagoadm'),
(212, 9, 159, 0, 12.00, 16.00, '33.33', 'UN', '2012-12-08 16:00:44', 'tiagoadm'),
(213, 4, 188, 0, 15.00, 22.00, '46.67', 'UN', '2012-12-15 14:54:50', 'tiagoadm'),
(214, 4, 189, 0, 15.00, 22.00, '46.67', 'UN', '2012-12-19 16:31:05', 'tiagoadm'),
(215, 4, 184, 0, 169.00, 250.00, '47.93', 'UN', '2012-12-21 15:30:40', 'tiagoadm'),
(216, 4, 190, 0, 14.00, 22.00, '57.14', 'UN', '2012-12-21 15:31:59', 'tiagoadm'),
(217, 7, 191, 0, 25.48, 36.00, '41.29', 'CX', '2012-12-21 15:35:18', 'tiagoadm'),
(218, 7, 192, 0, 10.60, 15.00, '41.51', 'UN', '2012-12-21 15:38:04', 'tiagoadm'),
(219, 7, 193, 0, 8.28, 13.00, '57.00', 'UN', '2012-12-21 15:39:45', 'tiagoadm'),
(220, 7, 194, 0, 7.95, 11.00, '38.36', 'UN', '2012-12-21 15:41:35', 'tiagoadm'),
(221, 7, 143, 0, 13.40, 20.00, '49.25', 'CX', '2012-12-21 15:42:15', 'tiagoadm'),
(222, 7, 163, 0, 13.39, 20.00, '49.37', 'CX', '2012-12-21 15:43:28', 'tiagoadm'),
(223, 7, 195, 0, 13.89, 20.00, '43.99', 'CX', '2012-12-21 15:45:43', 'tiagoadm'),
(224, 7, 162, 0, 13.39, 20.00, '49.37', 'CX', '2012-12-21 15:46:22', 'tiagoadm'),
(225, 7, 83, 0, 23.42, 36.00, '53.71', 'UN', '2012-12-21 15:47:08', 'tiagoadm'),
(226, 11, 196, 0, 10.44, 15.00, '43.68', 'UN', '2012-12-27 12:18:59', 'tiagoadm'),
(227, 11, 197, 0, 17.11, 24.00, '40.27', 'UN', '2012-12-27 12:25:55', 'tiagoadm'),
(228, 3, 116, 0, 14.73, 22.00, '49.36', 'UN', '2012-12-27 12:32:05', 'tiagoadm'),
(229, 11, 198, 0, 17.11, 24.00, '40.27', 'UN', '2012-12-27 12:34:53', 'tiagoadm'),
(230, 11, 199, 0, 20.87, 29.00, '38.96', 'UN', '2012-12-27 12:37:40', 'tiagoadm'),
(231, 11, 200, 0, 0.99, 2.00, '102.02', 'UN', '2012-12-27 12:46:00', 'tiagoadm'),
(232, 11, 201, 0, 1.75, 3.00, '71.43', 'UN', '2012-12-27 12:48:48', 'tiagoadm'),
(233, 11, 202, 0, 1.98, 4.00, '102.02', 'UN', '2012-12-27 12:50:29', 'tiagoadm'),
(234, 3, 20, 0, 9.53, 14.00, '46.90', 'UN', '2012-12-27 12:52:38', 'tiagoadm'),
(235, 3, 22, 0, 10.07, 14.00, '39.03', 'UN', '2012-12-27 12:54:38', 'tiagoadm'),
(236, 11, 203, 0, 37.06, 52.00, '40.31', 'UN', '2012-12-27 12:57:14', 'tiagoadm'),
(237, 11, 204, 0, 29.43, 41.00, '39.31', 'UN', '2012-12-27 12:59:28', 'tiagoadm'),
(238, 4, 57, 0, 295.00, 499.99, '69.49', 'UN', '2012-12-28 14:41:21', 'tiagoadm'),
(239, 4, 184, 0, 169.00, 250.00, '47.93', 'UN', '2013-01-04 19:17:15', 'edimilson'),
(240, 4, 169, 0, 13.00, 18.00, '38.46', 'UN', '2013-01-08 18:56:21', 'tiagoadm'),
(241, 4, 104, 0, 34.00, 50.00, '47.06', 'UN', '2013-01-08 18:58:01', 'tiagoadm'),
(242, 4, 205, 0, 8.50, 12.50, '47.06', 'UN', '2013-01-08 19:22:10', 'tiagoadm'),
(243, 4, 206, 0, 12.00, 18.00, '50.00', 'UN', '2013-01-08 19:25:46', 'tiagoadm'),
(244, 4, 207, 0, 12.00, 18.00, '50.00', 'UN', '2013-01-08 19:27:01', 'tiagoadm'),
(245, 4, 208, 0, 23.50, 35.00, '48.94', 'UN', '2013-01-08 19:29:30', 'tiagoadm'),
(246, 4, 209, 0, 29.00, 45.00, '55.17', 'UN', '2013-01-08 19:31:50', 'tiagoadm'),
(247, 4, 210, 0, 28.00, 40.00, '42.86', 'UN', '2013-01-08 19:33:13', 'tiagoadm'),
(248, 4, 184, 0, 185.00, 270.01, '45.95', 'UN', '2013-01-08 19:34:09', 'tiagoadm'),
(249, 3, 105, 0, 582.98, 900.00, '54.38', 'UN', '2013-01-11 13:44:11', 'tiagoadm'),
(250, 12, 211, 0, 1776.10, 2600.00, '46.39', 'UN', '2013-01-11 14:08:01', 'tiagoadm'),
(251, 12, 212, 0, 360.45, 550.00, '52.59', 'UN', '2013-01-11 14:10:59', 'tiagoadm'),
(252, 12, 213, 0, 360.45, 550.00, '52.59', 'UN', '2013-01-11 14:13:54', 'tiagoadm'),
(253, 4, 214, 0, 32.00, 45.00, '40.63', 'UN', '2013-01-11 19:12:41', 'tiagoadm'),
(254, 1, 215, 0, 318.39, 799.99, '151.26', 'UN', '2013-01-12 12:56:22', 'tiagoadm'),
(255, 4, 208, 0, 23.50, 36.00, '53.19', 'UN', '2013-01-18 13:38:13', 'tiagoadm'),
(256, 12, 216, 0, 300.00, 460.00, '53.33', 'UN', '2013-01-19 13:11:34', 'tiagoadm'),
(257, 3, 21, 0, 7.56, 12.00, '58.73', 'UN', '2013-01-22 13:41:16', 'tiagoadm'),
(258, 13, 220, 0, 25.20, 35.00, '38.89', 'UN', '2013-01-29 13:45:51', 'tiagoadm'),
(259, 1, 218, 0, 130.00, 180.00, '38.46', 'UN', '2013-01-29 14:05:42', 'tiagoadm'),
(260, 13, 221, 0, 245.70, 380.00, '54.66', 'UN', '2013-01-29 16:38:38', 'tiagoadm'),
(261, 3, 110, 0, 86.35, 120.00, '38.97', 'UN', '2013-01-29 17:14:27', 'tiagoadm'),
(262, 3, 24, 0, 12.64, 17.00, '34.49', 'UN', '2013-02-01 13:02:22', 'tiagoadm'),
(263, 7, 222, 0, 11.80, 17.00, '44.07', 'UN', '2013-02-01 13:04:53', 'tiagoadm'),
(264, 12, 213, 0, 360.45, 550.00, '52.59', 'UN', '2013-02-01 13:20:33', 'tiagoadm'),
(265, 12, 224, 0, 408.48, 600.00, '46.89', 'UN', '2013-02-01 13:22:56', 'tiagoadm'),
(266, 7, 223, 0, 8.20, 13.00, '58.54', 'UN', '2013-02-05 16:24:39', 'tiagoadm'),
(267, 4, 189, 0, 10.40, 18.00, '73.08', 'UN', '2013-02-05 19:08:40', 'edimilson'),
(268, 4, 225, 0, 13.44, 22.00, '63.69', 'UN', '2013-02-05 19:14:11', 'edimilson'),
(269, 4, 226, 0, 22.00, 35.00, '59.09', 'UN', '2013-02-05 19:34:24', 'edimilson'),
(270, 4, 226, 0, 22.00, 35.00, '59.09', 'UN', '2013-02-05 19:35:58', 'edimilson'),
(271, 4, 227, 0, 16.50, 28.00, '69.70', 'UN', '2013-02-05 20:12:59', 'edimilson'),
(272, 4, 60, 0, 13.50, 20.00, '48.15', 'UN', '2013-02-06 13:41:59', 'tiagoadm'),
(273, 4, 209, 0, 29.00, 45.00, '55.17', 'UN', '2013-02-06 13:42:44', 'tiagoadm'),
(274, 4, 59, 0, 27.00, 40.00, '48.15', 'UN', '2013-02-06 13:43:52', 'tiagoadm'),
(275, 4, 228, 0, 28.00, 41.00, '46.43', 'UN', '2013-02-06 13:55:38', 'tiagoadm'),
(276, 7, 229, 0, 763.58, 1199.97, '57.15', 'UN', '2013-02-06 20:09:29', 'tiagoadm'),
(277, 7, 230, 0, 11.89, 16.50, '38.77', 'UN', '2013-02-06 20:13:42', 'tiagoadm'),
(278, 7, 80, 0, 9.89, 14.50, '46.61', 'UN', '2013-02-06 20:14:51', 'tiagoadm'),
(279, 7, 87, 0, 9.89, 15.00, '51.67', 'UN', '2013-02-06 20:15:40', 'tiagoadm'),
(280, 7, 231, 0, 112.07, 160.00, '42.77', 'UN', '2013-02-06 20:16:54', 'tiagoadm'),
(281, 1, 219, 0, 70.00, 90.00, '28.57', 'UN', '2013-02-07 17:22:53', 'tiagoadm'),
(282, 4, 104, 0, 34.00, 50.00, '47.06', 'UN', '2013-02-08 17:26:10', 'tiagoadm'),
(283, 6, 232, 0, 414.00, 414.00, '0.00', 'UN', '2013-02-14 12:35:23', 'tiagoadm'),
(284, 13, 220, 0, 28.00, 40.00, '42.86', 'UN', '2013-02-14 18:01:00', 'tiagoadm'),
(285, 13, 233, 0, 56.00, 85.00, '51.79', 'UN', '2013-02-14 18:03:22', 'tiagoadm'),
(286, 13, 234, 0, 44.00, 65.00, '47.73', 'UN', '2013-02-14 18:04:37', 'tiagoadm'),
(287, 1, 235, 0, 10.00, 10.00, '0.00', 'UN', '2013-02-16 12:10:49', 'tiagoadm'),
(288, 12, 236, 0, 200.00, 200.00, '0.00', 'UN', '2013-02-16 18:50:55', 'tiagoadm'),
(289, 6, 72, 0, 371.00, 371.00, '0.00', 'UN', '2013-02-18 19:17:16', 'tiagoadm'),
(290, 3, 34, 0, 5.85, 9.00, '53.85', 'UN', '2013-02-20 19:12:02', 'tiagoadm'),
(291, 3, 54, 0, 45.23, 64.00, '41.50', 'UN', '2013-02-20 19:13:35', 'tiagoadm'),
(292, 3, 139, 0, 3.87, 6.00, '55.04', 'UN', '2013-02-20 19:16:05', 'tiagoadm'),
(293, 3, 123, 0, 0.66, 1.00, '51.52', 'UN', '2013-02-20 19:17:30', 'tiagoadm'),
(294, 3, 50, 0, 3.51, 5.50, '56.70', 'UN', '2013-02-20 19:21:39', 'tiagoadm'),
(295, 3, 33, 0, 5.85, 9.00, '53.85', 'UN', '2013-02-20 19:24:29', 'tiagoadm'),
(296, 3, 237, 0, 5.85, 9.00, '53.85', 'UN', '2013-02-20 19:27:07', 'tiagoadm'),
(297, 3, 238, 0, 14.43, 20.00, '38.60', 'UN', '2013-02-20 19:29:02', 'tiagoadm'),
(298, 3, 40, 0, 63.32, 90.00, '42.14', 'UN', '2013-02-20 19:30:46', 'tiagoadm'),
(299, 3, 122, 0, 4.48, 7.00, '56.25', 'UN', '2013-02-20 19:32:30', 'tiagoadm'),
(300, 3, 239, 0, 64.37, 90.00, '39.82', 'UN', '2013-02-20 19:37:10', 'tiagoadm'),
(301, 4, 60, 0, 13.50, 20.00, '48.15', 'UN', '2013-02-20 20:22:17', 'tiagoadm'),
(302, 2, 240, 0, 8.29, 12.00, '44.75', 'UN', '2013-02-21 17:55:45', 'tiagoadm'),
(303, 2, 241, 0, 6.74, 10.00, '48.37', 'UN', '2013-02-21 17:58:08', 'tiagoadm'),
(304, 2, 242, 0, 8.29, 12.00, '44.75', 'UN', '2013-02-21 18:01:22', 'tiagoadm'),
(305, 2, 243, 0, 8.29, 12.00, '44.75', 'UN', '2013-02-21 18:03:39', 'tiagoadm'),
(306, 2, 244, 0, 8.29, 12.00, '44.75', 'UN', '2013-02-21 18:05:39', 'tiagoadm'),
(307, 2, 245, 0, 8.29, 12.00, '44.75', 'UN', '2013-02-21 18:06:46', 'tiagoadm'),
(308, 2, 246, 0, 8.29, 12.00, '44.75', 'UN', '2013-02-21 18:08:43', 'tiagoadm'),
(309, 2, 247, 0, 8.29, 12.00, '44.75', 'UN', '2013-02-21 18:10:04', 'tiagoadm'),
(310, 2, 10, 0, 11.19, 16.00, '42.98', 'UN', '2013-02-21 18:12:20', 'tiagoadm'),
(311, 2, 248, 0, 32.65, 46.50, '42.42', 'UN', '2013-02-21 18:15:37', 'tiagoadm'),
(312, 2, 249, 0, 32.65, 46.50, '42.42', 'UN', '2013-02-21 18:17:43', 'tiagoadm'),
(313, 2, 250, 0, 32.65, 46.50, '42.42', 'UN', '2013-02-21 18:19:43', 'tiagoadm'),
(314, 2, 251, 0, 32.65, 46.50, '42.42', 'UN', '2013-02-21 18:21:22', 'tiagoadm'),
(315, 2, 7, 0, 14.51, 21.50, '48.17', 'UN', '2013-02-21 18:23:54', 'tiagoadm'),
(316, 6, 71, 0, 292.60, 292.60, '0.00', 'UN', '2013-02-27 12:59:45', 'tiagoadm'),
(317, 2, 252, 0, 9.90, 15.00, '51.52', 'UN', '2013-03-04 18:03:22', 'tiagoadm'),
(318, 2, 253, 0, 9.90, 15.00, '51.52', 'UN', '2013-03-04 18:05:15', 'tiagoadm'),
(319, 2, 254, 0, 9.90, 15.00, '51.52', 'UN', '2013-03-04 18:07:22', 'tiagoadm'),
(320, 1, 235, 0, 9.90, 15.00, '51.52', 'UN', '2013-03-04 18:08:46', 'tiagoadm'),
(321, 2, 255, 0, 9.90, 15.00, '51.52', 'UN', '2013-03-04 18:11:29', 'tiagoadm'),
(322, 2, 256, 0, 9.90, 15.00, '51.52', 'UN', '2013-03-04 18:15:20', 'tiagoadm'),
(323, 4, 60, 0, 13.50, 20.00, '48.15', 'UN', '2013-03-05 16:53:27', 'tiagoadm'),
(324, 4, 257, 0, 8.50, 13.00, '52.94', 'UN', '2013-03-05 16:56:15', 'tiagoadm'),
(325, 4, 205, 0, 8.50, 13.50, '58.82', 'UN', '2013-03-05 16:57:25', 'tiagoadm'),
(326, 4, 258, 0, 10.50, 18.00, '71.43', 'UN', '2013-03-05 16:59:57', 'tiagoadm'),
(327, 4, 259, 0, 30.00, 46.00, '53.33', 'UN', '2013-03-05 17:02:03', 'tiagoadm'),
(328, 3, 20, 0, 6.45, 12.00, '86.05', 'UN', '2013-03-05 17:05:23', 'tiagoadm'),
(329, 12, 260, 0, 170.00, 200.00, '17.65', 'UN', '2013-03-06 20:07:32', 'edimilson'),
(330, 12, 261, 0, 170.00, 200.00, '17.65', 'UN', '2013-03-06 20:38:48', 'edimilson'),
(331, 12, 262, 0, 0.10, 30.00, '29900.00', 'UN', '2013-03-06 20:43:37', 'edimilson'),
(332, 3, 130, 0, 2.53, 4.00, '58.10', 'UN', '2013-03-27 15:08:09', 'tiagoadm'),
(333, 7, 263, 0, 0.10, 30.00, '29900.00', 'UN', '2013-04-03 17:49:54', 'edimilson'),
(334, 11, 266, 0, 0.00, 8.00, '799900.00', 'UN', '2013-04-08 18:08:22', 'edimilson'),
(335, 11, 265, 0, 0.00, 3.50, '349900.00', 'UN', '2013-04-08 18:08:41', 'edimilson'),
(336, 7, 267, 0, 0.98, 2.00, '104.08', 'UN', '2013-04-29 19:53:06', 'tiagoadm'),
(337, 7, 268, 0, 1.09, 2.00, '83.49', 'UN', '2013-04-29 19:54:48', 'tiagoadm'),
(338, 7, 269, 0, 0.86, 2.00, '132.56', 'UN', '2013-04-29 19:56:12', 'tiagoadm'),
(339, 7, 270, 0, 0.86, 2.00, '132.56', 'UN', '2013-04-29 19:57:06', 'tiagoadm'),
(340, 7, 271, 0, 6.09, 10.00, '64.20', 'UN', '2013-04-29 19:58:53', 'tiagoadm'),
(341, 7, 272, 0, 9.45, 14.00, '48.15', 'UN', '2013-04-29 20:00:45', 'tiagoadm'),
(342, 7, 193, 0, 8.86, 13.00, '46.73', 'UN', '2013-04-29 20:02:05', 'tiagoadm'),
(343, 7, 273, 0, 5.38, 8.00, '48.70', 'UN', '2013-04-29 20:03:46', 'tiagoadm'),
(344, 7, 274, 0, 2.28, 3.50, '53.51', 'UN', '2013-04-29 20:05:20', 'tiagoadm'),
(345, 7, 275, 0, 23.90, 35.00, '46.44', 'UN', '2013-04-29 20:06:29', 'tiagoadm'),
(346, 7, 276, 0, 26.07, 40.00, '53.43', 'UN', '2013-04-29 20:08:04', 'tiagoadm'),
(347, 7, 277, 0, 1.09, 2.00, '83.49', 'UN', '2013-04-29 20:09:40', 'tiagoadm'),
(348, 7, 278, 0, 4.35, 7.00, '60.92', 'UN', '2013-04-29 20:11:48', 'tiagoadm'),
(349, 7, 83, 0, 26.62, 40.00, '50.26', 'UN', '2013-04-29 20:12:37', 'tiagoadm'),
(350, 7, 279, 0, 57.58, 85.00, '47.62', 'UN', '2013-04-29 20:13:45', 'tiagoadm'),
(351, 7, 81, 0, 9.67, 13.50, '39.61', 'UN', '2013-04-29 20:14:36', 'tiagoadm'),
(352, 7, 280, 0, 9.12, 13.00, '42.54', 'UN', '2013-04-29 20:16:11', 'tiagoadm'),
(353, 7, 281, 0, 1.74, 3.00, '72.41', 'UN', '2013-04-29 20:17:23', 'tiagoadm'),
(354, 7, 87, 0, 9.89, 15.00, '51.67', 'UN', '2013-04-29 20:18:09', 'tiagoadm'),
(355, 7, 282, 0, 21.73, 35.00, '61.07', 'UN', '2013-04-29 20:19:12', 'tiagoadm'),
(356, 7, 283, 0, 28.24, 40.00, '41.64', 'UN', '2013-04-29 20:20:11', 'tiagoadm'),
(357, 7, 284, 0, 1.95, 3.00, '53.85', 'UN', '2013-04-29 20:21:23', 'tiagoadm'),
(358, 7, 285, 0, 3.48, 5.00, '43.68', 'UN', '2013-04-29 20:22:27', 'tiagoadm'),
(359, 7, 286, 0, 11.73, 17.00, '44.93', 'UN', '2013-04-29 20:23:48', 'tiagoadm'),
(360, 3, 287, 0, 171.45, 250.01, '45.82', 'UN', '2013-05-08 20:16:29', 'tiagoadm'),
(361, 3, 54, 0, 45.23, 64.00, '41.50', 'UN', '2013-05-08 20:17:02', 'tiagoadm'),
(362, 3, 288, 0, 10.21, 15.50, '51.81', 'UN', '2013-05-08 20:19:27', 'tiagoadm'),
(363, 3, 125, 0, 1.22, 2.00, '63.93', 'UN', '2013-05-08 20:24:59', 'tiagoadm'),
(364, 3, 124, 0, 1.22, 2.00, '63.93', 'UN', '2013-05-08 20:26:22', 'tiagoadm'),
(365, 3, 127, 0, 1.22, 2.00, '63.93', 'UN', '2013-05-08 20:28:22', 'tiagoadm'),
(366, 3, 289, 0, 1.22, 2.00, '63.93', 'UN', '2013-05-08 20:30:20', 'tiagoadm'),
(367, 3, 290, 0, 1.22, 2.00, '63.93', 'UN', '2013-05-08 20:31:26', 'tiagoadm'),
(368, 3, 128, 0, 1.22, 2.00, '63.93', 'UN', '2013-05-08 20:32:07', 'tiagoadm'),
(369, 3, 291, 0, 1.22, 2.00, '63.93', 'UN', '2013-05-08 20:33:42', 'tiagoadm'),
(370, 3, 292, 0, 1.22, 2.00, '63.93', 'UN', '2013-05-08 20:34:37', 'tiagoadm'),
(371, 3, 293, 0, 1.22, 2.00, '63.93', 'UN', '2013-05-08 20:35:53', 'tiagoadm'),
(372, 3, 294, 0, 1.22, 2.00, '63.93', 'UN', '2013-05-08 20:37:49', 'tiagoadm'),
(373, 3, 295, 0, 1.22, 2.00, '63.93', 'UN', '2013-05-08 20:38:56', 'tiagoadm'),
(374, 3, 296, 0, 1.22, 2.00, '63.93', 'UN', '2013-05-08 20:40:00', 'tiagoadm'),
(375, 3, 297, 0, 1.22, 2.00, '63.93', 'UN', '2013-05-08 20:41:50', 'tiagoadm'),
(376, 3, 298, 0, 1.22, 2.00, '63.93', 'UN', '2013-05-08 20:42:43', 'tiagoadm'),
(377, 3, 299, 0, 1.22, 2.00, '63.93', 'UN', '2013-05-08 20:43:59', 'tiagoadm'),
(378, 3, 300, 0, 1.22, 2.00, '63.93', 'UN', '2013-05-08 20:44:47', 'tiagoadm'),
(379, 3, 301, 0, 1.22, 2.00, '63.93', 'UN', '2013-05-08 20:45:38', 'tiagoadm'),
(380, 3, 302, 0, 1.22, 2.00, '63.93', 'UN', '2013-05-08 20:46:38', 'tiagoadm'),
(381, 3, 56, 0, 0.58, 1.00, '72.41', 'UN', '2013-05-08 20:48:22', 'tiagoadm'),
(382, 3, 303, 0, 16.24, 25.00, '53.94', 'UN', '2013-05-08 20:50:06', 'tiagoadm'),
(383, 3, 304, 0, 16.00, 25.00, '56.25', 'UN', '2013-05-08 20:51:06', 'tiagoadm'),
(384, 3, 305, 0, 1.22, 2.00, '63.93', 'UN', '2013-05-08 20:52:09', 'tiagoadm'),
(385, 1, 98, 0, 14.00, 20.00, '42.86', 'UN', '2013-05-27 12:50:23', 'tiagoadm'),
(386, 9, 155, 0, 5.29, 10.00, '89.04', 'CX', '2013-06-15 13:39:09', 'tiagoadm'),
(387, 4, 104, 0, 34.00, 50.00, '47.06', 'UN', '2013-06-15 13:40:26', 'tiagoadm');

-- --------------------------------------------------------

--
-- Estrutura para tabela `formapagamento`
--

CREATE TABLE IF NOT EXISTS `formapagamento` (
`formID` int(11) NOT NULL,
  `descricao` varchar(50) NOT NULL,
  `formAtivo` varchar(1) NOT NULL DEFAULT 'S'
) ENGINE=InnoDB  DEFAULT CHARSET=latin1 AUTO_INCREMENT=8 ;

--
-- Fazendo dump de dados para tabela `formapagamento`
--

INSERT INTO `formapagamento` (`formID`, `descricao`, `formAtivo`) VALUES
(1, 'Dinheiro', 'S'),
(2, 'Cartão (Crédito)', 'S'),
(3, 'Cartão (Débito)', 'S'),
(4, 'Cheque (com entrada)', 'S'),
(5, 'Cheque (sem entrada)', 'S'),
(6, 'Boleto', 'S'),
(7, 'Venda Vale', 'S');

-- --------------------------------------------------------

--
-- Estrutura para tabela `fornecedor`
--

CREATE TABLE IF NOT EXISTS `fornecedor` (
`fornecedorID` int(11) NOT NULL,
  `fornNomeFantasia` varchar(40) NOT NULL,
  `fornRazaoSocial` varchar(40) NOT NULL,
  `fornCnpj` varchar(20) NOT NULL,
  `fornInscEstadual` varchar(20) NOT NULL,
  `fornInscMunicipal` varchar(20) NOT NULL,
  `fornEndereco` varchar(40) NOT NULL,
  `fornNumero` varchar(6) NOT NULL,
  `fornBairro` varchar(50) NOT NULL,
  `fornCep` varchar(12) NOT NULL,
  `fornCidade` varchar(20) NOT NULL,
  `fornUf` varchar(2) NOT NULL,
  `fornComplemento` text NOT NULL,
  `fornContato` varchar(30) NOT NULL,
  `fornTelefone` varchar(14) NOT NULL,
  `fornFax` varchar(14) NOT NULL,
  `fornRadio` varchar(15) NOT NULL,
  `fornCelular` varchar(15) NOT NULL,
  `operadoraCelular` varchar(20) NOT NULL,
  `fornEmail` varchar(100) NOT NULL,
  `fornSite` varchar(100) NOT NULL,
  `fornAtivo` varchar(1) NOT NULL DEFAULT 'S',
  `fornData` timestamp NOT NULL DEFAULT CURRENT_TIMESTAMP,
  `fornUsuario` varchar(40) NOT NULL
) ENGINE=InnoDB  DEFAULT CHARSET=latin1 AUTO_INCREMENT=14 ;

--
-- Fazendo dump de dados para tabela `fornecedor`
--

INSERT INTO `fornecedor` (`fornecedorID`, `fornNomeFantasia`, `fornRazaoSocial`, `fornCnpj`, `fornInscEstadual`, `fornInscMunicipal`, `fornEndereco`, `fornNumero`, `fornBairro`, `fornCep`, `fornCidade`, `fornUf`, `fornComplemento`, `fornContato`, `fornTelefone`, `fornFax`, `fornRadio`, `fornCelular`, `operadoraCelular`, `fornEmail`, `fornSite`, `fornAtivo`, `fornData`, `fornUsuario`) VALUES
(1, 'Yamafuji', 'Yamafuji', '00.000.000/0000-00', '', '', 'Rua Capitao Cruz', '1171', 'Centro', '18430000', 'Ribeirão Branco', 'SP', '', 'Edvan', '(15) 8141-6620', '', '', '(15) 9722-2179', 'TIM', 'edvanyim@hotmail.com', 'http://', 'S', '2012-09-26 12:24:15', 'cadastro.Usuario@450f8ee4'),
(2, 'Free Sax', 'Idesbaldo da Silva Coimbra - ME', '68.317.411/0001-49', '370.120.026.110', '', 'Avenida: Quinze de Novembro', '1018', 'Centro', '06850100', 'Itapecerica da Serra', 'SP', '', 'Edna', '(11) 4165-4343', '', '', '(11) 9850-1587', '', 'freesax@supering.com.br', 'www.freesax.com.br', 'S', '2012-09-26 12:28:53', 'cadastro.Usuario@66869470'),
(3, 'Arwel', 'Arwel Instrumentos Musicais LTDA', '61.088.597/0001-62', '100.954.886.115', '', 'Rua: Manuel Pinto de Carvalho', '111', 'limao', '02712120', 'São Paulo', 'SP', '', 'Ricardo', '(11) 3326-3809', '1132277382', '', '', '', 'vendas@arwel.com.br', 'www.arwel.com.br', 'S', '2012-09-26 12:35:21', 'cadastro.Usuario@29eb0cd0'),
(4, 'Di Giorgio', 'Di Giorgio', '01.320.716/0001-39', '', '', 'Rua: Voluntários da Pátria', '2361', 'Santana', '02401300', 'São Paulo', 'SP', '', 'Clei / Davi', '(11) 9866-1239', '', '', '(11) 9866-1239', 'VIVO', '', 'http://', 'S', '2012-10-01 16:43:00', 'cadastro.Usuario@65c0035b'),
(5, 'M.CALIXTO INSTRUMENTOS MUSICAIS EPP', 'M.CALIXTO INSTRUMENTOS MUSICAIS EPP', '03.240.697/0001-66', '115.662.733.113', '', 'Rua: Ribeiro do Amaral', '19', 'Ipiranga', '04268000', 'São Paulo', 'SP', '', 'MAURO', '(11) 2274-0588', '', '', '', '', '', 'http://', 'S', '2012-10-04 18:12:46', 'cadastro.Usuario@65a6bc76'),
(6, 'Sol Maior', 'Sol Maior Comercio de instrumentos  ', '11.040.800/0001-52', '904.923.648.1', '', 'Rua Henrique Bortolan', '340', 'Costeira', '83015470', 'Sao Jose dos Pinhais', 'PR', '', 'Muaro', '(41) 3382-8013', '', '', '', '', '', 'http://', 'S', '2012-10-09 16:13:39', 'cadastro.Usuario@157ebea9'),
(7, 'Izzo', 'Izzo Instrumentos Musicais LTDA', '61.328.191/0005-33', '206.135.744.118', '', 'AV Piracema', '1411', 'Tambore', '06460030', 'Barueri', 'SP', '', 'Rodrigo', '(11) 3797-0100', '', '', '', '', 'rpinheiro@izzo.com.br', 'http://', 'S', '2012-10-11 19:52:10', 'cadastro.Usuario@774690fe'),
(8, 'Weril', 'Weril Instrumentos Musicais LTDA', '51.977.742/0004-55', 'IE: 31209166711', '', 'R. Miguel Segundo Lerussi', '300', 'Pq Industrial', '', 'Franco da Rocha', 'SP', '', 'Milton', '(11) 4443-1324', '', '', '(11) 7330-0411', 'VIVO', 'milton@weril.com.br', 'http://', 'S', '2012-10-20 14:28:59', 'cadastro.Usuario@237c50a9'),
(9, 'GV ', 'GV Repre Equip de Som LTDA EPP', '06.280.065/0001-14', '353.268.092.119', '', 'Rua: Almirante Tamandaré', '1220', 'Cidade Nova II', '13334200', 'Indaiatuba', 'SP', '', 'Marcelo Andrade', '(19) 3816-4627', '', '', '', '', 'marcelo@distribuidoragvcom.com.br', 'http://', 'S', '2012-11-30 14:20:05', 'cadastro.Usuario@2131c3c'),
(10, 'Vanral', 'Vanral Comercial LTDA', '03.436.073/0001-19', '116.419.512.110', '', 'Rua: do Bosque', '1296', 'Barra Funda', '01136001', 'São Paulo', 'SP', '', 'vanral', '(11) 3879-7979', '1138797977', '', '(11) 9440-2010', 'CLARO', 'vendas@vanral.com.br', 'http://', 'S', '2012-12-04 12:51:55', 'cadastro.Usuario@5af91c20'),
(11, 'Musical Express', 'Musical Express', '01.593.450/0001-06', '115.039.121.112', '', 'Rua: Jaguarete', '148', 'Casa Verde', '02515010', 'São Paulo', 'SP', '', 'Sandra Borges', '(11) 3158-3105', '', '', '', '', 'sandra@musical-express.com.br', 'http://', 'S', '2012-12-27 12:15:14', 'cadastro.Usuario@1f22dad5'),
(12, 'Golden', 'Golden', '53.006.110/0001-27', '110.963.498.118', '', 'Avenida: Júlio Buono', '2507', 'Vila Gustavo', '02201002', 'São Paulo', 'SP', '', 'andre', '(11) 7834-5273', '', '', '', '', '', 'http://', 'S', '2013-01-11 14:06:02', 'cadastro.Usuario@599855ed'),
(13, 'Fama', 'Estojos Fama LTDA', '00.161.002/0001-62', '748.014.959.111', '', 'Rua: José Agostinho', '594', 'Jardim Santana', '13184527', 'Hortolândia', 'SP', '', 'Alexandre / Cintra', '(19) 3897-1383', '1938974849', '', '', '', '', 'http://', 'S', '2013-01-29 13:44:12', 'cadastro.Usuario@3ec19fbf');

-- --------------------------------------------------------

--
-- Estrutura para tabela `funcionario`
--

CREATE TABLE IF NOT EXISTS `funcionario` (
`funcionarioID` int(11) NOT NULL,
  `cargoID` int(11) NOT NULL,
  `funcionarioNome` varchar(50) NOT NULL,
  `funcionarioNascimento` date NOT NULL,
  `funcionarioRg` varchar(20) NOT NULL,
  `funcionarioCpf` varchar(20) NOT NULL,
  `funcionarioEndereco` varchar(50) NOT NULL,
  `funcionarioNumero` varchar(10) NOT NULL,
  `funcionarioBairro` varchar(50) NOT NULL,
  `funcionarioCep` varchar(15) NOT NULL,
  `funcionarioCidade` varchar(40) NOT NULL,
  `funcionarioUf` varchar(2) NOT NULL,
  `funcionarioComplemento` varchar(100) NOT NULL,
  `funcionarioTelefone` varchar(15) NOT NULL,
  `funcionarioCelular` varchar(15) NOT NULL,
  `operadoraCelular` varchar(30) NOT NULL,
  `funcionarioEmail` varchar(100) NOT NULL,
  `funcionarioData` timestamp NOT NULL DEFAULT CURRENT_TIMESTAMP,
  `funcionarioUsuario` varchar(40) NOT NULL,
  `funcionarioAtivo` varchar(1) NOT NULL DEFAULT 'S'
) ENGINE=InnoDB  DEFAULT CHARSET=latin1 AUTO_INCREMENT=3 ;

--
-- Fazendo dump de dados para tabela `funcionario`
--

INSERT INTO `funcionario` (`funcionarioID`, `cargoID`, `funcionarioNome`, `funcionarioNascimento`, `funcionarioRg`, `funcionarioCpf`, `funcionarioEndereco`, `funcionarioNumero`, `funcionarioBairro`, `funcionarioCep`, `funcionarioCidade`, `funcionarioUf`, `funcionarioComplemento`, `funcionarioTelefone`, `funcionarioCelular`, `operadoraCelular`, `funcionarioEmail`, `funcionarioData`, `funcionarioUsuario`, `funcionarioAtivo`) VALUES
(1, 1, 'Tiago Ulisses Marques', '1985-09-22', '407254237', '328.796.888-25', 'Rua: Alberto Marceli', '67', 'Jardim Promeca', '13223120', 'Várzea Paulista', 'SP', 'casa 2', '(11) 7395-2391', '(11) 73', '', 'tiago@tonmaior.com.br', '2012-10-02 17:53:12', 'tiagoadm', 'S'),
(2, 2, 'Edimilson Pereira da Silva Batista', '1984-01-13', '422038970', '306.975.618-28', 'Rua: Atroaris', '233', 'Vila Tupi', '13225010', 'Várzea Paulista', 'SP', '', '(11) 9745-0402', '(11) 9745-0402', 'VIVO', 'edimilson@tonmaior.com.br', '2012-10-05 12:34:42', 'tiagoadm', 'S');

-- --------------------------------------------------------

--
-- Estrutura para tabela `lancamentos`
--

CREATE TABLE IF NOT EXISTS `lancamentos` (
`lancamentoID` int(11) NOT NULL,
  `emprestimoID` int(11) DEFAULT NULL,
  `receberID` int(11) DEFAULT NULL,
  `pagarID` int(11) DEFAULT NULL,
  `vendaID` int(11) DEFAULT NULL,
  `transferenciaID` int(11) DEFAULT NULL,
  `contaPagarID` int(11) DEFAULT NULL,
  `livroID` int(11) NOT NULL,
  `formID` int(11) NOT NULL,
  `valor` float(10,2) NOT NULL,
  `desconto` float(10,2) DEFAULT NULL,
  `acrescimo` float(10,2) DEFAULT NULL,
  `data` timestamp NOT NULL DEFAULT CURRENT_TIMESTAMP ON UPDATE CURRENT_TIMESTAMP,
  `favorecido` text,
  `observacao` text,
  `tipo` varchar(1) NOT NULL COMMENT 'Ou ''R'' de Recebido Ou ''P'' de Pago Ou ''D'' de Deposito Ou ''T'' de Transferencia Ou ''C'' de Cheque sem Fundo Ou ''E'' de Emprestimo',
  `usuario` varchar(50) NOT NULL
) ENGINE=InnoDB  DEFAULT CHARSET=latin1 AUTO_INCREMENT=804 ;

--
-- Fazendo dump de dados para tabela `lancamentos`
--

INSERT INTO `lancamentos` (`lancamentoID`, `emprestimoID`, `receberID`, `pagarID`, `vendaID`, `transferenciaID`, `contaPagarID`, `livroID`, `formID`, `valor`, `desconto`, `acrescimo`, `data`, `favorecido`, `observacao`, `tipo`, `usuario`) VALUES
(1, NULL, NULL, 20, NULL, NULL, 3, 1, 6, 50.00, 0.00, 0.00, '2012-10-02 21:16:04', 'Junior', '', 'P', 'tiagoadm'),
(2, NULL, 6, NULL, 2, NULL, NULL, 1, 1, 1.00, NULL, NULL, '2012-10-02 21:26:43', NULL, NULL, 'R', 'tiagoadm'),
(3, NULL, NULL, NULL, NULL, 1, NULL, 3, 1, 6462.70, NULL, NULL, '2012-10-03 18:24:43', NULL, NULL, 'T', 'tiagoadm'),
(4, NULL, NULL, NULL, NULL, 1, NULL, 1, 1, 6462.70, NULL, NULL, '2012-10-03 18:24:43', NULL, NULL, 'D', 'tiagoadm'),
(5, NULL, 7, NULL, 5, NULL, NULL, 1, 1, 230.00, NULL, NULL, '2012-10-03 19:20:02', NULL, NULL, 'R', 'tiagoadm'),
(6, NULL, NULL, 25, NULL, NULL, 4, 4, 1, 85.00, 0.00, 0.00, '2012-10-04 12:38:11', 'Varzea Informatica', 'Rotiador', 'P', 'tiagoadm'),
(7, NULL, NULL, 26, NULL, NULL, 5, 1, 1, 40.00, 0.00, 0.00, '2012-10-04 17:02:50', 'CELULAR TIAGO', '', 'P', 'tiagoadm'),
(8, NULL, 8, NULL, 7, NULL, NULL, 1, 1, 17.99, NULL, NULL, '2012-10-05 18:26:43', NULL, NULL, 'R', 'tiagoadm'),
(9, NULL, NULL, 27, NULL, NULL, 6, 4, 1, 2.00, 0.00, 0.00, '2012-10-06 16:46:36', 'saco de lixo', '', 'P', 'tiagoadm'),
(10, NULL, 11, NULL, 9, NULL, NULL, 1, 1, 5.00, NULL, NULL, '2012-10-06 17:38:27', NULL, NULL, 'R', 'tiagoadm'),
(11, NULL, 12, NULL, 10, NULL, NULL, 1, 1, 14.00, NULL, NULL, '2012-10-06 17:58:48', NULL, NULL, 'R', 'tiagoadm'),
(12, NULL, NULL, 28, NULL, NULL, 7, 3, 1, 23.70, 0.00, 0.00, '2012-10-08 17:13:54', 'taxa bradesco', '', 'P', 'tiagoadm'),
(13, NULL, NULL, 29, NULL, NULL, 8, 3, 1, 10.40, 0.00, 0.00, '2012-10-08 17:14:01', 'taxa bradesco', '', 'P', 'tiagoadm'),
(14, NULL, NULL, 32, NULL, NULL, 11, 3, 1, 276.00, 0.00, 0.00, '2012-10-08 19:46:17', 'strings', '', 'P', 'tiagoadm'),
(15, NULL, 13, NULL, 11, NULL, NULL, 1, 1, 12.00, NULL, NULL, '2012-10-08 20:17:09', NULL, NULL, 'R', 'tiagoadm'),
(16, NULL, NULL, 33, NULL, NULL, 12, 3, 1, 602.38, 0.00, 0.00, '2012-10-09 13:21:47', 'Izzo', '', 'P', 'tiagoadm'),
(17, NULL, NULL, 34, NULL, NULL, 13, 3, 1, 5663.59, 0.00, 0.00, '2012-10-09 13:49:39', 'weril', '', 'P', 'tiagoadm'),
(18, NULL, NULL, 30, NULL, NULL, 9, 1, 1, 489.98, 0.00, 0.00, '2012-10-09 18:35:55', 'associç&#227;o comercial', '', 'P', 'tiagoadm'),
(19, NULL, 14, NULL, 12, NULL, NULL, 1, 1, 8.00, NULL, NULL, '2012-10-09 21:12:04', NULL, NULL, 'R', 'tiagoadm'),
(20, NULL, NULL, 47, NULL, NULL, 18, 4, 1, 293.00, 0.00, 0.00, '2012-10-10 14:25:50', 'Marcelo Giannini', '', 'P', 'tiagoadm'),
(21, NULL, 15, NULL, 13, NULL, NULL, 1, 1, 8.00, NULL, NULL, '2012-10-10 17:32:45', NULL, NULL, 'R', 'tiagoadm'),
(22, NULL, 1, NULL, 1, NULL, NULL, 3, 6, 50.00, 0.00, 0.00, '2012-10-11 18:07:13', NULL, 'paga por tiago - junior deu o dinheiro', 'R', 'tiagoadm'),
(23, NULL, 17, NULL, 14, NULL, NULL, 1, 1, 20.00, NULL, NULL, '2012-10-11 19:16:11', NULL, NULL, 'R', 'tiagoadm'),
(24, NULL, 18, NULL, 15, NULL, NULL, 1, 1, 21.00, NULL, NULL, '2012-10-11 20:24:34', NULL, NULL, 'R', 'tiagoadm'),
(25, NULL, NULL, 49, NULL, NULL, 20, 1, 1, 40.00, 0.00, 0.00, '2012-10-11 20:27:01', 'Lune Transportes', '', 'P', 'tiagoadm'),
(26, NULL, 19, NULL, 16, NULL, NULL, 1, 1, 3.50, NULL, NULL, '2012-10-13 13:37:11', NULL, NULL, 'R', 'tiagoadm'),
(27, NULL, 20, NULL, 18, NULL, NULL, 1, 1, 14.00, NULL, NULL, '2012-10-13 13:49:00', NULL, NULL, 'R', 'tiagoadm'),
(28, NULL, 21, NULL, 19, NULL, NULL, 1, 1, 3.50, NULL, NULL, '2012-10-13 14:35:00', NULL, NULL, 'R', 'tiagoadm'),
(29, NULL, NULL, 50, NULL, NULL, 21, 3, 1, 60.66, 0.00, 0.00, '2012-10-13 14:43:18', 'ETC Transportes', '', 'P', 'tiagoadm'),
(30, NULL, NULL, 52, NULL, NULL, 23, 1, 1, 20.00, 0.00, 0.00, '2012-10-13 16:35:57', 'Marmita', '', 'P', 'tiagoadm'),
(31, NULL, 22, NULL, 17, NULL, NULL, 1, 1, 14.00, NULL, NULL, '2012-10-15 14:30:59', NULL, NULL, 'R', 'edimilson'),
(32, NULL, NULL, 58, NULL, NULL, 27, 4, 1, 273.80, 0.00, 0.00, '2012-10-16 12:32:52', 'Musical Vanlu', '', 'P', 'tiagoadm'),
(33, NULL, 24, NULL, 20, NULL, NULL, 1, 1, 13.50, NULL, NULL, '2012-10-16 12:42:21', NULL, NULL, 'R', 'tiagoadm'),
(34, NULL, 25, NULL, 22, NULL, NULL, 1, 1, 120.00, NULL, NULL, '2012-10-16 14:09:24', NULL, NULL, 'R', 'tiagoadm'),
(35, NULL, 28, NULL, 23, NULL, NULL, 1, 1, 150.00, NULL, NULL, '2012-10-16 21:04:44', NULL, NULL, 'R', 'tiagoadm'),
(36, NULL, NULL, 59, NULL, NULL, 28, 4, 1, 40.00, 0.00, 0.00, '2012-10-17 15:08:19', 'Telefone', '', 'P', 'TIAGOADM'),
(37, NULL, NULL, 60, NULL, NULL, 29, 3, 1, 149.00, 0.00, 0.00, '2012-10-17 17:07:42', 'Clei - Di Giorgio', '', 'P', 'tiagoadm'),
(38, NULL, 32, NULL, 24, NULL, NULL, 1, 1, 22.00, NULL, NULL, '2012-10-18 13:50:29', NULL, NULL, 'R', 'tiagoadm'),
(39, NULL, 33, NULL, 25, NULL, NULL, 1, 1, 8.00, NULL, NULL, '2012-10-18 15:41:36', NULL, NULL, 'R', 'tiagoadm'),
(40, NULL, 34, NULL, 26, NULL, NULL, 1, 1, 90.00, NULL, NULL, '2012-10-20 14:13:00', NULL, NULL, 'R', 'tiagoadm'),
(41, NULL, 37, NULL, 27, NULL, NULL, 1, 1, 1200.00, NULL, NULL, '2012-10-20 14:54:09', NULL, NULL, 'R', 'tiagoadm'),
(42, NULL, 39, NULL, 29, NULL, NULL, 1, 1, 21.50, NULL, NULL, '2012-10-21 13:29:44', NULL, NULL, 'R', 'edimilson'),
(43, NULL, 40, NULL, 29, NULL, NULL, 1, 1, 21.50, NULL, NULL, '2012-10-21 13:30:04', NULL, NULL, 'R', 'edimilson'),
(44, NULL, NULL, 61, NULL, NULL, 30, 1, 1, 50.00, 0.00, 0.00, '2012-10-22 11:33:22', 'teste - itens p/violino', '', 'P', 'tiagoadm'),
(45, NULL, 26, NULL, 22, NULL, NULL, 3, 6, 120.00, 0.00, 0.00, '2012-10-22 13:51:40', NULL, '', 'R', 'tiagoadm'),
(46, NULL, 27, NULL, 22, NULL, NULL, 3, 6, 120.00, 0.00, 0.00, '2012-10-22 13:52:02', NULL, '', 'R', 'tiagoadm'),
(47, NULL, 41, NULL, 30, NULL, NULL, 1, 1, 26.00, NULL, NULL, '2012-10-22 20:00:24', NULL, NULL, 'R', 'edimilson'),
(48, NULL, NULL, 1, NULL, NULL, 1, 3, 1, 1000.00, 0.00, 0.00, '2012-10-22 20:10:40', 'Aluguel', '', 'P', 'edimilson'),
(49, NULL, NULL, 31, NULL, NULL, 10, 3, 1, 156.67, 0.00, 0.00, '2012-10-22 20:10:52', 'ISS', '', 'P', 'edimilson'),
(50, NULL, NULL, NULL, NULL, 2, NULL, 1, 1, 1200.00, NULL, NULL, '2012-10-22 20:35:23', NULL, NULL, 'T', 'edimilson'),
(51, NULL, NULL, NULL, NULL, 2, NULL, 3, 1, 1200.00, NULL, NULL, '2012-10-22 20:35:23', NULL, NULL, 'D', 'edimilson'),
(52, NULL, NULL, NULL, NULL, 3, NULL, 1, 1, 120.00, NULL, NULL, '2012-10-22 20:35:49', NULL, NULL, 'T', 'edimilson'),
(53, NULL, NULL, NULL, NULL, 3, NULL, 3, 1, 120.00, NULL, NULL, '2012-10-22 20:35:49', NULL, NULL, 'D', 'edimilson'),
(54, NULL, 42, NULL, 28, NULL, NULL, 1, 1, 40.00, NULL, NULL, '2012-10-24 14:38:27', NULL, NULL, 'R', 'tiagoadm'),
(55, NULL, NULL, 10, NULL, NULL, 2, 3, 1, 525.00, 0.00, 0.00, '2012-10-25 14:27:21', 'Forte em Midia', '', 'P', 'tiagoadm'),
(56, NULL, NULL, 62, NULL, NULL, 31, 1, 1, 7.20, 0.00, 0.00, '2012-10-25 14:42:36', 'material de escritorio', '', 'P', 'tiagoadm'),
(57, NULL, NULL, 63, NULL, NULL, 32, 1, 1, 20.00, 0.00, 0.00, '2012-10-25 15:18:56', 'devoluçao de mercadoria', 'cliente devolveu capa p/violao - nao coube', 'P', 'tiagoadm'),
(58, NULL, 43, NULL, 32, NULL, NULL, 1, 1, 20.00, NULL, NULL, '2012-10-25 15:20:27', NULL, NULL, 'R', 'tiagoadm'),
(59, NULL, 44, NULL, 33, NULL, NULL, 1, 1, 15.00, NULL, NULL, '2012-10-26 14:39:27', NULL, NULL, 'R', 'tiagoadm'),
(60, NULL, NULL, 64, NULL, NULL, 33, 1, 1, 5.00, 0.00, 0.00, '2012-10-26 14:41:05', 'devoluçao de mercadoria', 'devoluçao de mercadoria - capa n/serviu no violao', 'P', 'tiagoadm'),
(61, NULL, 45, NULL, 34, NULL, NULL, 1, 1, 1.00, NULL, NULL, '2012-10-27 15:20:11', NULL, NULL, 'R', 'tiagoadm'),
(62, NULL, 46, NULL, 35, NULL, NULL, 1, 1, 33.00, NULL, NULL, '2012-10-27 15:20:37', NULL, NULL, 'R', 'tiagoadm'),
(63, NULL, 47, NULL, 36, NULL, NULL, 1, 1, 2.00, NULL, NULL, '2012-10-29 12:39:41', NULL, NULL, 'R', 'tiagoadm'),
(64, NULL, 48, NULL, 37, NULL, NULL, 1, 1, 25.35, NULL, NULL, '2012-10-29 12:41:47', NULL, NULL, 'R', 'tiagoadm'),
(65, NULL, NULL, NULL, NULL, 4, NULL, 1, 1, 25.35, NULL, NULL, '2012-10-29 12:45:02', NULL, NULL, 'T', 'tiagoadm'),
(66, NULL, NULL, NULL, NULL, 4, NULL, 3, 1, 25.35, NULL, NULL, '2012-10-29 12:45:02', NULL, NULL, 'D', 'tiagoadm'),
(67, NULL, 51, NULL, 39, NULL, NULL, 1, 1, 2.00, NULL, NULL, '2012-10-29 19:00:48', NULL, NULL, 'R', 'tiagoadm'),
(68, NULL, 50, NULL, 38, NULL, NULL, 3, 3, 14.17, 0.00, 0.00, '2012-10-30 11:59:45', NULL, '', 'R', 'tiagoadm'),
(69, NULL, NULL, 53, NULL, NULL, 24, 3, 6, 155.00, 0.00, 0.00, '2012-10-30 12:01:31', 'Grafica Blante', '', 'P', 'tiagoadm'),
(70, NULL, NULL, 55, NULL, NULL, 26, 4, 6, 323.85, 0.00, 0.00, '2012-10-30 12:01:39', 'J Verdade', '', 'P', 'tiagoadm'),
(71, NULL, NULL, 54, NULL, NULL, 25, 3, 6, 60.00, 0.00, 0.00, '2012-10-30 12:01:47', 'Grafica Blante', '', 'P', 'tiagoadm'),
(72, NULL, 52, NULL, 40, NULL, NULL, 1, 1, 2.00, NULL, NULL, '2012-10-30 16:06:46', NULL, NULL, 'R', 'tiagoadm'),
(73, NULL, NULL, 65, NULL, NULL, 34, 3, 1, 1243.36, 0.00, 0.00, '2012-10-31 11:32:04', 'eagle', '', 'P', 'tiagoadm'),
(74, NULL, NULL, 66, NULL, NULL, 35, 1, 1, 6.00, 0.00, 0.00, '2012-10-31 12:42:08', 'agua', '', 'P', 'tiagoadm'),
(75, NULL, 53, NULL, 41, NULL, NULL, 1, 1, 9.00, NULL, NULL, '2012-10-31 21:13:43', NULL, NULL, 'R', 'tiagoadm'),
(76, NULL, 9, NULL, 8, NULL, NULL, 3, 7, 30.00, 0.00, 0.00, '2012-11-01 13:49:44', NULL, '', 'R', 'tiagoadm'),
(77, NULL, 10, NULL, 8, NULL, NULL, 3, 7, 30.00, 0.00, 0.00, '2012-11-01 13:49:56', NULL, '', 'R', 'tiagoadm'),
(78, NULL, 54, NULL, 42, NULL, NULL, 1, 1, 8.00, NULL, NULL, '2012-11-03 13:09:53', NULL, NULL, 'R', 'tiagoadm'),
(79, NULL, 55, NULL, 43, NULL, NULL, 1, 1, 14.00, NULL, NULL, '2012-11-03 13:10:21', NULL, NULL, 'R', 'tiagoadm'),
(80, NULL, NULL, 69, NULL, NULL, 38, 4, 1, 17.42, 0.00, 0.00, '2012-11-05 12:01:48', 'limpesa', '', 'P', 'tiagoadm'),
(81, NULL, 29, NULL, 23, NULL, NULL, 3, 6, 75.00, 0.00, 0.00, '2012-11-05 12:04:47', NULL, '', 'R', 'tiagoadm'),
(82, NULL, 56, NULL, 44, NULL, NULL, 1, 1, 36.00, NULL, NULL, '2012-11-05 15:15:35', NULL, NULL, 'R', 'tiagoadm'),
(83, NULL, 57, NULL, 45, NULL, NULL, 1, 1, 21.00, NULL, NULL, '2012-11-07 14:12:53', NULL, NULL, 'R', 'tiagoadm'),
(84, NULL, NULL, 70, NULL, NULL, 39, 1, 1, 160.00, 0.00, 0.00, '2012-11-07 14:13:57', 'Di giorgio', '', 'P', 'tiagoadm'),
(85, NULL, 58, NULL, 46, NULL, NULL, 1, 1, 309.00, NULL, NULL, '2012-11-07 21:03:28', NULL, NULL, 'R', 'tiagoadm'),
(86, NULL, 77, NULL, 47, NULL, NULL, 1, 1, 18.00, NULL, NULL, '2012-11-08 13:09:47', NULL, NULL, 'R', 'tiagoadm'),
(87, NULL, 78, NULL, 48, NULL, NULL, 1, 1, 1.00, NULL, NULL, '2012-11-08 13:11:22', NULL, NULL, 'R', 'tiagoadm'),
(88, NULL, 79, NULL, 49, NULL, NULL, 1, 1, 309.00, NULL, NULL, '2012-11-07 14:18:30', NULL, NULL, 'R', 'tiagoadm'),
(89, NULL, 103, NULL, 50, NULL, NULL, 1, 1, 14.00, NULL, NULL, '2012-11-08 14:22:07', NULL, NULL, 'R', 'tiagoadm'),
(90, NULL, NULL, 71, NULL, NULL, 40, 4, 1, 120.00, 0.00, 0.00, '2012-11-08 15:27:52', 'musical rava', '', 'P', 'tiagoadm'),
(91, NULL, NULL, NULL, NULL, 5, NULL, 1, 1, 14.00, NULL, NULL, '2012-11-08 15:41:50', NULL, NULL, 'T', 'tiagoadm'),
(92, NULL, NULL, NULL, NULL, 5, NULL, 3, 1, 14.00, NULL, NULL, '2012-11-08 15:41:50', NULL, NULL, 'D', 'tiagoadm'),
(93, NULL, 104, NULL, 51, NULL, NULL, 1, 1, 14.00, NULL, NULL, '2012-11-08 19:14:53', NULL, NULL, 'R', 'tiagoadm'),
(94, NULL, 105, NULL, 52, NULL, NULL, 1, 1, 2.00, NULL, NULL, '2012-11-09 16:07:38', NULL, NULL, 'R', 'tiagoadm'),
(95, NULL, 106, NULL, 53, NULL, NULL, 1, 1, 300.00, NULL, NULL, '2012-11-09 19:11:56', NULL, NULL, 'R', 'tiagoadm'),
(96, NULL, 121, NULL, 55, NULL, NULL, 1, 1, 16.00, NULL, NULL, '2012-11-10 20:17:08', NULL, NULL, 'R', 'tiagoadm'),
(97, NULL, NULL, NULL, NULL, 6, NULL, 1, 1, 300.00, NULL, NULL, '2012-11-12 13:18:53', NULL, NULL, 'T', 'tiagoadm'),
(98, NULL, NULL, NULL, NULL, 6, NULL, 3, 1, 300.00, NULL, NULL, '2012-11-12 13:18:53', NULL, NULL, 'D', 'tiagoadm'),
(99, NULL, 122, NULL, 56, NULL, NULL, 1, 1, 16.00, NULL, NULL, '2012-11-12 16:20:23', NULL, NULL, 'R', 'tiagoadm'),
(100, NULL, 123, NULL, 57, NULL, NULL, 1, 1, 14.00, NULL, NULL, '2012-11-13 15:25:38', NULL, NULL, 'R', 'tiagoADM'),
(101, NULL, NULL, 72, NULL, NULL, 41, 3, 1, 12.92, 0.00, 0.00, '2012-11-14 13:15:29', 'imposto', '', 'P', 'tiagoadm'),
(102, NULL, NULL, 44, NULL, NULL, 17, 3, 6, 599.00, 0.00, 0.00, '2012-11-14 13:16:42', 'Scalla', '', 'P', 'tiagoadm'),
(103, NULL, 124, NULL, 58, NULL, NULL, 1, 1, 36.00, NULL, NULL, '2012-11-16 11:56:19', NULL, NULL, 'R', 'tiagoadm'),
(104, NULL, 125, NULL, 59, NULL, NULL, 1, 1, 55.00, NULL, NULL, '2012-11-16 11:56:55', NULL, NULL, 'R', 'tiagoadm'),
(105, NULL, 2, NULL, 1, NULL, NULL, 3, 6, 50.00, 0.00, 0.00, '2012-11-16 12:18:54', NULL, '', 'R', 'tiagoadm'),
(106, NULL, NULL, NULL, NULL, 7, NULL, 1, 1, 600.00, NULL, NULL, '2012-11-16 12:19:20', NULL, NULL, 'T', 'tiagoadm'),
(107, NULL, NULL, NULL, NULL, 7, NULL, 3, 1, 600.00, NULL, NULL, '2012-11-16 12:19:20', NULL, NULL, 'D', 'tiagoadm'),
(108, NULL, 126, NULL, 60, NULL, NULL, 1, 1, 14.00, NULL, NULL, '2012-11-16 12:24:26', NULL, NULL, 'R', 'tiagoadm'),
(109, NULL, 127, NULL, 61, NULL, NULL, 1, 1, 14.00, NULL, NULL, '2012-11-16 16:48:20', NULL, NULL, 'R', 'tiagoadm'),
(110, NULL, 30, NULL, 23, NULL, NULL, 3, 6, 75.00, 0.00, 0.00, '2012-11-16 18:09:50', NULL, '', 'R', 'tiagoadm'),
(111, NULL, 128, NULL, 31, NULL, NULL, 1, 1, 45.00, NULL, NULL, '2012-11-16 20:12:33', NULL, NULL, 'R', 'edimilson'),
(112, NULL, 129, NULL, 62, NULL, NULL, 1, 1, 17.00, NULL, NULL, '2012-11-17 12:16:26', NULL, NULL, 'R', 'tiagoadm'),
(113, NULL, NULL, 73, NULL, NULL, 42, 3, 1, 71.26, 0.00, 0.00, '2012-11-19 15:37:55', 'acerto ', '', 'P', 'tiagoadm'),
(114, NULL, NULL, 74, NULL, NULL, 43, 1, 1, 150.00, 0.00, 0.00, '2012-11-19 15:39:24', 'acerto', '', 'P', 'tiagoadm'),
(115, NULL, NULL, 75, NULL, NULL, 44, 3, 1, 880.19, 0.00, 0.00, '2012-11-19 15:56:10', 'Izzo', '', 'P', 'tiagoadm'),
(116, NULL, NULL, NULL, NULL, 8, NULL, 1, 1, 80.00, NULL, NULL, '2012-11-19 17:19:24', NULL, NULL, 'T', 'tiagoadm'),
(117, NULL, NULL, NULL, NULL, 8, NULL, 3, 1, 80.00, NULL, NULL, '2012-11-19 17:19:24', NULL, NULL, 'D', 'tiagoadm'),
(118, NULL, 130, NULL, 63, NULL, NULL, 1, 1, 16.00, NULL, NULL, '2012-11-19 17:20:49', NULL, NULL, 'R', 'tiagoadm'),
(119, NULL, 131, NULL, 64, NULL, NULL, 1, 1, 32.00, NULL, NULL, '2012-11-19 17:26:11', NULL, NULL, 'R', 'tiagoadm'),
(120, NULL, 132, NULL, 65, NULL, NULL, 1, 1, 17.00, NULL, NULL, '2012-11-19 20:09:10', NULL, NULL, 'R', 'tiagoadm'),
(121, NULL, 133, NULL, 66, NULL, NULL, 1, 1, 750.00, NULL, NULL, '2012-11-20 12:31:45', NULL, NULL, 'R', 'tiagoadm'),
(122, NULL, 134, NULL, 67, NULL, NULL, 1, 1, 41.00, NULL, NULL, '2012-11-20 12:45:27', NULL, NULL, 'R', 'tiagoadm'),
(123, NULL, 135, NULL, 68, NULL, NULL, 1, 1, 200.00, NULL, NULL, '2012-11-20 14:10:29', NULL, NULL, 'R', 'tiagoadm'),
(124, NULL, 139, NULL, 69, NULL, NULL, 1, 1, 120.00, NULL, NULL, '2012-11-20 14:22:11', NULL, NULL, 'R', 'tiagoadm'),
(125, NULL, NULL, NULL, NULL, 9, NULL, 1, 1, 120.00, NULL, NULL, '2012-11-20 14:22:28', NULL, NULL, 'T', 'tiagoadm'),
(126, NULL, NULL, NULL, NULL, 9, NULL, 3, 1, 120.00, NULL, NULL, '2012-11-20 14:22:28', NULL, NULL, 'D', 'tiagoadm'),
(127, NULL, 35, NULL, 26, NULL, NULL, 3, 6, 90.00, 0.00, 0.00, '2012-11-20 15:27:11', NULL, '', 'R', 'tiagoadm'),
(128, NULL, NULL, 67, NULL, NULL, 36, 3, 6, 235.00, 0.00, 0.00, '2012-11-20 15:53:36', 'Pasqualino', '', 'P', 'tiagoadm'),
(129, NULL, NULL, 76, NULL, NULL, 45, 3, 1, 527.82, 0.00, 0.00, '2012-11-21 11:11:36', 'Vanral', '', 'P', 'tiagoadm'),
(130, NULL, NULL, 77, NULL, NULL, 46, 3, 1, 188.95, 0.00, 0.00, '2012-11-21 16:13:06', 'Energia', '', 'P', 'tiagoadm'),
(131, NULL, NULL, NULL, NULL, 10, NULL, 1, 1, 6618.12, NULL, NULL, '2012-11-21 16:20:25', NULL, NULL, 'T', 'tiagoadm'),
(132, NULL, NULL, NULL, NULL, 10, NULL, 4, 1, 6618.12, NULL, NULL, '2012-11-21 16:20:25', NULL, NULL, 'D', 'tiagoadm'),
(133, NULL, NULL, NULL, NULL, 11, NULL, 3, 1, 297.00, NULL, NULL, '2012-11-21 16:24:33', NULL, NULL, 'T', 'tiagoadm'),
(134, NULL, NULL, NULL, NULL, 11, NULL, 1, 1, 297.00, NULL, NULL, '2012-11-21 16:24:33', NULL, NULL, 'D', 'tiagoadm'),
(135, NULL, NULL, 78, NULL, NULL, 47, 1, 1, 113.89, 0.00, 0.00, '2012-11-21 16:25:53', 'acerto', '', 'P', 'tiagoadm'),
(136, NULL, NULL, 79, NULL, NULL, 48, 4, 1, 29.00, 0.00, 0.00, '2012-11-21 17:01:52', 'Clei - Di Giorgio', 'suporte violao', 'P', 'tiagoadm'),
(137, NULL, NULL, NULL, NULL, 12, NULL, 4, 1, 400.00, NULL, NULL, '2012-11-21 17:08:48', NULL, NULL, 'T', 'tiagoadm'),
(138, NULL, NULL, NULL, NULL, 12, NULL, 3, 1, 400.00, NULL, NULL, '2012-11-21 17:08:48', NULL, NULL, 'D', 'tiagoadm'),
(139, NULL, NULL, 2, NULL, NULL, 1, 1, 1, 1000.00, 0.00, 0.00, '2012-11-22 14:32:14', 'Aluguel', '', 'P', 'tiagoadm'),
(140, NULL, NULL, NULL, NULL, 13, NULL, 1, 1, 210.00, NULL, NULL, '2012-11-22 14:32:56', NULL, NULL, 'T', 'tiagoadm'),
(141, NULL, NULL, NULL, NULL, 13, NULL, 3, 1, 210.00, NULL, NULL, '2012-11-22 14:32:56', NULL, NULL, 'D', 'tiagoadm'),
(142, NULL, NULL, NULL, NULL, 14, NULL, 5, 1, 14.40, NULL, NULL, '2012-11-22 14:37:40', NULL, NULL, 'T', 'tiagoadm'),
(143, NULL, NULL, NULL, NULL, 14, NULL, 1, 1, 14.40, NULL, NULL, '2012-11-22 14:37:40', NULL, NULL, 'D', 'tiagoadm'),
(144, NULL, 144, NULL, 71, NULL, NULL, 3, 3, 11.73, 0.00, 0.00, '2012-11-22 14:45:06', NULL, '', 'R', 'tiagoadm'),
(145, NULL, 145, NULL, 72, NULL, NULL, 1, 1, 50.00, NULL, NULL, '2012-11-22 15:23:39', NULL, NULL, 'R', 'tiagoadm'),
(146, NULL, NULL, 80, NULL, NULL, 49, 4, 1, 7.12, 0.00, 0.00, '2012-11-22 18:27:30', 'Face', '', 'P', 'tiagoadm'),
(147, NULL, 147, NULL, 75, NULL, NULL, 1, 1, 4.00, NULL, NULL, '2012-11-24 13:28:06', NULL, NULL, 'R', 'tiagoadm'),
(148, NULL, 148, NULL, 76, NULL, NULL, 1, 1, 2.00, NULL, NULL, '2012-11-24 14:16:03', NULL, NULL, 'R', 'tiagoadm'),
(149, NULL, 149, NULL, 77, NULL, NULL, 1, 1, 100.00, NULL, NULL, '2012-11-24 15:44:38', NULL, NULL, 'R', 'tiagoadm'),
(150, NULL, NULL, 11, NULL, NULL, 2, 3, 1, 525.00, 0.00, 0.00, '2012-11-26 13:33:38', 'Forte em Midia', '', 'P', 'tiagoadm'),
(151, NULL, 150, NULL, 78, NULL, NULL, 1, 1, 20.00, NULL, NULL, '2012-11-26 13:34:14', NULL, NULL, 'R', 'tiagoadm'),
(152, NULL, 151, NULL, 79, NULL, NULL, 1, 1, 12.00, NULL, NULL, '2012-11-26 13:34:45', NULL, NULL, 'R', 'tiagoadm'),
(153, NULL, 152, NULL, 80, NULL, NULL, 1, 1, 35.00, NULL, NULL, '2012-11-26 15:44:56', NULL, NULL, 'R', 'tiagoadm'),
(154, NULL, NULL, 81, NULL, NULL, 50, 1, 1, 35.00, 0.00, 0.00, '2012-11-26 16:17:00', 'devoluçao', 'devoluçao cravelha', 'P', 'tiagoadm'),
(155, NULL, 153, NULL, 81, NULL, NULL, 1, 1, 12.00, NULL, NULL, '2012-11-27 18:57:34', NULL, NULL, 'R', 'tiagoadm'),
(156, NULL, 154, NULL, 82, NULL, NULL, 1, 1, 16.00, NULL, NULL, '2012-11-28 13:26:32', NULL, NULL, 'R', 'tiagoadm'),
(157, NULL, NULL, NULL, NULL, 15, NULL, 1, 1, 136.85, NULL, NULL, '2012-11-28 13:29:03', NULL, NULL, 'T', 'tiagoadm'),
(158, NULL, NULL, NULL, NULL, 15, NULL, 3, 1, 136.85, NULL, NULL, '2012-11-28 13:29:03', NULL, NULL, 'D', 'tiagoadm'),
(159, NULL, 155, NULL, 83, NULL, NULL, 1, 1, 27.00, NULL, NULL, '2012-11-28 16:08:43', NULL, NULL, 'R', 'tiagoadm'),
(160, NULL, NULL, 56, NULL, NULL, 26, 4, 6, 323.85, 0.00, 0.00, '2012-11-29 13:33:07', 'J Verdade', '', 'P', 'tiagoadm'),
(161, NULL, NULL, 82, NULL, NULL, 51, 3, 1, 346.23, 0.00, 0.00, '2012-11-29 15:13:17', 'Free Sax', '', 'P', 'tiagoadm'),
(162, NULL, NULL, 83, NULL, NULL, 52, 1, 1, 5.00, 0.00, 0.00, '2012-11-29 15:13:25', 'porta', '', 'P', 'tiagoadm'),
(163, NULL, NULL, 102, NULL, NULL, 54, 4, 1, 120.00, 0.00, 0.00, '2012-11-30 14:12:47', 'internet', '', 'P', 'tiagoadm'),
(164, NULL, 156, NULL, 84, NULL, NULL, 1, 1, 16.00, NULL, NULL, '2012-11-30 16:33:58', NULL, NULL, 'R', 'tiagoadm'),
(165, NULL, NULL, 104, NULL, NULL, 56, 1, 1, 8.00, 0.00, 0.00, '2012-11-30 17:41:18', 'ALIMENTAÇ&#195;O', '', 'P', 'tiagoadm'),
(166, NULL, NULL, 105, NULL, NULL, 57, 4, 1, 137.29, 0.00, 0.00, '2012-12-01 12:48:08', 'Previdencia', '', 'P', 'tiagoadm'),
(167, NULL, 157, NULL, 85, NULL, NULL, 1, 1, 21.00, NULL, NULL, '2012-12-01 14:39:35', NULL, NULL, 'R', 'tiagoadm'),
(168, NULL, 158, NULL, 86, NULL, NULL, 1, 1, 20.00, NULL, NULL, '2012-12-01 14:57:08', NULL, NULL, 'R', 'tiagoadm'),
(169, NULL, NULL, 84, NULL, NULL, 53, 3, 1, 655.97, 0.00, 0.00, '2012-12-03 12:49:59', 'emprestimo', '', 'P', 'tiagoadm'),
(170, NULL, NULL, NULL, NULL, 16, NULL, 1, 1, 100.00, NULL, NULL, '2012-12-03 12:50:25', NULL, NULL, 'T', 'tiagoadm'),
(171, NULL, NULL, NULL, NULL, 16, NULL, 3, 1, 100.00, NULL, NULL, '2012-12-03 12:50:25', NULL, NULL, 'D', 'tiagoadm'),
(172, NULL, NULL, NULL, NULL, 17, NULL, 4, 1, 270.00, NULL, NULL, '2012-12-03 12:51:00', NULL, NULL, 'T', 'tiagoadm'),
(173, NULL, NULL, NULL, NULL, 17, NULL, 3, 1, 270.00, NULL, NULL, '2012-12-03 12:51:00', NULL, NULL, 'D', 'tiagoadm'),
(174, NULL, NULL, NULL, NULL, 18, NULL, 6, 1, 87.39, NULL, NULL, '2012-12-03 12:54:43', NULL, NULL, 'T', 'tiagoadm'),
(175, NULL, NULL, NULL, NULL, 18, NULL, 3, 1, 87.39, NULL, NULL, '2012-12-03 12:54:43', NULL, NULL, 'D', 'tiagoadm'),
(176, NULL, NULL, NULL, NULL, 19, NULL, 8, 1, 26.00, NULL, NULL, '2012-12-03 12:56:45', NULL, NULL, 'T', 'tiagoadm'),
(177, NULL, NULL, NULL, NULL, 19, NULL, 3, 1, 26.00, NULL, NULL, '2012-12-03 12:56:45', NULL, NULL, 'D', 'tiagoadm'),
(178, NULL, NULL, 106, NULL, NULL, 58, 1, 1, 59.85, 0.00, 0.00, '2012-12-03 13:00:35', 'acerto caixa', '', 'P', 'tiagoadm'),
(179, NULL, 159, NULL, 87, NULL, NULL, 1, 1, 16.50, NULL, NULL, '2012-12-03 16:03:37', NULL, NULL, 'R', 'tiagoadm'),
(180, NULL, NULL, 107, NULL, NULL, 59, 4, 1, 52.00, 0.00, 0.00, '2012-12-04 12:45:22', 'Clei - Di Giorgio', '', 'P', 'tiagoadm'),
(181, NULL, 160, NULL, 88, NULL, NULL, 1, 1, 1000.00, NULL, NULL, '2012-12-04 13:47:36', NULL, NULL, 'R', 'tiagoadm'),
(182, NULL, NULL, 108, NULL, NULL, 60, 1, 1, 5.00, 0.00, 0.00, '2012-12-04 16:09:51', 'papelaria', '', 'P', 'tiagoadm'),
(183, NULL, 169, NULL, 89, NULL, NULL, 1, 1, 15.00, NULL, NULL, '2012-12-04 17:00:47', NULL, NULL, 'R', 'tiagoadm'),
(184, NULL, NULL, NULL, NULL, 20, NULL, 1, 1, 500.00, NULL, NULL, '2012-12-05 16:08:57', NULL, NULL, 'T', 'tiagoadm'),
(185, NULL, NULL, NULL, NULL, 20, NULL, 3, 1, 500.00, NULL, NULL, '2012-12-05 16:08:57', NULL, NULL, 'D', 'tiagoadm'),
(186, NULL, NULL, 109, NULL, NULL, 61, 1, 1, 130.00, 0.00, 0.00, '2012-12-05 16:09:59', 'Clei - Di Giorgio', '', 'P', 'tiagoadm'),
(187, NULL, NULL, NULL, NULL, 21, NULL, 9, 1, 5000.00, NULL, NULL, '2012-12-05 16:12:24', NULL, NULL, 'T', 'tiagoadm'),
(188, NULL, NULL, NULL, NULL, 21, NULL, 3, 1, 5000.00, NULL, NULL, '2012-12-05 16:12:24', NULL, NULL, 'D', 'tiagoadm'),
(189, NULL, 170, NULL, 90, NULL, NULL, 3, 3, 15.00, 0.00, 0.00, '2012-12-05 17:59:40', NULL, '', 'R', 'tiagoadm'),
(190, NULL, 171, NULL, 91, NULL, NULL, 3, 3, 19.21, 0.00, 0.00, '2012-12-05 17:59:48', NULL, '', 'R', 'tiagoadm'),
(191, NULL, 173, NULL, 93, NULL, NULL, 1, 1, 30.00, NULL, NULL, '2012-12-05 19:19:23', NULL, NULL, 'R', 'tiagoadm'),
(192, NULL, 174, NULL, 94, NULL, NULL, 1, 1, 90.00, NULL, NULL, '2012-12-05 20:39:28', NULL, NULL, 'R', 'tiagoadm'),
(193, NULL, 175, NULL, 95, NULL, NULL, 1, 1, 20.00, NULL, NULL, '2012-12-06 12:04:15', NULL, NULL, 'R', 'tiagoadm'),
(194, NULL, 176, NULL, 96, NULL, NULL, 1, 1, 6.50, NULL, NULL, '2012-12-06 12:05:31', NULL, NULL, 'R', 'tiagoadm'),
(195, NULL, NULL, 110, NULL, NULL, 62, 1, 1, 10.00, 0.00, 0.00, '2012-12-06 12:25:49', 'Limpeza', '', 'P', 'tiagoadm'),
(196, NULL, NULL, 111, NULL, NULL, 63, 3, 1, 37.92, 0.00, 0.00, '2012-12-06 13:24:59', 'taxa boleto', '', 'P', 'tiagoadm'),
(197, NULL, NULL, 112, NULL, NULL, 64, 1, 1, 6.00, 0.00, 0.00, '2012-12-06 14:25:57', 'agua', '', 'P', 'tiagoadm'),
(198, NULL, 177, NULL, 97, NULL, NULL, 1, 1, 4.50, NULL, NULL, '2012-12-06 15:10:38', NULL, NULL, 'R', 'tiagoadm'),
(199, NULL, 178, NULL, 98, NULL, NULL, 1, 1, 35.00, NULL, NULL, '2012-12-06 15:52:38', NULL, NULL, 'R', 'tiagoadm'),
(200, NULL, 179, NULL, 73, NULL, NULL, 1, 1, 14.00, NULL, NULL, '2012-12-06 19:06:26', NULL, NULL, 'R', 'edimilson'),
(201, NULL, 180, NULL, 99, NULL, NULL, 1, 1, 15.00, NULL, NULL, '2012-12-07 11:48:25', NULL, NULL, 'R', 'tiagoadm'),
(202, NULL, 185, NULL, 102, NULL, NULL, 1, 1, 8.00, NULL, NULL, '2012-12-07 15:59:03', NULL, NULL, 'R', 'tiagoadm'),
(203, NULL, NULL, 103, NULL, NULL, 55, 3, 1, 120.00, 0.00, 0.00, '2012-12-07 17:31:19', 'internet', '', 'P', 'tiagoadm'),
(204, NULL, 186, NULL, 103, NULL, NULL, 1, 1, 600.00, NULL, NULL, '2012-12-07 17:55:21', NULL, NULL, 'R', 'tiagoadm'),
(205, NULL, 187, NULL, 104, NULL, NULL, 1, 1, 100.00, NULL, NULL, '2012-12-07 19:12:37', NULL, NULL, 'R', 'tiagoadm'),
(206, NULL, 190, NULL, 105, NULL, NULL, 1, 1, 19.00, NULL, NULL, '2012-12-07 20:10:43', NULL, NULL, 'R', 'tiagoadm'),
(207, NULL, NULL, 132, NULL, NULL, 69, 1, 1, 16.30, 0.00, 0.00, '2012-12-08 13:11:16', 'Cartucho', '', 'P', 'tiagoadm'),
(208, NULL, NULL, 133, NULL, NULL, 70, 3, 1, 4.74, 0.00, 0.00, '2012-12-08 13:19:00', 'boleto', '', 'P', 'tiagoadm'),
(209, NULL, 191, NULL, 106, NULL, NULL, 1, 1, 32.00, NULL, NULL, '2012-12-08 16:02:27', NULL, NULL, 'R', 'tiagoadm'),
(210, NULL, 192, NULL, 107, NULL, NULL, 1, 1, 13.00, NULL, NULL, '2012-12-08 16:03:28', NULL, NULL, 'R', 'tiagoadm'),
(211, NULL, NULL, NULL, NULL, 22, NULL, 1, 1, 370.00, NULL, NULL, '2012-12-08 16:04:59', NULL, NULL, 'T', 'tiagoadm'),
(212, NULL, NULL, NULL, NULL, 22, NULL, 3, 1, 370.00, NULL, NULL, '2012-12-08 16:04:59', NULL, NULL, 'D', 'tiagoadm'),
(213, NULL, 107, NULL, 53, NULL, NULL, 3, 2, 171.90, 0.00, 0.00, '2012-12-10 17:43:02', NULL, '', 'R', 'tiagoadm'),
(214, NULL, NULL, NULL, NULL, 23, NULL, 1, 1, 55.00, NULL, NULL, '2012-12-10 17:56:28', NULL, NULL, 'T', 'tiagoadm'),
(215, NULL, NULL, NULL, NULL, 23, NULL, 3, 1, 55.00, NULL, NULL, '2012-12-10 17:56:28', NULL, NULL, 'D', 'tiagoadm'),
(216, NULL, 193, NULL, 108, NULL, NULL, 1, 1, 53.00, NULL, NULL, '2012-12-10 17:59:09', NULL, NULL, 'R', 'tiagoadm'),
(217, NULL, 194, NULL, 100, NULL, NULL, 1, 1, 12.00, NULL, NULL, '2012-12-11 11:34:21', NULL, NULL, 'R', 'edimilson'),
(218, NULL, 195, NULL, 110, NULL, NULL, 1, 1, 21.50, NULL, NULL, '2012-12-11 12:51:59', NULL, NULL, 'R', 'edimilson'),
(219, NULL, NULL, 134, NULL, NULL, 71, 1, 1, 40.00, 0.00, 0.00, '2012-12-11 15:27:54', 'celular', '', 'P', 'tiagoadm'),
(220, NULL, 3, NULL, 1, NULL, NULL, 3, 6, 50.00, 0.00, 0.00, '2012-12-11 15:39:29', NULL, '', 'R', 'tiagoadm'),
(221, NULL, 4, NULL, 1, NULL, NULL, 3, 6, 50.00, 0.00, 0.00, '2012-12-11 15:39:45', NULL, '', 'R', 'tiagoadm'),
(222, NULL, 196, NULL, 109, NULL, NULL, 1, 1, 8.00, NULL, NULL, '2012-12-11 15:53:39', NULL, NULL, 'R', 'tiagoadm'),
(223, NULL, 198, NULL, 113, NULL, NULL, 1, 1, 4.00, NULL, NULL, '2012-12-13 15:28:25', NULL, NULL, 'R', 'tiagoadm'),
(224, NULL, 199, NULL, 114, NULL, NULL, 1, 1, 20.00, NULL, NULL, '2012-12-13 16:52:15', NULL, NULL, 'R', 'tiagoadm'),
(225, NULL, 200, NULL, 115, NULL, NULL, 1, 1, 29.00, NULL, NULL, '2012-12-14 19:26:14', NULL, NULL, 'R', 'tiagoadm'),
(226, NULL, NULL, NULL, NULL, 24, NULL, 1, 1, 10.00, NULL, NULL, '2012-12-14 19:52:01', NULL, NULL, 'T', 'tiagoadm'),
(227, NULL, NULL, NULL, NULL, 24, NULL, 3, 1, 10.00, NULL, NULL, '2012-12-14 19:52:01', NULL, NULL, 'D', 'tiagoadm'),
(228, NULL, 201, NULL, 116, NULL, NULL, 1, 1, 28.00, NULL, NULL, '2012-12-15 13:35:00', NULL, NULL, 'R', 'tiagoadm'),
(229, NULL, 202, NULL, 117, NULL, NULL, 1, 1, 17.00, NULL, NULL, '2012-12-15 14:20:22', NULL, NULL, 'R', 'tiagoadm'),
(230, NULL, 203, NULL, 118, NULL, NULL, 1, 1, 20.00, NULL, NULL, '2012-12-15 14:55:16', NULL, NULL, 'R', 'tiagoadm'),
(231, NULL, NULL, 139, NULL, NULL, 76, 1, 1, 30.00, 0.00, 0.00, '2012-12-15 14:56:29', 'Clei - Di Giorgio', '', 'P', 'tiagoadm'),
(232, NULL, NULL, 42, NULL, NULL, 16, 3, 6, 848.50, 0.00, 0.00, '2012-12-15 15:11:54', 'Scalla', '', 'P', 'tiagoadm'),
(233, NULL, NULL, 45, NULL, NULL, 17, 3, 6, 599.00, 0.00, 0.00, '2012-12-15 15:12:02', 'Scalla', '', 'P', 'tiagoadm'),
(234, NULL, NULL, 140, NULL, NULL, 77, 3, 1, 37.00, 0.00, 0.00, '2012-12-17 12:22:49', 'taxa bancaria', '', 'P', 'tiagoadm'),
(235, NULL, NULL, 141, NULL, NULL, 78, 1, 1, 500.00, 0.00, 0.00, '2012-12-17 12:25:18', 'wesley', '', 'P', 'tiagoadm'),
(236, NULL, 204, NULL, 119, NULL, NULL, 1, 1, 10.00, NULL, NULL, '2012-12-17 12:26:19', NULL, NULL, 'R', 'tiagoadm'),
(237, NULL, 205, NULL, 111, NULL, NULL, 1, 1, 40.00, NULL, NULL, '2012-12-17 16:21:49', NULL, NULL, 'R', 'edimilson'),
(238, NULL, 206, NULL, 121, NULL, NULL, 1, 1, 17.50, NULL, NULL, '2012-12-17 17:05:52', NULL, NULL, 'R', 'edimilson'),
(239, NULL, NULL, NULL, NULL, 25, NULL, 4, 1, 35.00, NULL, NULL, '2012-12-18 12:50:56', NULL, NULL, 'T', 'tiagoadm'),
(240, NULL, NULL, NULL, NULL, 25, NULL, 1, 1, 35.00, NULL, NULL, '2012-12-18 12:50:56', NULL, NULL, 'D', 'tiagoadm'),
(241, NULL, NULL, 113, NULL, NULL, 65, 1, 6, 535.18, 0.00, 0.00, '2012-12-18 12:51:49', 'Arwel', '', 'P', 'tiagoadm'),
(242, NULL, 111, NULL, 54, NULL, NULL, 3, 6, 70.00, 0.00, 0.00, '2012-12-18 13:54:58', NULL, '', 'R', 'tiagoadm'),
(243, NULL, NULL, 136, NULL, NULL, 73, 3, 6, 38.35, 0.00, 0.00, '2012-12-18 14:01:51', 'goldem guitarra', '', 'P', 'tiagoadm'),
(244, NULL, NULL, 143, NULL, NULL, 80, 1, 1, 2.20, 0.00, 0.00, '2012-12-18 15:33:40', 'ACERTO', '', 'P', 'tiagOADM'),
(245, NULL, NULL, 144, NULL, NULL, 81, 3, 1, 668.28, 0.00, 0.00, '2012-12-18 17:06:18', 'Izzo', '', 'P', 'tiagoadm'),
(246, NULL, 207, NULL, 122, NULL, NULL, 1, 1, 27.00, NULL, NULL, '2012-12-18 20:14:28', NULL, NULL, 'R', 'edimilson'),
(247, NULL, 209, NULL, 123, NULL, NULL, 1, 1, 370.00, NULL, NULL, '2012-12-18 20:28:21', NULL, NULL, 'R', 'edimilson'),
(248, NULL, 213, NULL, 120, NULL, NULL, 1, 1, 2.00, NULL, NULL, '2012-12-19 12:50:25', NULL, NULL, 'R', 'tiagoadm'),
(249, NULL, NULL, 3, NULL, NULL, 1, 3, 1, 1000.00, 0.00, 0.00, '2012-12-19 13:56:34', 'Aluguel', '', 'P', 'tiagoadm'),
(250, NULL, NULL, 145, NULL, NULL, 82, 1, 1, 370.00, 0.00, 0.00, '2012-12-19 15:26:13', 'acerto', 'acerto de caixa - venda violino', 'P', 'tiagoadm'),
(251, NULL, 136, NULL, 68, NULL, NULL, 3, 2, 215.46, 0.00, 0.00, '2012-12-19 15:37:50', NULL, '', 'R', 'tiagoadm'),
(252, NULL, 146, NULL, 74, NULL, NULL, 3, 2, 16.41, 0.00, 0.00, '2012-12-19 15:38:10', NULL, '', 'R', 'tiagoadm'),
(253, NULL, 214, NULL, 125, NULL, NULL, 3, 2, 20.89, 0.00, 0.00, '2012-12-19 16:50:02', NULL, '', 'R', 'tiagoadm'),
(254, NULL, NULL, 142, NULL, NULL, 79, 3, 6, 192.50, 0.00, 0.00, '2012-12-20 13:58:12', '20/12/2012', '', 'P', 'tiagoadm'),
(255, NULL, NULL, 115, NULL, NULL, 67, 3, 6, 136.84, 0.00, 0.00, '2012-12-20 14:08:20', 'Previdencia', '', 'P', 'tiagoadm'),
(256, NULL, NULL, 146, NULL, NULL, 83, 3, 6, 190.85, 0.00, 0.00, '2012-12-20 14:11:45', 'imposto', '', 'P', 'tiagoadm'),
(257, NULL, NULL, 137, NULL, NULL, 74, 3, 6, 448.74, 0.00, 0.00, '2012-12-20 14:17:49', 'Joma Comercio', '', 'P', 'tiagoadm'),
(258, NULL, NULL, 12, NULL, NULL, 2, 3, 1, 525.00, 0.00, 0.00, '2012-12-20 14:22:04', 'Forte em Midia', '', 'P', 'tiagoadm'),
(259, NULL, NULL, 147, NULL, NULL, 84, 3, 6, 235.00, 0.00, 0.00, '2012-12-20 14:27:46', 'Pasqualino', '', 'P', 'tiagoadm'),
(260, NULL, NULL, 149, NULL, NULL, 86, 3, 6, 184.50, 0.00, 0.00, '2012-12-20 14:41:42', 'cpfl', '', 'P', 'tiagoadm'),
(261, NULL, NULL, NULL, NULL, 26, NULL, 4, 1, 184.50, NULL, NULL, '2012-12-20 14:46:03', NULL, NULL, 'T', 'tiagoadm'),
(262, NULL, NULL, NULL, NULL, 26, NULL, 3, 1, 184.50, NULL, NULL, '2012-12-20 14:46:03', NULL, NULL, 'D', 'tiagoadm'),
(263, NULL, 215, NULL, 126, NULL, NULL, 1, 1, 14.00, NULL, NULL, '2012-12-20 20:57:56', NULL, NULL, 'R', 'tiagoadm'),
(264, NULL, 216, NULL, 127, NULL, NULL, 1, 1, 18.00, NULL, NULL, '2012-12-21 12:34:31', NULL, NULL, 'R', 'tiagoadm'),
(265, NULL, NULL, 150, NULL, NULL, 87, 1, 1, 4.65, 0.00, 0.00, '2012-12-21 12:52:43', 'Marques & Mattos', '', 'P', 'tiagoadm'),
(266, NULL, 217, NULL, 128, NULL, NULL, 1, 1, 22.00, NULL, NULL, '2012-12-21 16:55:45', NULL, NULL, 'R', 'TIAGOADM'),
(267, NULL, 218, NULL, 129, NULL, NULL, 1, 1, 93.00, NULL, NULL, '2012-12-21 18:32:36', NULL, NULL, 'R', 'tiagoadm'),
(268, NULL, 80, NULL, 49, NULL, NULL, 3, 6, 309.00, 0.00, 0.00, '2012-12-22 13:28:25', NULL, '', 'R', 'tiagoadm'),
(269, NULL, 228, NULL, 130, NULL, NULL, 1, 1, 24.00, NULL, NULL, '2012-12-22 14:10:51', NULL, NULL, 'R', 'tiagoadm'),
(270, NULL, 229, NULL, 131, NULL, NULL, 1, 1, 36.00, NULL, NULL, '2012-12-22 14:35:44', NULL, NULL, 'R', 'tiagoadm'),
(271, NULL, NULL, NULL, NULL, 27, NULL, 1, 1, 180.00, NULL, NULL, '2012-12-26 12:22:48', NULL, NULL, 'T', 'tiagoadm'),
(272, NULL, NULL, NULL, NULL, 27, NULL, 3, 1, 180.00, NULL, NULL, '2012-12-26 12:22:48', NULL, NULL, 'D', 'tiagoadm'),
(273, NULL, 230, NULL, 132, NULL, NULL, 1, 1, 36.00, NULL, NULL, '2012-12-26 13:09:10', NULL, NULL, 'R', 'tiagoadm'),
(274, NULL, 188, NULL, 104, NULL, NULL, 1, 6, 100.00, 0.00, 0.00, '2012-12-26 19:13:14', NULL, '', 'R', 'tiagoadm'),
(275, NULL, 231, NULL, 133, NULL, NULL, 1, 1, 24.00, NULL, NULL, '2012-12-27 15:50:20', NULL, NULL, 'R', 'tiagoadm'),
(276, NULL, 232, NULL, 134, NULL, NULL, 1, 1, 22.00, NULL, NULL, '2012-12-27 17:38:06', NULL, NULL, 'R', 'tiagoadm'),
(277, NULL, 233, NULL, 135, NULL, NULL, 1, 1, 16.00, NULL, NULL, '2012-12-27 17:50:21', NULL, NULL, 'R', 'tiagoadm'),
(278, NULL, NULL, NULL, NULL, 28, NULL, 1, 1, 290.00, NULL, NULL, '2012-12-28 12:32:37', NULL, NULL, 'T', 'tiagoadm'),
(279, NULL, NULL, NULL, NULL, 28, NULL, 3, 1, 290.00, NULL, NULL, '2012-12-28 12:32:37', NULL, NULL, 'D', 'tiagoadm'),
(280, NULL, 140, NULL, 70, NULL, NULL, 3, 6, 70.00, 0.00, 0.00, '2012-12-28 12:39:56', NULL, '', 'R', 'tiagoadm'),
(281, NULL, 235, NULL, 137, NULL, NULL, 1, 1, 14.00, NULL, NULL, '2012-12-28 13:13:24', NULL, NULL, 'R', 'tiagoadm'),
(282, NULL, 236, NULL, 138, NULL, NULL, 1, 1, 70.00, NULL, NULL, '2012-12-28 14:42:35', NULL, NULL, 'R', 'tiagoadm'),
(283, NULL, 247, NULL, 139, NULL, NULL, 1, 1, 14.00, NULL, NULL, '2012-12-28 14:58:45', NULL, NULL, 'R', 'tiagoadm'),
(284, NULL, NULL, 135, NULL, NULL, 72, 3, 6, 607.05, 0.00, 0.00, '2012-12-28 16:56:30', 'goldem guitarra', '', 'P', 'tiagoadm'),
(285, NULL, NULL, 57, NULL, NULL, 26, 3, 6, 323.85, 0.00, 0.00, '2012-12-28 16:56:35', 'J Verdade', '', 'P', 'tiagoadm'),
(286, NULL, NULL, 152, NULL, NULL, 89, 4, 1, 40.00, 0.00, 0.00, '2012-12-29 12:05:28', 'coleta', '', 'P', 'tiagoadm'),
(287, NULL, NULL, NULL, NULL, 29, NULL, 1, 1, 100.00, NULL, NULL, '2012-12-29 12:05:48', NULL, NULL, 'T', 'tiagoadm'),
(288, NULL, NULL, NULL, NULL, 29, NULL, 3, 1, 100.00, NULL, NULL, '2012-12-29 12:05:48', NULL, NULL, 'D', 'tiagoadm'),
(289, NULL, NULL, 85, NULL, NULL, 53, 3, 1, 655.97, 0.00, 0.00, '2013-01-02 12:35:35', 'emprestimo', '', 'P', 'tiagoadm'),
(290, NULL, 248, NULL, 140, NULL, NULL, 1, 1, 4.00, NULL, NULL, '2013-01-02 13:55:17', NULL, NULL, 'R', 'tiagoadm'),
(291, NULL, 249, NULL, 141, NULL, NULL, 1, 1, 8.00, NULL, NULL, '2013-01-02 15:32:45', NULL, NULL, 'R', 'tiagoadm'),
(292, NULL, 250, NULL, 142, NULL, NULL, 1, 1, 14.00, NULL, NULL, '2013-01-02 15:33:16', NULL, NULL, 'R', 'tiagoadm'),
(293, NULL, 172, NULL, 92, NULL, NULL, 3, 2, 34.76, 0.00, 0.00, '2013-01-04 12:52:29', NULL, '', 'R', 'tiagoadm'),
(294, NULL, 181, NULL, 101, NULL, NULL, 3, 2, 65.58, 0.00, 0.00, '2013-01-04 12:53:04', NULL, '', 'R', 'tiagoadm'),
(295, NULL, 108, NULL, 53, NULL, NULL, 3, 2, 171.09, 0.00, 0.00, '2013-01-04 12:54:29', NULL, '', 'R', 'tiagoadm'),
(296, NULL, NULL, 153, NULL, NULL, 90, 3, 1, 617.45, 0.00, 0.00, '2013-01-04 13:01:54', 'acerto', '', 'P', 'tiagoadm'),
(297, NULL, 252, NULL, 144, NULL, NULL, 1, 1, 15.00, NULL, NULL, '2013-01-04 17:06:24', NULL, NULL, 'R', 'tiagoadm'),
(298, NULL, 253, NULL, 124, NULL, NULL, 1, 1, 80.00, NULL, NULL, '2013-01-04 19:50:46', NULL, NULL, 'R', 'edimilson'),
(299, NULL, 262, NULL, 146, NULL, NULL, 1, 1, 6.20, NULL, NULL, '2013-01-04 20:24:51', NULL, NULL, 'R', 'edimilson'),
(300, NULL, 263, NULL, 147, NULL, NULL, 1, 1, 2.00, NULL, NULL, '2013-01-04 21:15:49', NULL, NULL, 'R', 'edimilson'),
(301, NULL, 265, NULL, 149, NULL, NULL, 1, 1, 18.00, NULL, NULL, '2013-01-05 14:17:12', NULL, NULL, 'R', 'tiagoadm'),
(302, NULL, 266, NULL, 150, NULL, NULL, 1, 1, 32.00, NULL, NULL, '2013-01-05 14:34:45', NULL, NULL, 'R', 'tiagoadm'),
(303, NULL, 267, NULL, 151, NULL, NULL, 1, 1, 12.00, NULL, NULL, '2013-01-07 13:16:11', NULL, NULL, 'R', 'tiagoadm'),
(304, NULL, 268, NULL, 152, NULL, NULL, 1, 1, 20.00, NULL, NULL, '2013-01-07 13:16:50', NULL, NULL, 'R', 'tiagoadm'),
(305, NULL, NULL, NULL, NULL, 30, NULL, 1, 1, 210.00, NULL, NULL, '2013-01-07 13:17:07', NULL, NULL, 'T', 'tiagoadm'),
(306, NULL, NULL, NULL, NULL, 30, NULL, 3, 1, 210.00, NULL, NULL, '2013-01-07 13:17:07', NULL, NULL, 'D', 'tiagoadm'),
(307, NULL, 269, NULL, 153, NULL, NULL, 1, 1, 20.00, NULL, NULL, '2013-01-07 13:27:45', NULL, NULL, 'R', 'tiagoadm'),
(308, NULL, 197, NULL, 112, NULL, NULL, 3, 2, 5.79, 0.00, 0.00, '2013-01-07 13:30:08', NULL, '', 'R', 'tiagoadm'),
(309, NULL, 264, NULL, 145, NULL, NULL, 3, 3, 39.10, 0.00, 0.00, '2013-01-07 13:30:55', NULL, '', 'R', 'tiagoadm'),
(310, NULL, 270, NULL, 154, NULL, NULL, 1, 1, 20.00, NULL, NULL, '2013-01-07 20:30:02', NULL, NULL, 'R', 'tiagoadm'),
(311, NULL, 271, NULL, 155, NULL, NULL, 1, 1, 14.00, NULL, NULL, '2013-01-09 14:28:08', NULL, NULL, 'R', 'tiagoadm'),
(312, NULL, NULL, 155, NULL, NULL, 92, 4, 1, 1033.46, 0.00, 0.00, '2013-01-10 16:53:05', 'acerto', '', 'P', 'tiagoadm'),
(313, NULL, 273, NULL, 158, NULL, NULL, 1, 1, 12.00, NULL, NULL, '2013-01-10 17:18:40', NULL, NULL, 'R', 'tiagoadm'),
(314, NULL, 274, NULL, 159, NULL, NULL, 1, 1, 35.00, NULL, NULL, '2013-01-11 18:58:40', NULL, NULL, 'R', 'tiagoadm'),
(315, NULL, 275, NULL, 160, NULL, NULL, 1, 1, 65.00, NULL, NULL, '2013-01-11 19:13:49', NULL, NULL, 'R', 'tiagoadm'),
(316, NULL, NULL, 159, NULL, NULL, 95, 4, 1, 30.00, 0.00, 0.00, '2013-01-12 12:13:25', 'celular', '', 'P', 'tiagoadm'),
(317, NULL, 276, NULL, 161, NULL, NULL, 1, 1, 500.00, NULL, NULL, '2013-01-12 12:32:15', NULL, NULL, 'R', 'tiagoadm'),
(318, NULL, 285, NULL, 162, NULL, NULL, 1, 1, 16.00, NULL, NULL, '2013-01-12 12:34:25', NULL, NULL, 'R', 'tiagoadm'),
(319, NULL, NULL, 160, NULL, NULL, 96, 1, 1, 250.00, 0.00, 0.00, '2013-01-12 12:48:13', 'cello - Jesse', '', 'P', 'tiagoadm'),
(320, NULL, 112, NULL, 54, NULL, NULL, 3, 6, 70.00, 0.00, 0.00, '2013-01-12 13:09:48', NULL, '', 'R', 'tiagoadm'),
(321, NULL, 161, NULL, 88, NULL, NULL, 3, 6, 300.00, 0.00, 0.00, '2013-01-12 13:10:18', NULL, '', 'R', 'tiagoadm'),
(322, NULL, 210, NULL, 123, NULL, NULL, 3, 2, 117.23, 0.00, 0.00, '2013-01-12 13:11:15', NULL, '', 'R', 'tiagoadm'),
(323, NULL, NULL, 114, NULL, NULL, 66, 3, 6, 535.18, 0.00, 0.00, '2013-01-12 13:26:38', 'Arwel', '', 'P', 'tiagoadm'),
(324, NULL, NULL, NULL, NULL, 31, NULL, 1, 1, 390.00, NULL, NULL, '2013-01-14 12:35:04', NULL, NULL, 'T', 'tiagoadm'),
(325, NULL, NULL, NULL, NULL, 31, NULL, 3, 1, 390.00, NULL, NULL, '2013-01-14 12:35:04', NULL, NULL, 'D', 'tiagoadm'),
(326, NULL, 287, NULL, 163, NULL, NULL, 1, 1, 100.00, NULL, NULL, '2013-01-14 12:47:26', NULL, NULL, 'R', 'tiagoadm'),
(327, NULL, 286, NULL, 148, NULL, NULL, 3, 3, 37.14, 0.00, 0.00, '2013-01-14 17:24:22', NULL, '', 'R', 'tiagoadm'),
(328, NULL, NULL, NULL, NULL, 32, NULL, 4, 1, 280.00, NULL, NULL, '2013-01-14 17:30:37', NULL, NULL, 'T', 'tiagoadm'),
(329, NULL, NULL, NULL, NULL, 32, NULL, 3, 1, 280.00, NULL, NULL, '2013-01-14 17:30:37', NULL, NULL, 'D', 'tiagoadm'),
(330, NULL, NULL, 43, NULL, NULL, 16, 3, 6, 848.50, 0.00, 0.00, '2013-01-14 17:40:20', 'Scalla', '', 'P', 'tiagoadm'),
(331, NULL, NULL, 46, NULL, NULL, 17, 3, 6, 599.00, 0.00, 0.00, '2013-01-14 17:40:36', 'Scalla', '', 'P', 'tiagoadm'),
(332, NULL, 298, NULL, 164, NULL, NULL, 1, 1, 27.00, NULL, NULL, '2013-01-15 17:18:55', NULL, NULL, 'R', 'edimilson'),
(333, NULL, 299, NULL, 166, NULL, NULL, 1, 1, 13.00, NULL, NULL, '2013-01-15 20:13:33', NULL, NULL, 'R', 'edimilson'),
(334, NULL, 300, NULL, 166, NULL, NULL, 1, 1, 13.00, NULL, NULL, '2013-01-15 20:24:53', NULL, NULL, 'R', 'edimilson'),
(335, NULL, NULL, 165, NULL, NULL, 99, 1, 1, 13.00, 0.00, 0.00, '2013-01-15 20:28:20', 'acerto', '', 'P', 'tiagoadm'),
(336, NULL, 301, NULL, 165, NULL, NULL, 1, 1, 30.00, NULL, NULL, '2013-01-15 20:29:25', NULL, NULL, 'R', 'tiagoadm'),
(337, NULL, NULL, 154, NULL, NULL, 91, 4, 4, 251.00, 0.00, 0.00, '2013-01-15 20:29:41', 'Clei - Di Giorgio', '', 'P', 'tiagoadm'),
(338, NULL, NULL, NULL, NULL, 33, NULL, 4, 1, 500.00, NULL, NULL, '2013-01-15 20:29:59', NULL, NULL, 'T', 'tiagoadm'),
(339, NULL, NULL, NULL, NULL, 33, NULL, 3, 1, 500.00, NULL, NULL, '2013-01-15 20:29:59', NULL, NULL, 'D', 'tiagoadm'),
(340, NULL, NULL, 166, NULL, NULL, 100, 3, 1, 37.92, 0.00, 0.00, '2013-01-16 12:28:45', 'tarifa boleto', '', 'P', 'tiagoadm'),
(341, NULL, NULL, 167, NULL, NULL, 101, 3, 1, 37.00, 0.00, 0.00, '2013-01-16 12:28:51', 'taxa bancaria', '', 'P', 'tiagoadm'),
(342, NULL, NULL, 168, NULL, NULL, 102, 3, 6, 120.00, 0.00, 0.00, '2013-01-16 20:23:12', 'internet', '', 'P', 'tiagoadm'),
(343, NULL, NULL, 169, NULL, NULL, 103, 3, 1, 54.00, 0.00, 0.00, '2013-01-17 12:32:17', 'taxa boleto', '', 'P', 'tiagoadm'),
(344, NULL, NULL, NULL, NULL, 34, NULL, 1, 1, 180.00, NULL, NULL, '2013-01-17 12:34:33', NULL, NULL, 'T', 'tiagoadm'),
(345, NULL, NULL, NULL, NULL, 34, NULL, 3, 1, 180.00, NULL, NULL, '2013-01-17 12:34:33', NULL, NULL, 'D', 'tiagoadm'),
(346, NULL, 302, NULL, 168, NULL, NULL, 1, 1, 13.50, NULL, NULL, '2013-01-17 19:47:53', NULL, NULL, 'R', 'tiagoadm'),
(347, NULL, NULL, 170, NULL, NULL, 104, 4, 1, 117.50, 0.00, 0.00, '2013-01-18 13:36:16', 'Clei - Di Giorgio', '', 'P', 'tiagoadm'),
(348, NULL, NULL, NULL, NULL, 35, NULL, 4, 1, 136.84, NULL, NULL, '2013-01-18 20:34:13', NULL, NULL, 'T', 'tiagoadm'),
(349, NULL, NULL, NULL, NULL, 35, NULL, 3, 1, 136.84, NULL, NULL, '2013-01-18 20:34:13', NULL, NULL, 'D', 'tiagoadm'),
(350, NULL, NULL, NULL, NULL, 36, NULL, 1, 1, 10.00, NULL, NULL, '2013-01-18 20:34:23', NULL, NULL, 'T', 'tiagoadm'),
(351, NULL, NULL, NULL, NULL, 36, NULL, 3, 1, 10.00, NULL, NULL, '2013-01-18 20:34:23', NULL, NULL, 'D', 'tiagoadm'),
(352, NULL, NULL, 171, NULL, NULL, 105, 3, 1, 146.84, 0.00, 0.00, '2013-01-18 20:35:00', 'INSS', '', 'P', 'tiagoadm'),
(353, NULL, 237, NULL, 138, NULL, NULL, 3, 6, 49.00, 0.00, 0.00, '2013-01-19 12:26:48', NULL, '', 'R', 'tiagoadm'),
(354, NULL, 81, NULL, 49, NULL, NULL, 3, 6, 309.00, 0.00, 0.00, '2013-01-19 12:27:05', NULL, '', 'R', 'tiagoadm'),
(355, NULL, 303, NULL, 169, NULL, NULL, 1, 1, 300.00, NULL, NULL, '2013-01-19 13:02:05', NULL, NULL, 'R', 'tiagoadm'),
(356, NULL, NULL, 172, NULL, NULL, 106, 1, 1, 300.00, 0.00, 0.00, '2013-01-19 13:03:08', 'trompete eagle', '', 'P', 'tiagoadm'),
(357, NULL, NULL, 148, NULL, NULL, 85, 3, 6, 235.00, 0.00, 0.00, '2013-01-19 13:46:43', 'Pasqualino', '', 'P', 'tiagoadm'),
(358, NULL, NULL, 158, NULL, NULL, 94, 3, 6, 141.14, 0.00, 0.00, '2013-01-19 13:50:41', 'imposto', '', 'P', 'tiagoadm'),
(359, NULL, 305, NULL, 170, NULL, NULL, 1, 1, 8.00, NULL, NULL, '2013-01-19 15:07:17', NULL, NULL, 'R', 'tiagoadm'),
(360, NULL, 306, NULL, 171, NULL, NULL, 1, 1, 36.00, NULL, NULL, '2013-01-19 15:08:07', NULL, NULL, 'R', 'tiagoadm'),
(361, NULL, 137, NULL, 68, NULL, NULL, 3, 2, 215.44, 0.00, 0.00, '2013-01-21 18:05:37', NULL, '', 'R', 'tiagoadm'),
(362, NULL, 137, NULL, 68, NULL, NULL, 3, 2, 215.44, 0.00, 0.00, '2013-01-21 18:05:58', NULL, '', 'R', 'tiagoadm'),
(363, NULL, 304, NULL, 169, NULL, NULL, 3, 3, 215.05, 0.00, 0.00, '2013-01-21 18:06:21', NULL, '', 'R', 'tiagoadm'),
(364, NULL, 307, NULL, 172, NULL, NULL, 3, 3, 22.97, 0.00, 0.00, '2013-01-21 18:07:20', NULL, '', 'R', 'tiagoadm'),
(365, NULL, 309, NULL, 173, NULL, NULL, 1, 1, 200.00, NULL, NULL, '2013-01-21 21:07:38', NULL, NULL, 'R', 'tiagoadm'),
(366, NULL, NULL, 173, NULL, NULL, 107, 1, 1, 200.00, 0.00, 0.00, '2013-01-21 21:08:41', 'clarinete', '', 'P', 'tiagoadm'),
(367, NULL, 310, NULL, 174, NULL, NULL, 1, 1, 12.00, NULL, NULL, '2013-01-22 13:41:36', NULL, NULL, 'R', 'tiagoadm'),
(368, NULL, 311, NULL, 175, NULL, NULL, 1, 1, 3.00, NULL, NULL, '2013-01-22 13:41:59', NULL, NULL, 'R', 'tiagoadm'),
(369, NULL, NULL, 4, NULL, NULL, 1, 4, 1, 1000.00, 0.00, 0.00, '2013-01-22 13:45:42', 'Aluguel', '', 'P', 'tiagoadm'),
(370, NULL, 308, NULL, 167, NULL, NULL, 3, 3, 39.00, 0.00, 0.00, '2013-01-22 13:49:27', NULL, '', 'R', 'tiagoadm'),
(371, NULL, NULL, 161, NULL, NULL, 97, 3, 6, 398.76, 0.00, 0.00, '2013-01-22 13:59:41', 'Golden ', '', 'P', 'tiagoadm'),
(372, NULL, NULL, 138, NULL, NULL, 75, 3, 6, 448.74, 0.00, 0.00, '2013-01-22 13:59:49', 'Joma Comercio', '', 'P', 'tiagoadm'),
(373, NULL, 312, NULL, 176, NULL, NULL, 1, 1, 60.00, NULL, NULL, '2013-01-22 14:30:04', NULL, NULL, 'R', 'tiagoadm'),
(374, NULL, 313, NULL, 177, NULL, NULL, 1, 1, 16.00, NULL, NULL, '2013-01-22 19:50:36', NULL, NULL, 'R', 'tiagoadm'),
(375, NULL, 314, NULL, 178, NULL, NULL, 1, 1, 4.00, NULL, NULL, '2013-01-23 13:06:43', NULL, NULL, 'R', 'tiagoadm'),
(376, NULL, NULL, 116, NULL, NULL, 68, 4, 1, 300.00, 0.00, 0.00, '2013-01-24 11:43:36', 'Daniel', '', 'P', 'tiagoadm'),
(377, NULL, NULL, NULL, NULL, 37, NULL, 1, 1, 150.00, NULL, NULL, '2013-01-24 11:44:01', NULL, NULL, 'T', 'tiagoadm'),
(378, NULL, NULL, NULL, NULL, 37, NULL, 3, 1, 150.00, NULL, NULL, '2013-01-24 11:44:01', NULL, NULL, 'D', 'tiagoadm'),
(379, NULL, NULL, NULL, NULL, 38, NULL, 4, 1, 200.00, NULL, NULL, '2013-01-24 11:44:16', NULL, NULL, 'T', 'tiagoadm'),
(380, NULL, NULL, NULL, NULL, 38, NULL, 3, 1, 200.00, NULL, NULL, '2013-01-24 11:44:16', NULL, NULL, 'D', 'tiagoadm'),
(381, NULL, 315, NULL, 179, NULL, NULL, 1, 1, 2.00, NULL, NULL, '2013-01-24 11:58:17', NULL, NULL, 'R', 'tiagoadm'),
(382, NULL, 141, NULL, 70, NULL, NULL, 3, 6, 72.84, 0.00, 0.00, '2013-01-24 11:59:15', NULL, '', 'R', 'tiagoadm'),
(383, NULL, 316, NULL, 180, NULL, NULL, 1, 1, 13.50, NULL, NULL, '2013-01-24 16:44:25', NULL, NULL, 'R', 'tiagoadm'),
(384, NULL, 317, NULL, 181, NULL, NULL, 1, 1, 20.00, NULL, NULL, '2013-01-24 17:57:46', NULL, NULL, 'R', 'tiagoadm'),
(385, NULL, 319, NULL, 183, NULL, NULL, 1, 1, 11.00, NULL, NULL, '2013-01-25 12:59:05', NULL, NULL, 'R', 'tiagoadm'),
(386, NULL, 321, NULL, 184, NULL, NULL, 1, 1, 52.00, NULL, NULL, '2013-01-25 13:01:42', NULL, NULL, 'R', 'tiagoadm'),
(387, NULL, NULL, 174, NULL, NULL, 108, 3, 1, 7.80, 0.00, 0.00, '2013-01-25 16:32:44', 'doc', '', 'P', 'tiagoadm'),
(388, NULL, NULL, 13, NULL, NULL, 2, 3, 1, 525.00, 0.00, 0.00, '2013-01-25 17:09:38', 'Forte em Midia', '', 'P', 'tiagoadm'),
(389, NULL, NULL, NULL, NULL, 39, NULL, 4, 1, 40.00, NULL, NULL, '2013-01-25 17:09:52', NULL, NULL, 'T', 'tiagoadm'),
(390, NULL, NULL, NULL, NULL, 39, NULL, 3, 1, 40.00, NULL, NULL, '2013-01-25 17:09:52', NULL, NULL, 'D', 'tiagoadm'),
(391, NULL, 322, NULL, 185, NULL, NULL, 1, 1, 8.00, NULL, NULL, '2013-01-26 14:40:38', NULL, NULL, 'R', 'tiagoadm'),
(392, NULL, 323, NULL, 186, NULL, NULL, 1, 1, 8.00, NULL, NULL, '2013-01-26 14:49:40', NULL, NULL, 'R', 'tiagoadm'),
(393, NULL, 324, NULL, 187, NULL, NULL, 1, 1, 30.00, NULL, NULL, '2013-01-26 15:34:41', NULL, NULL, 'R', 'tiagoadm'),
(394, NULL, 320, NULL, 183, NULL, NULL, 3, 3, 24.44, 0.00, 0.00, '2013-01-28 12:55:46', NULL, '', 'R', 'tiagoadm'),
(395, NULL, 234, NULL, 136, NULL, NULL, 3, 2, 57.93, 0.00, 0.00, '2013-01-28 12:56:06', NULL, '', 'R', 'tiagoadm'),
(396, NULL, NULL, 175, NULL, NULL, 109, 3, 1, 7.90, 0.00, 0.00, '2013-01-28 12:57:24', 'taxa bancaria', '', 'P', 'tiagoadm'),
(397, NULL, NULL, 176, NULL, NULL, 110, 3, 1, 253.66, 0.00, 0.00, '2013-01-28 12:58:55', 'acerto', '', 'P', 'tiagoadm'),
(398, NULL, NULL, NULL, NULL, 40, NULL, 1, 1, 130.00, NULL, NULL, '2013-01-28 14:32:04', NULL, NULL, 'T', 'tiagoadm'),
(399, NULL, NULL, NULL, NULL, 40, NULL, 3, 1, 130.00, NULL, NULL, '2013-01-28 14:32:04', NULL, NULL, 'D', 'tiagoadm'),
(400, NULL, 326, NULL, 190, NULL, NULL, 1, 1, 6.40, NULL, NULL, '2013-01-28 15:08:44', NULL, NULL, 'R', 'edimilson'),
(401, NULL, 327, NULL, 191, NULL, NULL, 1, 1, 235.00, NULL, NULL, '2013-01-28 15:59:18', NULL, NULL, 'R', 'edimilson'),
(402, NULL, NULL, NULL, NULL, 41, NULL, 1, 1, 235.00, NULL, NULL, '2013-01-28 16:31:23', NULL, NULL, 'T', 'edimilson'),
(403, NULL, NULL, NULL, NULL, 41, NULL, 3, 1, 235.00, NULL, NULL, '2013-01-28 16:31:23', NULL, NULL, 'D', 'edimilson'),
(404, NULL, 332, NULL, 194, NULL, NULL, 1, 1, 6.00, NULL, NULL, '2013-01-28 18:29:04', NULL, NULL, 'R', 'edimilson'),
(405, NULL, 333, NULL, 189, NULL, NULL, 1, 1, 215.00, NULL, NULL, '2013-01-29 14:06:03', NULL, NULL, 'R', 'tiagoadm'),
(406, NULL, NULL, 177, NULL, NULL, 111, 1, 1, 6.00, 0.00, 0.00, '2013-01-29 14:10:37', 'agua', '', 'P', 'tiagoadm'),
(407, NULL, 330, NULL, 192, NULL, NULL, 3, 3, 15.00, 0.00, 0.00, '2013-01-29 14:11:07', NULL, '', 'R', 'tiagoadm'),
(408, NULL, 335, NULL, 197, NULL, NULL, 1, 1, 20.00, NULL, NULL, '2013-01-29 14:32:01', NULL, NULL, 'R', 'tiagoadm'),
(409, NULL, 338, NULL, 200, NULL, NULL, 1, 1, 320.00, NULL, NULL, '2013-01-29 16:49:34', NULL, NULL, 'R', 'tiagoadm'),
(410, NULL, NULL, 178, NULL, NULL, 112, 1, 1, 120.00, 0.00, 0.00, '2013-01-29 17:14:01', 'estojo viola devoluç&#227;o', '', 'P', 'tiagoadm'),
(411, NULL, NULL, NULL, NULL, 42, NULL, 1, 1, 200.00, NULL, NULL, '2013-01-29 17:15:04', NULL, NULL, 'T', 'tiagoadm'),
(412, NULL, NULL, NULL, NULL, 42, NULL, 3, 1, 200.00, NULL, NULL, '2013-01-29 17:15:04', NULL, NULL, 'D', 'tiagoadm'),
(413, NULL, NULL, NULL, NULL, 43, NULL, 1, 1, 270.00, NULL, NULL, '2013-01-30 12:54:53', NULL, NULL, 'T', 'tiagoadm'),
(414, NULL, NULL, NULL, NULL, 43, NULL, 3, 1, 270.00, NULL, NULL, '2013-01-30 12:54:53', NULL, NULL, 'D', 'tiagoadm'),
(415, NULL, NULL, NULL, NULL, 44, NULL, 4, 1, 200.00, NULL, NULL, '2013-01-30 12:55:00', NULL, NULL, 'T', 'tiagoadm'),
(416, NULL, NULL, NULL, NULL, 44, NULL, 3, 1, 200.00, NULL, NULL, '2013-01-30 12:55:00', NULL, NULL, 'D', 'tiagoadm'),
(417, NULL, NULL, 151, NULL, NULL, 88, 4, 1, 183.00, 0.00, 0.00, '2013-01-30 12:57:13', 'Clei - Di Giorgio', '', 'P', 'tiagoadm'),
(418, NULL, NULL, 179, NULL, NULL, 113, 3, 1, 1162.59, 0.00, 0.00, '2013-01-30 12:58:00', 'Izzo', '', 'P', 'tiagoadm'),
(419, NULL, 340, NULL, 201, NULL, NULL, 1, 1, 20.00, NULL, NULL, '2013-01-30 17:48:56', NULL, NULL, 'R', 'tiagoadm'),
(420, NULL, 337, NULL, 199, NULL, NULL, 3, 3, 144.00, 0.00, 0.00, '2013-01-31 12:49:43', NULL, '', 'R', 'tiagoadm'),
(421, NULL, NULL, NULL, NULL, 45, NULL, 5, 1, 256.00, NULL, NULL, '2013-01-31 12:53:28', NULL, NULL, 'T', 'tiagoadm'),
(422, NULL, NULL, NULL, NULL, 45, NULL, 3, 1, 256.00, NULL, NULL, '2013-01-31 12:53:28', NULL, NULL, 'D', 'tiagoadm'),
(423, NULL, NULL, 180, NULL, NULL, 114, 3, 1, 36.00, 0.00, 0.00, '2013-01-31 12:54:19', 'Face', '', 'P', 'tiagoadm'),
(424, NULL, 341, NULL, 202, NULL, NULL, 1, 1, 5.00, NULL, NULL, '2013-01-31 19:53:26', NULL, NULL, 'R', 'tiagoadm');
INSERT INTO `lancamentos` (`lancamentoID`, `emprestimoID`, `receberID`, `pagarID`, `vendaID`, `transferenciaID`, `contaPagarID`, `livroID`, `formID`, `valor`, `desconto`, `acrescimo`, `data`, `favorecido`, `observacao`, `tipo`, `usuario`) VALUES
(425, NULL, NULL, 181, NULL, NULL, 115, 1, 1, 60.00, 0.00, 0.00, '2013-02-01 12:14:28', 'Andre', '', 'P', 'tiagoadm'),
(426, NULL, NULL, 182, NULL, NULL, 116, 4, 1, 8.00, 0.00, 0.00, '2013-02-01 12:14:35', 'andre', '', 'P', 'tiagoadm'),
(427, NULL, 342, NULL, 203, NULL, NULL, 1, 1, 8.00, NULL, NULL, '2013-02-01 16:01:10', NULL, NULL, 'R', 'tiagoadm'),
(428, NULL, 343, NULL, 204, NULL, NULL, 1, 1, 3.00, NULL, NULL, '2013-02-01 19:30:00', NULL, NULL, 'R', 'tiagoadm'),
(429, NULL, 113, NULL, 54, NULL, NULL, 3, 6, 70.00, 0.00, 0.00, '2013-02-02 14:33:42', NULL, '', 'R', 'tiagoadm'),
(430, NULL, 352, NULL, 211, NULL, NULL, 1, 1, 106.00, NULL, NULL, '2013-02-04 12:32:40', NULL, NULL, 'R', 'tiagoadm'),
(431, NULL, NULL, 86, NULL, NULL, 53, 3, 1, 655.97, 0.00, 0.00, '2013-02-04 13:43:05', 'emprestimo', '', 'P', 'tiagoadm'),
(432, NULL, NULL, NULL, NULL, 46, NULL, 4, 1, 300.00, NULL, NULL, '2013-02-04 13:43:38', NULL, NULL, 'T', 'tiagoadm'),
(433, NULL, NULL, NULL, NULL, 46, NULL, 3, 1, 300.00, NULL, NULL, '2013-02-04 13:43:38', NULL, NULL, 'D', 'tiagoadm'),
(434, NULL, 251, NULL, 143, NULL, NULL, 3, 2, 28.96, 0.00, 0.00, '2013-02-04 14:03:44', NULL, '', 'R', 'tiagoadm'),
(435, NULL, 351, NULL, 210, NULL, NULL, 3, 3, 48.87, 0.00, 0.00, '2013-02-04 14:24:53', NULL, '', 'R', 'tiagoadm'),
(436, NULL, 345, NULL, 206, NULL, NULL, 3, 3, 34.85, 0.00, 0.00, '2013-02-04 14:41:37', NULL, '', 'R', 'tiagoadm'),
(437, NULL, 350, NULL, 209, NULL, NULL, 3, 3, 15.00, 0.00, 0.00, '2013-02-04 14:42:21', NULL, '', 'R', 'tiagoadm'),
(438, NULL, 254, NULL, 124, NULL, NULL, 3, 6, 90.00, 0.00, 0.00, '2013-02-05 14:04:24', NULL, '', 'R', 'tiagoadm'),
(439, NULL, 182, NULL, 101, NULL, NULL, 3, 2, 65.58, 0.00, 0.00, '2013-02-05 14:06:18', NULL, '', 'R', 'tiagoadm'),
(440, NULL, 354, NULL, 212, NULL, NULL, 1, 1, 13.00, NULL, NULL, '2013-02-05 16:24:58', NULL, NULL, 'R', 'tiagoadm'),
(441, NULL, 355, NULL, 195, NULL, NULL, 1, 1, 20.00, NULL, NULL, '2013-02-05 19:29:58', NULL, NULL, 'R', 'edimilson'),
(442, NULL, 357, NULL, 213, NULL, NULL, 1, 1, 530.00, NULL, NULL, '2013-02-06 13:33:19', NULL, NULL, 'R', 'tiagoadm'),
(443, NULL, NULL, NULL, NULL, 47, NULL, 1, 1, 510.00, NULL, NULL, '2013-02-06 13:34:08', NULL, NULL, 'T', 'tiagoadm'),
(444, NULL, NULL, NULL, NULL, 47, NULL, 3, 1, 510.00, NULL, NULL, '2013-02-06 13:34:08', NULL, NULL, 'D', 'tiagoadm'),
(445, NULL, 358, NULL, 213, NULL, NULL, 3, 4, 150.00, 0.00, 0.00, '2013-02-06 13:34:35', NULL, '', 'R', 'tiagoadm'),
(446, NULL, NULL, 185, NULL, NULL, 119, 1, 1, 150.00, 0.00, 0.00, '2013-02-06 13:37:15', 'Clei - Di Giorgio', '', 'P', 'tiagoadm'),
(447, NULL, 356, NULL, 195, NULL, NULL, 3, 3, 21.50, 0.00, 0.00, '2013-02-06 14:02:32', NULL, '', 'R', 'tiagoadm'),
(448, NULL, 219, NULL, 129, NULL, NULL, 3, 6, 97.45, 0.00, 0.00, '2013-02-06 14:11:31', NULL, '', 'R', 'tiagoadm'),
(449, NULL, 360, NULL, 216, NULL, NULL, 1, 1, 20.00, NULL, NULL, '2013-02-06 20:18:14', NULL, NULL, 'R', 'tiagoadm'),
(450, NULL, 359, NULL, 215, NULL, NULL, 3, 3, 13.20, 0.00, 0.00, '2013-02-07 14:20:39', NULL, '', 'R', 'tiagoadm'),
(451, NULL, 109, NULL, 53, NULL, NULL, 3, 2, 171.09, 0.00, 0.00, '2013-02-07 14:20:51', NULL, '', 'R', 'tiagoadm'),
(452, NULL, 361, NULL, 217, NULL, NULL, 1, 1, 85.00, NULL, NULL, '2013-02-07 17:23:57', NULL, NULL, 'R', 'tiagoadm'),
(453, NULL, 362, NULL, 218, NULL, NULL, 1, 1, 800.00, NULL, NULL, '2013-02-08 12:24:21', NULL, NULL, 'R', 'tiagoadm'),
(454, NULL, NULL, 188, NULL, NULL, 121, 1, 1, 500.00, 0.00, 0.00, '2013-02-08 12:25:42', 'sax-guilherme', '', 'P', 'tiagoadm'),
(455, NULL, NULL, 162, NULL, NULL, 98, 3, 6, 1088.07, 0.00, 0.00, '2013-02-08 12:39:56', 'Golden ', '', 'P', 'tiagoadm'),
(456, NULL, NULL, 192, NULL, NULL, 125, 3, 6, 240.00, 0.00, 0.00, '2013-02-08 12:40:05', 'favorita', '', 'P', 'tiagoadm'),
(457, NULL, 367, NULL, 219, NULL, NULL, 1, 1, 200.00, NULL, NULL, '2013-02-08 17:27:05', NULL, NULL, 'R', 'tiagoadm'),
(458, NULL, NULL, 198, NULL, NULL, 126, 1, 1, 115.00, 0.00, 0.00, '2013-02-08 17:41:25', 'evento', '', 'P', 'tiagoadm'),
(459, NULL, 373, NULL, 220, NULL, NULL, 1, 1, 14.00, NULL, NULL, '2013-02-08 19:51:33', NULL, NULL, 'R', 'tiagoadm'),
(460, NULL, 374, NULL, 221, NULL, NULL, 1, 1, 20.00, NULL, NULL, '2013-02-09 13:16:09', NULL, NULL, 'R', 'tiagoadm'),
(461, NULL, 375, NULL, 222, NULL, NULL, 1, 1, 1.00, NULL, NULL, '2013-02-09 13:42:59', NULL, NULL, 'R', 'tiagoadm'),
(462, NULL, 376, NULL, 223, NULL, NULL, 1, 1, 13.00, NULL, NULL, '2013-02-09 15:14:57', NULL, NULL, 'R', 'tiagoadm'),
(463, NULL, NULL, NULL, NULL, 48, NULL, 1, 1, 430.00, NULL, NULL, '2013-02-09 15:15:44', NULL, NULL, 'T', 'tiagoadm'),
(464, NULL, NULL, NULL, NULL, 48, NULL, 3, 1, 430.00, NULL, NULL, '2013-02-09 15:15:44', NULL, NULL, 'D', 'tiagoadm'),
(465, NULL, NULL, NULL, NULL, 49, NULL, 4, 1, 190.00, NULL, NULL, '2013-02-09 15:15:56', NULL, NULL, 'T', 'tiagoadm'),
(466, NULL, NULL, NULL, NULL, 49, NULL, 3, 1, 190.00, NULL, NULL, '2013-02-09 15:15:56', NULL, NULL, 'D', 'tiagoadm'),
(467, NULL, 339, NULL, 200, NULL, NULL, 1, 7, 96.00, 0.00, 0.00, '2013-02-09 15:24:26', NULL, '', 'R', 'tiagoadm'),
(468, NULL, NULL, NULL, NULL, 50, NULL, 1, 1, 70.00, NULL, NULL, '2013-02-09 15:26:19', NULL, NULL, 'T', 'tiagoadm'),
(469, NULL, NULL, NULL, NULL, 50, NULL, 3, 1, 70.00, NULL, NULL, '2013-02-09 15:26:19', NULL, NULL, 'D', 'tiagoadm'),
(470, NULL, 377, NULL, 224, NULL, NULL, 1, 1, 8.00, NULL, NULL, '2013-02-11 11:44:39', NULL, NULL, 'R', 'tiagoadm'),
(471, NULL, 378, NULL, 225, NULL, NULL, 1, 1, 100.00, NULL, NULL, '2013-02-11 11:46:47', NULL, NULL, 'R', 'tiagoadm'),
(472, NULL, 380, NULL, 226, NULL, NULL, 1, 1, 14.00, NULL, NULL, '2013-02-11 14:11:45', NULL, NULL, 'R', 'tiagoadm'),
(473, NULL, 381, NULL, 227, NULL, NULL, 1, 1, 13.70, NULL, NULL, '2013-02-11 14:45:49', NULL, NULL, 'R', 'tiagoadm'),
(474, NULL, NULL, NULL, NULL, 51, NULL, 1, 1, 100.00, NULL, NULL, '2013-02-11 14:47:04', NULL, NULL, 'T', 'tiagoadm'),
(475, NULL, NULL, NULL, NULL, 51, NULL, 3, 1, 100.00, NULL, NULL, '2013-02-11 14:47:04', NULL, NULL, 'D', 'tiagoadm'),
(476, NULL, 277, NULL, 161, NULL, NULL, 3, 6, 250.00, 0.00, 0.00, '2013-02-13 15:00:46', NULL, '', 'R', 'tiagoadm'),
(477, NULL, NULL, 183, NULL, NULL, 117, 3, 1, 70.00, 0.00, 0.00, '2013-02-13 15:01:41', 'Internet', '', 'P', 'tiagoadm'),
(478, NULL, 272, NULL, 157, NULL, NULL, 3, 2, 43.45, 0.00, 0.00, '2013-02-13 15:03:43', NULL, '', 'R', 'tiagoadm'),
(479, NULL, 379, NULL, 225, NULL, NULL, 3, 3, 195.50, 0.00, 0.00, '2013-02-13 15:05:04', NULL, '', 'R', 'tiagoadm'),
(480, NULL, 382, NULL, 228, NULL, NULL, 1, 1, 20.00, NULL, NULL, '2013-02-13 17:38:57', NULL, NULL, 'R', 'tiagoadm'),
(481, NULL, 383, NULL, 229, NULL, NULL, 1, 1, 4.50, NULL, NULL, '2013-02-13 19:12:31', NULL, NULL, 'R', 'TIAGOADM'),
(482, NULL, NULL, 156, NULL, NULL, 93, 4, 4, 304.00, 0.00, 0.00, '2013-02-14 12:14:11', 'Clei - Di Giorgio', '', 'P', 'tiagoadm'),
(483, NULL, 162, NULL, 88, NULL, NULL, 3, 6, 300.00, 0.00, 0.00, '2013-02-14 12:15:41', NULL, '', 'R', 'tiagoadm'),
(484, NULL, NULL, 199, NULL, NULL, 127, 3, 1, 5.40, 0.00, 0.00, '2013-02-14 12:17:46', 'taxa bancaria', '', 'P', 'tiagoadm'),
(485, NULL, NULL, 200, NULL, NULL, 128, 3, 1, 48.60, 0.00, 0.00, '2013-02-14 12:17:53', 'tarifa boleto', '', 'P', 'tiagoadm'),
(486, NULL, 385, NULL, 231, NULL, NULL, 1, 1, 10.00, NULL, NULL, '2013-02-14 15:42:25', NULL, NULL, 'R', 'tiagoadm'),
(487, NULL, 386, NULL, 232, NULL, NULL, 1, 1, 8.00, NULL, NULL, '2013-02-14 18:53:49', NULL, NULL, 'R', 'tiagoadm'),
(488, NULL, 387, NULL, 214, NULL, NULL, 1, 1, 65.00, NULL, NULL, '2013-02-14 20:27:01', NULL, NULL, 'R', 'edimilson'),
(489, NULL, 388, NULL, 234, NULL, NULL, 3, 3, 16.62, 0.00, 0.00, '2013-02-15 13:35:18', NULL, '', 'R', 'tiagoadm'),
(490, NULL, 389, NULL, 233, NULL, NULL, 1, 1, 18.00, NULL, NULL, '2013-02-15 14:16:33', NULL, NULL, 'R', 'tiagoadm'),
(491, NULL, 390, NULL, 236, NULL, NULL, 1, 1, 10.00, NULL, NULL, '2013-02-16 12:11:01', NULL, NULL, 'R', 'tiagoadm'),
(492, NULL, 391, NULL, 235, NULL, NULL, 1, 1, 1.90, NULL, NULL, '2013-02-16 13:50:21', NULL, NULL, 'R', 'edimilson'),
(493, NULL, 392, NULL, 238, NULL, NULL, 1, 1, 40.00, NULL, NULL, '2013-02-16 14:42:31', NULL, NULL, 'R', 'edimilson'),
(494, NULL, 393, NULL, 237, NULL, NULL, 1, 1, 200.00, NULL, NULL, '2013-02-16 18:51:15', NULL, NULL, 'R', 'tiagoadm'),
(495, NULL, 394, NULL, 240, NULL, NULL, 1, 1, 20.00, NULL, NULL, '2013-02-16 18:51:48', NULL, NULL, 'R', 'tiagoadm'),
(496, NULL, NULL, NULL, NULL, 52, NULL, 1, 1, 440.00, NULL, NULL, '2013-02-18 14:50:09', NULL, NULL, 'T', 'tiagoadm'),
(497, NULL, NULL, NULL, NULL, 52, NULL, 3, 1, 440.00, NULL, NULL, '2013-02-18 14:50:09', NULL, NULL, 'D', 'tiagoadm'),
(498, NULL, 395, NULL, 241, NULL, NULL, 1, 1, 20.00, NULL, NULL, '2013-02-18 14:50:42', NULL, NULL, 'R', 'tiagoadm'),
(499, NULL, 396, NULL, 242, NULL, NULL, 1, 1, 13.00, NULL, NULL, '2013-02-18 18:17:52', NULL, NULL, 'R', 'tiagoadm'),
(500, NULL, 138, NULL, 68, NULL, NULL, 3, 2, 215.44, 0.00, 0.00, '2013-02-18 19:10:03', NULL, '', 'R', 'tiagoadm'),
(501, NULL, 211, NULL, 123, NULL, NULL, 3, 2, 117.23, 0.00, 0.00, '2013-02-18 19:10:17', NULL, '', 'R', 'tiagoadm'),
(502, NULL, NULL, 202, NULL, NULL, 130, 1, 1, 10.00, 0.00, 0.00, '2013-02-18 19:24:42', 'ALIMENTAÇ&#195;O', '', 'P', 'tiagoadm'),
(503, NULL, 288, NULL, 163, NULL, NULL, 3, 6, 85.00, 0.00, 0.00, '2013-02-19 12:48:39', NULL, '', 'R', 'tiagoadm'),
(504, NULL, NULL, 189, NULL, NULL, 122, 3, 6, 86.62, 0.00, 0.00, '2013-02-19 12:53:51', 'goldem guitarra', '', 'P', 'tiagoadm'),
(505, NULL, NULL, 184, NULL, NULL, 118, 3, 6, 235.00, 0.00, 0.00, '2013-02-19 12:59:07', 'Pasqualino', '', 'P', 'tiagoadm'),
(506, NULL, NULL, 14, NULL, NULL, 2, 3, 1, 525.00, 0.00, 0.00, '2013-02-19 13:03:06', 'Forte em Midia', '', 'P', 'tiagoadm'),
(507, NULL, NULL, 201, NULL, NULL, 129, 3, 6, 125.40, 0.00, 0.00, '2013-02-19 13:07:30', 'imposto', '', 'P', 'tiagoadm'),
(508, NULL, NULL, 203, NULL, NULL, 131, 3, 6, 149.16, 0.00, 0.00, '2013-02-19 14:02:03', 'GS', '', 'P', 'tiagoadm'),
(509, NULL, 399, NULL, 245, NULL, NULL, 1, 1, 20.00, NULL, NULL, '2013-02-19 19:34:45', NULL, NULL, 'R', 'tiagoadm'),
(510, NULL, 400, NULL, 246, NULL, NULL, 1, 1, 15.00, NULL, NULL, '2013-02-19 19:42:06', NULL, NULL, 'R', 'tiagoadm'),
(511, NULL, 401, NULL, 247, NULL, NULL, 1, 1, 3.00, NULL, NULL, '2013-02-19 21:02:32', NULL, NULL, 'R', 'tiagoadm'),
(512, NULL, NULL, 204, NULL, NULL, 132, 1, 1, 13.30, 0.00, 0.00, '2013-02-20 17:49:56', 'limpeza', '', 'P', 'tiagoadm'),
(513, NULL, 402, NULL, 248, NULL, NULL, 1, 1, 20.00, NULL, NULL, '2013-02-20 20:22:29', NULL, NULL, 'R', 'tiagoadm'),
(514, NULL, 403, NULL, 239, NULL, NULL, 1, 1, 6.00, NULL, NULL, '2013-02-21 19:53:16', NULL, NULL, 'R', 'edimilson'),
(515, NULL, 404, NULL, 249, NULL, NULL, 1, 1, 15.00, NULL, NULL, '2013-02-21 21:21:15', NULL, NULL, 'R', 'tiagoadm'),
(516, NULL, 406, NULL, 252, NULL, NULL, 1, 1, 9.00, NULL, NULL, '2013-02-23 13:56:12', NULL, NULL, 'R', 'tiagoadm'),
(517, NULL, 407, NULL, 253, NULL, NULL, 1, 1, 15.00, NULL, NULL, '2013-02-23 15:05:39', NULL, NULL, 'R', 'tiagoadm'),
(518, NULL, 334, NULL, 196, NULL, NULL, 3, 2, 51.17, 0.00, 0.00, '2013-02-25 12:52:06', NULL, '', 'R', 'tiagoadm'),
(519, NULL, 325, NULL, 188, NULL, NULL, 3, 2, 28.00, 0.00, 0.00, '2013-02-25 12:53:00', NULL, '', 'R', 'tiagoadm'),
(520, NULL, NULL, NULL, NULL, 53, NULL, 3, 1, 800.00, NULL, NULL, '2013-02-25 13:02:08', NULL, NULL, 'T', 'tiagoadm'),
(521, NULL, NULL, NULL, NULL, 53, NULL, 1, 1, 800.00, NULL, NULL, '2013-02-25 13:02:08', NULL, NULL, 'D', 'tiagoadm'),
(522, NULL, NULL, NULL, NULL, 54, NULL, 4, 1, 500.00, NULL, NULL, '2013-02-25 13:02:21', NULL, NULL, 'T', 'tiagoadm'),
(523, NULL, NULL, NULL, NULL, 54, NULL, 1, 1, 500.00, NULL, NULL, '2013-02-25 13:02:21', NULL, NULL, 'D', 'tiagoadm'),
(524, NULL, NULL, 117, NULL, NULL, 68, 1, 1, 300.00, 0.00, 0.00, '2013-02-25 13:02:39', 'Daniel', '', 'P', 'tiagoadm'),
(525, NULL, NULL, 5, NULL, NULL, 1, 1, 1, 1000.00, 0.00, 0.00, '2013-02-25 13:02:46', 'Aluguel', '', 'P', 'tiagoadm'),
(526, NULL, NULL, 207, NULL, NULL, 135, 3, 6, 156.13, 0.00, 0.00, '2013-02-26 12:57:32', 'Energia', '', 'P', 'tiagoadm'),
(527, NULL, 410, NULL, 256, NULL, NULL, 1, 1, 15.00, NULL, NULL, '2013-02-27 18:08:19', NULL, NULL, 'R', 'tiagoadm'),
(528, NULL, 238, NULL, 138, NULL, NULL, 3, 6, 49.00, 0.00, 0.00, '2013-02-28 12:56:12', NULL, '', 'R', 'tiagoadm'),
(529, NULL, 331, NULL, 193, NULL, NULL, 3, 3, 12.00, 0.00, 0.00, '2013-02-28 12:56:37', NULL, '', 'R', 'tiagoadm'),
(530, NULL, 411, NULL, 257, NULL, NULL, 1, 1, 24.00, NULL, NULL, '2013-02-28 17:42:13', NULL, NULL, 'R', 'tiagoadm'),
(531, NULL, 412, NULL, 258, NULL, NULL, 1, 1, 3.50, NULL, NULL, '2013-02-28 19:19:55', NULL, NULL, 'R', 'tiagoadm'),
(532, NULL, NULL, 190, NULL, NULL, 123, 3, 6, 354.50, 0.00, 0.00, '2013-03-01 13:44:10', 'goldem guitarra', '', 'P', 'edimilson'),
(533, NULL, 414, NULL, 260, NULL, NULL, 1, 1, 9.00, NULL, NULL, '2013-03-02 14:31:38', NULL, NULL, 'R', 'tiagoadm'),
(534, NULL, 416, NULL, 262, NULL, NULL, 1, 1, 20.00, NULL, NULL, '2013-03-02 15:23:58', NULL, NULL, 'R', 'tiagoadm'),
(535, NULL, 417, NULL, 263, NULL, NULL, 1, 1, 7.00, NULL, NULL, '2013-03-04 13:22:24', NULL, NULL, 'R', 'tiagoadm'),
(536, NULL, NULL, 87, NULL, NULL, 53, 3, 1, 655.97, 0.00, 0.00, '2013-03-04 13:26:57', 'emprestimo', '', 'P', 'tiagoadm'),
(537, NULL, 142, NULL, 70, NULL, NULL, 3, 6, 72.41, 0.00, 0.00, '2013-03-04 13:34:55', NULL, '', 'R', 'tiagoadm'),
(538, NULL, 5, NULL, 1, NULL, NULL, 3, 6, 51.81, 0.00, 0.00, '2013-03-04 13:35:33', NULL, '', 'R', 'tiagoadm'),
(539, NULL, 344, NULL, 205, NULL, NULL, 3, 2, 72.41, 0.00, 0.00, '2013-03-04 13:36:53', NULL, '', 'R', 'tiagoadm'),
(540, NULL, 346, NULL, 207, NULL, NULL, 3, 2, 177.14, 0.00, 0.00, '2013-03-04 13:37:59', NULL, '', 'R', 'tiagoadm'),
(541, NULL, 349, NULL, 208, NULL, NULL, 3, 2, 33.81, 0.00, 0.00, '2013-03-04 13:38:57', NULL, '', 'R', 'tiagoadm'),
(542, NULL, 353, NULL, 211, NULL, NULL, 3, 4, 106.00, 0.00, 0.00, '2013-03-04 13:42:53', NULL, '', 'R', 'tiagoadm'),
(543, NULL, 418, NULL, 264, NULL, NULL, 1, 1, 55.00, NULL, NULL, '2013-03-04 14:09:38', NULL, NULL, 'R', 'tiagoadm'),
(544, NULL, 419, NULL, 265, NULL, NULL, 1, 1, 100.00, NULL, NULL, '2013-03-04 19:11:12', NULL, NULL, 'R', 'tiagoadm'),
(545, NULL, 429, NULL, 268, NULL, NULL, 1, 1, 25.00, NULL, NULL, '2013-03-05 14:26:00', NULL, NULL, 'R', 'edimilson'),
(546, NULL, 430, NULL, 269, NULL, NULL, 1, 1, 10.00, NULL, NULL, '2013-03-05 14:28:39', NULL, NULL, 'R', 'edimilson'),
(547, NULL, 431, NULL, 270, NULL, NULL, 1, 1, 1.50, NULL, NULL, '2013-03-05 15:05:40', NULL, NULL, 'R', 'edimilson'),
(548, NULL, NULL, NULL, NULL, 55, NULL, 1, 1, 250.00, NULL, NULL, '2013-03-05 18:18:23', NULL, NULL, 'T', 'tiagoadm'),
(549, NULL, NULL, NULL, NULL, 55, NULL, 3, 1, 250.00, NULL, NULL, '2013-03-05 18:18:23', NULL, NULL, 'D', 'tiagoadm'),
(550, NULL, NULL, NULL, NULL, 56, NULL, 1, 1, 200.00, NULL, NULL, '2013-03-05 20:42:09', NULL, NULL, 'T', 'tiagoadm'),
(551, NULL, NULL, NULL, NULL, 56, NULL, 3, 1, 200.00, NULL, NULL, '2013-03-05 20:42:09', NULL, NULL, 'D', 'tiagoadm'),
(552, NULL, 432, NULL, 271, NULL, NULL, 1, 1, 15.00, NULL, NULL, '2013-03-06 18:07:24', NULL, NULL, 'R', 'edimilson'),
(553, NULL, 433, NULL, 272, NULL, NULL, 1, 1, 13.00, NULL, NULL, '2013-03-06 18:18:52', NULL, NULL, 'R', 'edimilson'),
(554, NULL, 434, NULL, 273, NULL, NULL, 1, 1, 12.00, NULL, NULL, '2013-03-06 19:46:10', NULL, NULL, 'R', 'edimilson'),
(555, NULL, 435, NULL, 274, NULL, NULL, 1, 1, 30.00, NULL, NULL, '2013-03-06 20:44:41', NULL, NULL, 'R', 'edimilson'),
(556, NULL, 436, NULL, 275, NULL, NULL, 1, 1, 15.00, NULL, NULL, '2013-03-07 15:55:54', NULL, NULL, 'R', 'edimilson'),
(557, NULL, 437, NULL, 276, NULL, NULL, 1, 1, 22.00, NULL, NULL, '2013-03-08 16:00:16', NULL, NULL, 'R', 'edimilson'),
(558, NULL, 438, NULL, 277, NULL, NULL, 1, 1, 11.00, NULL, NULL, '2013-03-08 20:05:45', NULL, NULL, 'R', 'edimilson'),
(559, NULL, 441, NULL, 279, NULL, NULL, 1, 1, 10.00, NULL, NULL, '2013-03-08 20:08:55', NULL, NULL, 'R', 'edimilson'),
(560, NULL, 442, NULL, 280, NULL, NULL, 1, 1, 14.00, NULL, NULL, '2013-03-09 13:24:14', NULL, NULL, 'R', 'edimilson'),
(561, NULL, 444, NULL, 282, NULL, NULL, 1, 1, 14.00, NULL, NULL, '2013-03-09 15:06:28', NULL, NULL, 'R', 'edimilson'),
(562, NULL, 445, NULL, 283, NULL, NULL, 1, 1, 16.00, NULL, NULL, '2013-03-09 19:26:26', NULL, NULL, 'R', 'edimilson'),
(563, NULL, NULL, 186, NULL, NULL, 120, 4, 2, 72.72, 0.00, 0.00, '2013-03-11 13:16:05', 'Clei - Di Giorgio', '', 'P', 'tiagoadm'),
(564, NULL, 220, NULL, 129, NULL, NULL, 3, 6, 97.05, 0.00, 0.00, '2013-03-11 13:19:59', NULL, '', 'R', 'tiagoadm'),
(565, NULL, 183, NULL, 101, NULL, NULL, 3, 2, 65.58, 0.00, 0.00, '2013-03-11 13:20:34', NULL, '', 'R', 'tiagoadm'),
(566, NULL, 363, NULL, 218, NULL, NULL, 3, 6, 100.00, 0.00, 0.00, '2013-03-11 13:20:48', NULL, '', 'R', 'tiagoadm'),
(567, NULL, 110, NULL, 53, NULL, NULL, 3, 2, 180.00, 0.00, 0.00, '2013-03-11 13:21:02', NULL, '', 'R', 'tiagoadm'),
(568, NULL, 446, NULL, 284, NULL, NULL, 1, 1, 36.00, NULL, NULL, '2013-03-11 16:47:37', NULL, NULL, 'R', 'edimilson'),
(569, NULL, NULL, 211, NULL, NULL, 139, 3, 6, 8.12, 0.00, 0.00, '2013-03-11 18:40:43', 'cart&#227;o tiago', '', 'P', 'tiagoadm'),
(570, NULL, NULL, 163, NULL, NULL, 98, 4, 6, 1088.07, 0.00, 0.00, '2013-03-12 12:35:30', 'Golden ', '', 'P', 'tiagoadm'),
(571, NULL, 278, NULL, 161, NULL, NULL, 3, 6, 250.00, 0.00, 0.00, '2013-03-12 13:01:22', NULL, '', 'R', 'tiagoadm'),
(572, NULL, NULL, 208, NULL, NULL, 136, 3, 6, 70.00, 0.00, 0.00, '2013-03-12 13:10:16', 'internet', '', 'P', 'tiagoadm'),
(573, NULL, NULL, 205, NULL, NULL, 133, 3, 6, 497.00, 0.00, 0.00, '2013-03-12 17:53:22', 'Freesax', '', 'P', 'tiagoadm'),
(574, NULL, NULL, 193, NULL, NULL, 125, 3, 6, 240.00, 0.00, 0.00, '2013-03-12 17:53:30', 'favorita', '', 'P', 'tiagoadm'),
(575, NULL, 447, NULL, 266, NULL, NULL, 1, 1, 30.00, NULL, NULL, '2013-03-12 18:33:19', NULL, NULL, 'R', 'tiagoadm'),
(576, NULL, 448, NULL, 285, NULL, NULL, 1, 1, 15.00, NULL, NULL, '2013-03-13 13:03:34', NULL, NULL, 'R', 'edimilson'),
(577, NULL, 163, NULL, 88, NULL, NULL, 3, 6, 300.00, 0.00, 0.00, '2013-03-13 13:55:19', NULL, '', 'R', 'tiagoadm'),
(578, NULL, NULL, 157, NULL, NULL, 93, 4, 4, 314.00, 0.00, 0.00, '2013-03-13 13:55:37', 'Clei - Di Giorgio', '', 'P', 'tiagoadm'),
(579, NULL, 450, NULL, 287, NULL, NULL, 1, 1, 9.00, NULL, NULL, '2013-03-13 19:34:16', NULL, NULL, 'R', 'edimilson'),
(580, NULL, 451, NULL, 289, NULL, NULL, 1, 1, 8.99, NULL, NULL, '2013-03-13 21:38:49', NULL, NULL, 'R', 'edimilson'),
(581, NULL, 452, NULL, 290, NULL, NULL, 1, 1, 20.00, NULL, NULL, '2013-03-13 21:40:14', NULL, NULL, 'R', 'edimilson'),
(582, NULL, 453, NULL, 291, NULL, NULL, 1, 1, 22.00, NULL, NULL, '2013-03-13 21:47:06', NULL, NULL, 'R', 'edimilson'),
(583, NULL, 454, NULL, 288, NULL, NULL, 1, 1, 12.00, NULL, NULL, '2013-03-14 15:18:21', NULL, NULL, 'R', 'tiagoadm'),
(584, NULL, 318, NULL, 182, NULL, NULL, 3, 6, 371.00, 0.00, 0.00, '2013-03-15 12:48:46', NULL, '', 'R', 'tiagoadm'),
(585, NULL, 336, NULL, 198, NULL, NULL, 3, 6, 292.60, 0.00, 0.00, '2013-03-15 12:48:57', NULL, '', 'R', 'tiagoadm'),
(586, NULL, 384, NULL, 230, NULL, NULL, 3, 6, 414.00, 0.00, 0.00, '2013-03-15 12:49:09', NULL, '', 'R', 'tiagoadm'),
(587, NULL, 397, NULL, 243, NULL, NULL, 3, 6, 371.00, 0.00, 0.00, '2013-03-15 12:49:24', NULL, '', 'R', 'tiagoadm'),
(588, NULL, 398, NULL, 244, NULL, NULL, 3, 6, 371.00, 0.00, 0.00, '2013-03-15 12:49:36', NULL, '', 'R', 'tiagoadm'),
(589, NULL, 455, NULL, 292, NULL, NULL, 1, 1, 22.00, NULL, NULL, '2013-03-15 21:13:17', NULL, NULL, 'R', 'edimilson'),
(590, NULL, 456, NULL, 294, NULL, NULL, 1, 1, 20.00, NULL, NULL, '2013-03-15 21:29:36', NULL, NULL, 'R', 'edimilson'),
(591, NULL, 457, NULL, 293, NULL, NULL, 1, 1, 12.00, NULL, NULL, '2013-03-16 15:52:55', NULL, NULL, 'R', 'tiagoadm'),
(592, NULL, 458, NULL, 296, NULL, NULL, 1, 1, 15.00, NULL, NULL, '2013-03-16 16:00:38', NULL, NULL, 'R', 'tiagoadm'),
(593, NULL, NULL, NULL, NULL, 57, NULL, 1, 1, 282.91, NULL, NULL, '2013-03-16 16:09:39', NULL, NULL, 'T', 'tiagoadm'),
(594, NULL, NULL, NULL, NULL, 57, NULL, 3, 1, 282.91, NULL, NULL, '2013-03-16 16:09:39', NULL, NULL, 'D', 'tiagoadm'),
(595, NULL, NULL, NULL, NULL, 58, NULL, 6, 1, 383.46, NULL, NULL, '2013-03-16 16:52:51', NULL, NULL, 'T', 'tiagoadm'),
(596, NULL, NULL, NULL, NULL, 58, NULL, 3, 1, 383.46, NULL, NULL, '2013-03-16 16:52:51', NULL, NULL, 'D', 'tiagoadm'),
(597, NULL, NULL, 206, NULL, NULL, 134, 3, 6, 400.30, 0.00, 0.00, '2013-03-16 17:05:25', 'fama', '', 'P', 'tiagoadm'),
(598, NULL, NULL, 209, NULL, NULL, 137, 3, 6, 610.08, 0.00, 0.00, '2013-03-16 17:05:34', 'Arwel', '', 'P', 'tiagoadm'),
(599, NULL, 459, NULL, 297, NULL, NULL, 1, 1, 9.00, NULL, NULL, '2013-03-16 17:11:42', NULL, NULL, 'R', 'tiagoadm'),
(600, NULL, 114, NULL, 54, NULL, NULL, 3, 6, 70.00, 0.00, 0.00, '2013-03-18 14:16:03', NULL, '', 'R', 'tiagoadm'),
(601, NULL, 289, NULL, 163, NULL, NULL, 3, 6, 85.00, 0.00, 0.00, '2013-03-18 14:16:12', NULL, '', 'R', 'tiagoadm'),
(602, NULL, NULL, 215, NULL, NULL, 143, 3, 1, 12.00, 0.00, 0.00, '2013-03-18 14:23:46', 'celular', '', 'P', 'tiagoadm'),
(603, NULL, 460, NULL, 298, NULL, NULL, 1, 1, 24.00, NULL, NULL, '2013-03-18 14:24:26', NULL, NULL, 'R', 'tiagoadm'),
(604, NULL, NULL, 212, NULL, NULL, 140, 4, 6, 26.40, 0.00, 0.00, '2013-03-18 14:55:28', 'telefone', '', 'P', 'tiagoadm'),
(605, NULL, 212, NULL, 123, NULL, NULL, 3, 2, 123.33, 0.00, 0.00, '2013-03-19 13:20:32', NULL, '', 'R', 'tiagoadm'),
(606, NULL, 461, NULL, 299, NULL, NULL, 3, 3, 37.14, 0.00, 0.00, '2013-03-19 13:21:11', NULL, '', 'R', 'tiagoadm'),
(607, NULL, NULL, 213, NULL, NULL, 141, 3, 6, 235.00, 0.00, 0.00, '2013-03-19 13:34:30', 'Pasqualino', '', 'P', 'tiagoadm'),
(608, NULL, NULL, 214, NULL, NULL, 142, 3, 6, 149.16, 0.00, 0.00, '2013-03-19 13:34:38', 'imposto', '', 'P', 'tiagoadm'),
(609, NULL, NULL, 216, NULL, NULL, 144, 3, 6, 74.25, 0.00, 0.00, '2013-03-19 13:34:44', 'imposto', '', 'P', 'tiagoadm'),
(610, NULL, 462, NULL, 300, NULL, NULL, 1, 1, 10.00, NULL, NULL, '2013-03-19 14:48:47', NULL, NULL, 'R', 'tiagoadm'),
(611, NULL, NULL, 217, NULL, NULL, 145, 1, 1, 14.00, 0.00, 0.00, '2013-03-19 21:02:05', 'limpeza', '', 'P', 'tiagoadm'),
(612, NULL, 463, NULL, 301, NULL, NULL, 1, 1, 10.00, NULL, NULL, '2013-03-20 15:00:39', NULL, NULL, 'R', 'tiagoadm'),
(613, NULL, 239, NULL, 138, NULL, NULL, 3, 6, 49.00, 0.00, 0.00, '2013-03-22 13:26:54', NULL, '', 'R', 'tiagoadm'),
(614, NULL, 83, NULL, 49, NULL, NULL, 3, 6, 309.00, 0.00, 0.00, '2013-03-22 13:27:08', NULL, '', 'R', 'tiagoadm'),
(615, NULL, 464, NULL, 302, NULL, NULL, 1, 1, 15.00, NULL, NULL, '2013-03-22 16:29:58', NULL, NULL, 'R', 'tiagoadm'),
(616, NULL, 465, NULL, 303, NULL, NULL, 1, 1, 1.00, NULL, NULL, '2013-03-22 16:30:14', NULL, NULL, 'R', 'tiagoadm'),
(617, NULL, 466, NULL, 304, NULL, NULL, 1, 1, 40.00, NULL, NULL, '2013-03-22 17:09:20', NULL, NULL, 'R', 'tiagoadm'),
(618, NULL, 467, NULL, 305, NULL, NULL, 1, 1, 4.00, NULL, NULL, '2013-03-22 20:02:52', NULL, NULL, 'R', 'tiagoadm'),
(619, NULL, 405, NULL, 251, NULL, NULL, 3, 2, 71.05, 0.00, 0.00, '2013-03-25 13:14:09', NULL, '', 'R', 'tiagoadm'),
(620, NULL, 408, NULL, 254, NULL, NULL, 3, 2, 38.05, 0.00, 0.00, '2013-03-25 13:14:17', NULL, '', 'R', 'tiagoadm'),
(621, NULL, 468, NULL, 306, NULL, NULL, 3, 3, 12.71, 0.00, 0.00, '2013-03-25 13:14:54', NULL, '', 'R', 'tiagoadm'),
(622, NULL, 328, NULL, 191, NULL, NULL, 3, 6, 144.58, 0.00, 0.00, '2013-03-25 13:16:31', NULL, '', 'R', 'tiagoadm'),
(623, NULL, NULL, NULL, NULL, 59, NULL, 3, 1, 50.00, NULL, NULL, '2013-03-25 13:17:59', NULL, NULL, 'T', 'tiagoadm'),
(624, NULL, NULL, NULL, NULL, 59, NULL, 1, 1, 50.00, NULL, NULL, '2013-03-25 13:17:59', NULL, NULL, 'D', 'tiagoadm'),
(625, NULL, NULL, 118, NULL, NULL, 68, 1, 1, 300.00, 0.00, 0.00, '2013-03-25 13:18:13', 'Daniel', '', 'P', 'tiagoadm'),
(626, NULL, NULL, 6, NULL, NULL, 1, 3, 1, 1000.00, 0.00, 0.00, '2013-03-25 13:18:20', 'Aluguel', '', 'P', 'tiagoadm'),
(627, NULL, NULL, 15, NULL, NULL, 2, 3, 1, 525.00, 0.00, 0.00, '2013-03-25 13:20:06', 'Forte em Midia', '', 'P', 'tiagoadm'),
(628, NULL, 469, NULL, 307, NULL, NULL, 1, 1, 4.00, NULL, NULL, '2013-03-27 15:08:36', NULL, NULL, 'R', 'tiagoadm'),
(629, NULL, 470, NULL, 308, NULL, NULL, 1, 1, 10.00, NULL, NULL, '2013-03-27 15:46:23', NULL, NULL, 'R', 'tiagoadm'),
(630, NULL, 471, NULL, 309, NULL, NULL, 3, 3, 21.50, 0.00, 0.00, '2013-03-28 17:10:15', NULL, '', 'R', 'tiagoadm'),
(631, NULL, 472, NULL, 310, NULL, NULL, 3, 3, 25.41, 0.00, 0.00, '2013-03-28 17:10:26', NULL, '', 'R', 'tiagoadm'),
(632, NULL, NULL, 191, NULL, NULL, 124, 3, 6, 354.50, 0.00, 0.00, '2013-03-28 17:13:55', 'goldem guitarra', '', 'P', 'tiagoadm'),
(633, NULL, 473, NULL, 295, NULL, NULL, 1, 1, 12.60, NULL, NULL, '2013-03-28 20:13:24', NULL, NULL, 'R', 'edimilson'),
(634, NULL, 474, NULL, 312, NULL, NULL, 1, 1, 36.00, NULL, NULL, '2013-03-30 15:04:00', NULL, NULL, 'R', 'edimilson'),
(635, NULL, 475, NULL, 312, NULL, NULL, 1, 1, 36.00, NULL, NULL, '2013-03-30 15:13:10', NULL, NULL, 'R', 'edimilson'),
(636, NULL, 290, NULL, 163, NULL, NULL, 3, 6, 85.00, 0.00, 0.00, '2013-04-01 17:43:13', NULL, '', 'R', 'tiagoadm'),
(637, NULL, 291, NULL, 163, NULL, NULL, 3, 6, 85.00, 0.00, 0.00, '2013-04-01 17:43:45', NULL, '', 'R', 'tiagoadm'),
(638, NULL, 347, NULL, 207, NULL, NULL, 3, 2, 174.26, 0.00, 0.00, '2013-04-01 17:45:38', NULL, '', 'R', 'tiagoadm'),
(639, NULL, 476, NULL, 311, NULL, NULL, 1, 1, 35.00, NULL, NULL, '2013-04-01 19:42:27', NULL, NULL, 'R', 'tiagoadm'),
(640, NULL, NULL, NULL, NULL, 60, NULL, 1, 1, 120.00, NULL, NULL, '2013-04-02 14:15:12', NULL, NULL, 'T', 'tiagoadm'),
(641, NULL, NULL, NULL, NULL, 60, NULL, 3, 1, 120.00, NULL, NULL, '2013-04-02 14:15:12', NULL, NULL, 'D', 'tiagoadm'),
(642, NULL, 221, NULL, 129, NULL, NULL, 3, 6, 96.55, 0.00, 0.00, '2013-04-02 14:16:56', NULL, '', 'R', 'tiagoadm'),
(643, NULL, NULL, 88, NULL, NULL, 53, 3, 1, 655.97, 0.00, 0.00, '2013-04-03 14:35:43', 'emprestimo', '', 'P', 'tiagoadm'),
(644, NULL, 477, NULL, 314, NULL, NULL, 1, 1, 15.00, NULL, NULL, '2013-04-03 14:36:34', NULL, NULL, 'R', 'tiagoadm'),
(645, NULL, NULL, 218, NULL, NULL, 146, 3, 6, 119.08, 0.00, 0.00, '2013-04-03 16:55:17', 'Energia', '', 'P', 'tiagoadm'),
(646, NULL, 478, NULL, 313, NULL, NULL, 1, 1, 30.00, NULL, NULL, '2013-04-03 17:50:49', NULL, NULL, 'R', 'edimilson'),
(647, NULL, 480, NULL, 316, NULL, NULL, 1, 1, 22.00, NULL, NULL, '2013-04-04 13:48:20', NULL, NULL, 'R', 'edimilson'),
(648, NULL, 255, NULL, 124, NULL, NULL, 3, 6, 96.55, 0.00, 0.00, '2013-04-04 14:36:52', NULL, '', 'R', 'tiagoadm'),
(649, NULL, 420, NULL, 265, NULL, NULL, 3, 6, 100.00, 0.00, 0.00, '2013-04-04 14:42:24', NULL, '', 'R', 'tiagoadm'),
(650, NULL, 481, NULL, 315, NULL, NULL, 1, 1, 13.00, NULL, NULL, '2013-04-04 19:53:12', NULL, NULL, 'R', 'tiagoadm'),
(651, NULL, 482, NULL, 318, NULL, NULL, 1, 1, 1.00, NULL, NULL, '2013-04-04 19:54:08', NULL, NULL, 'R', 'tiagoadm'),
(652, NULL, 483, NULL, 317, NULL, NULL, 1, 1, 28.00, NULL, NULL, '2013-04-05 18:10:49', NULL, NULL, 'R', 'edimilson'),
(653, NULL, 484, NULL, 320, NULL, NULL, 1, 1, 1.50, NULL, NULL, '2013-04-06 14:38:22', NULL, NULL, 'R', 'edimilson'),
(654, NULL, 184, NULL, 101, NULL, NULL, 3, 2, 63.38, 0.00, 0.00, '2013-04-08 13:12:47', NULL, '', 'R', 'tiagoadm'),
(655, NULL, 364, NULL, 218, NULL, NULL, 3, 6, 100.00, 0.00, 0.00, '2013-04-08 13:13:03', NULL, '', 'R', 'tiagoadm'),
(656, NULL, 485, NULL, 319, NULL, NULL, 1, 1, 10.00, NULL, NULL, '2013-04-08 13:27:07', NULL, NULL, 'R', 'tiagoadm'),
(657, NULL, 486, NULL, 321, NULL, NULL, 1, 1, 11.50, NULL, NULL, '2013-04-08 18:09:27', NULL, NULL, 'R', 'edimilson'),
(658, NULL, NULL, 164, NULL, NULL, 98, 3, 6, 1088.07, 0.00, 0.00, '2013-04-08 20:15:51', 'Golden ', '', 'P', 'tiagoadm'),
(659, NULL, 487, NULL, 322, NULL, NULL, 1, 1, 20.00, NULL, NULL, '2013-04-08 20:43:24', NULL, NULL, 'R', 'tiagoadm'),
(660, NULL, 440, NULL, 278, NULL, NULL, 3, 2, 42.40, 0.00, 0.00, '2013-04-09 14:57:06', NULL, '', 'R', 'tiagoadm'),
(661, NULL, 488, NULL, 324, NULL, NULL, 1, 1, 10.00, NULL, NULL, '2013-04-09 20:00:57', NULL, NULL, 'R', 'tiagoadm'),
(662, NULL, 489, NULL, 325, NULL, NULL, 1, 1, 9.00, NULL, NULL, '2013-04-09 20:24:02', NULL, NULL, 'R', 'tiagoadm'),
(663, NULL, NULL, 187, NULL, NULL, 120, 3, 2, 179.00, 0.00, 0.00, '2013-04-10 13:38:02', 'Clei - Di Giorgio', '', 'P', 'tiagoadm'),
(664, NULL, NULL, 194, NULL, NULL, 125, 3, 6, 240.00, 0.00, 0.00, '2013-04-10 13:38:09', 'favorita', '', 'P', 'tiagoadm'),
(665, NULL, NULL, 210, NULL, NULL, 138, 3, 3, 99.00, 0.00, 0.00, '2013-04-10 13:38:14', 'Rava - Cart&#227;o', '', 'P', 'tiagoadm'),
(666, NULL, NULL, 219, NULL, NULL, 147, 3, 6, 70.00, 0.00, 0.00, '2013-04-10 13:38:21', 'internet', '', 'P', 'tiagoadm'),
(667, NULL, 490, NULL, 323, NULL, NULL, 1, 1, 27.00, NULL, NULL, '2013-04-16 12:30:05', NULL, NULL, 'R', 'edimilson'),
(668, NULL, 279, NULL, 161, NULL, NULL, 3, 6, 250.00, 0.00, 0.00, '2013-04-16 14:10:46', NULL, '', 'R', 'tiagoadm'),
(669, NULL, 164, NULL, 88, NULL, NULL, 3, 6, 300.00, 0.00, 0.00, '2013-04-16 14:10:58', NULL, '', 'R', 'tiagoadm'),
(670, NULL, 115, NULL, 54, NULL, NULL, 3, 6, 70.00, 0.00, 0.00, '2013-04-16 14:11:21', NULL, '', 'R', 'tiagoadm'),
(671, NULL, 84, NULL, 49, NULL, NULL, 3, 6, 272.92, 0.00, 0.00, '2013-04-16 14:11:45', NULL, '', 'R', 'tiagoadm'),
(672, NULL, 491, NULL, 326, NULL, NULL, 1, 1, 36.00, NULL, NULL, '2013-04-16 21:08:31', NULL, NULL, 'R', 'tiagoadm'),
(673, NULL, 492, NULL, 328, NULL, NULL, 1, 1, 4.00, NULL, NULL, '2013-04-16 21:09:13', NULL, NULL, 'R', 'tiagoadm'),
(674, NULL, 493, NULL, 329, NULL, NULL, 1, 1, 4.00, NULL, NULL, '2013-04-16 21:09:32', NULL, NULL, 'R', 'tiagoadm'),
(675, NULL, 495, NULL, 331, NULL, NULL, 1, 1, 14.00, NULL, NULL, '2013-04-16 21:10:55', NULL, NULL, 'R', 'tiagoadm'),
(676, NULL, 494, NULL, 330, NULL, NULL, 3, 3, 12.71, 0.00, 0.00, '2013-04-17 16:04:33', NULL, '', 'R', 'tiagoadm'),
(677, NULL, NULL, 221, NULL, NULL, 149, 3, 6, 149.16, 0.00, 0.00, '2013-04-19 14:07:22', 'imposto', '', 'P', 'tiagoadm'),
(678, NULL, NULL, 222, NULL, NULL, 150, 3, 6, 235.00, 0.00, 0.00, '2013-04-19 14:09:05', 'Pasqualino', '', 'P', 'tiagoadm'),
(679, NULL, 496, NULL, 332, NULL, NULL, 3, 3, 23.46, 0.00, 0.00, '2013-04-22 14:49:50', NULL, '', 'R', 'tiagoadm'),
(680, NULL, 497, NULL, 333, NULL, NULL, 1, 1, 3.00, NULL, NULL, '2013-04-22 16:05:35', NULL, NULL, 'R', 'tiagoadm'),
(681, NULL, 498, NULL, 327, NULL, NULL, 1, 1, 30.00, NULL, NULL, '2013-04-22 18:10:44', NULL, NULL, 'R', 'edimilson'),
(682, NULL, 499, NULL, 334, NULL, NULL, 1, 1, 2.00, NULL, NULL, '2013-04-22 19:18:35', NULL, NULL, 'R', 'tiagoadm'),
(683, NULL, 500, NULL, 336, NULL, NULL, 1, 1, 15.00, NULL, NULL, '2013-04-23 15:01:38', NULL, NULL, 'R', 'edimilson'),
(684, NULL, 501, NULL, 337, NULL, NULL, 1, 1, 15.00, NULL, NULL, '2013-04-23 15:05:37', NULL, NULL, 'R', 'edimilson'),
(685, 1, NULL, NULL, NULL, NULL, 151, 3, 1, 1468.30, NULL, NULL, '2013-04-23 16:09:41', 'Bradesco', ' --- EMPRESTIMO --- ', 'E', '0'),
(686, NULL, NULL, 220, NULL, NULL, 148, 3, 6, 35.70, 0.00, 0.00, '2013-04-23 16:10:00', 'imposto', '', 'P', 'tiagoadm'),
(687, NULL, NULL, 233, NULL, NULL, 152, 3, 1, 1644.20, 0.00, 0.00, '2013-04-23 18:12:31', 'izzo', '', 'P', 'tiagoadm'),
(688, NULL, 502, NULL, 337, NULL, NULL, 3, 3, 0.00, 0.00, 0.00, '2013-04-24 16:17:29', NULL, '', 'R', 'tiagoadm'),
(689, NULL, 409, NULL, 255, NULL, NULL, 3, 6, 292.60, 0.00, 0.00, '2013-04-24 16:17:51', NULL, '', 'R', 'tiagoadm'),
(690, NULL, 329, NULL, 191, NULL, NULL, 3, 6, 145.95, 0.00, 0.00, '2013-04-24 16:18:58', NULL, '', 'R', 'tiagoadm'),
(691, NULL, 240, NULL, 138, NULL, NULL, 3, 6, 49.00, 0.00, 0.00, '2013-04-24 16:19:19', NULL, '', 'R', 'tiagoadm'),
(692, NULL, NULL, 7, NULL, NULL, 1, 3, 1, 800.00, 0.00, 0.00, '2013-04-25 20:17:27', 'Aluguel', '', 'P', 'tiagoadm'),
(693, NULL, NULL, 16, NULL, NULL, 2, 3, 1, 525.00, 0.00, 0.00, '2013-04-25 20:21:54', 'Forte em Midia', '', 'P', 'tiagoadm'),
(694, NULL, 503, NULL, 335, NULL, NULL, 1, 1, 5.00, NULL, NULL, '2013-04-26 19:37:22', NULL, NULL, 'R', 'tiagoadm'),
(695, NULL, 504, NULL, 339, NULL, NULL, 1, 1, 30.00, NULL, NULL, '2013-04-26 19:37:49', NULL, NULL, 'R', 'tiagoadm'),
(696, NULL, 505, NULL, 340, NULL, NULL, 1, 1, 20.00, NULL, NULL, '2013-04-26 20:32:56', NULL, NULL, 'R', 'tiagoadm'),
(697, NULL, 506, NULL, 341, NULL, NULL, 1, 1, 20.00, NULL, NULL, '2013-04-27 14:42:44', NULL, NULL, 'R', 'tiagoadm'),
(698, NULL, 507, NULL, 342, NULL, NULL, 1, 1, 25.00, NULL, NULL, '2013-04-29 13:28:32', NULL, NULL, 'R', 'tiagoadm'),
(699, NULL, 508, NULL, 343, NULL, NULL, 1, 1, 15.00, NULL, NULL, '2013-04-29 20:24:42', NULL, NULL, 'R', 'tiagoadm'),
(700, NULL, 509, NULL, 338, NULL, NULL, 1, 1, 16.50, NULL, NULL, '2013-04-30 14:41:20', NULL, NULL, 'R', 'edimilson'),
(701, NULL, 510, NULL, 345, NULL, NULL, 1, 1, 7.00, NULL, NULL, '2013-05-02 13:34:25', NULL, NULL, 'R', 'edimilson'),
(702, NULL, NULL, 119, NULL, NULL, 68, 1, 1, 300.00, 0.00, 0.00, '2013-05-03 13:00:25', 'Daniel', '', 'P', 'tiagoadm'),
(703, NULL, NULL, 89, NULL, NULL, 53, 3, 1, 655.97, 0.00, 0.00, '2013-05-03 13:38:10', 'emprestimo', '', 'P', 'tiagoadm'),
(704, NULL, 348, NULL, 207, NULL, NULL, 3, 2, 174.26, 0.00, 0.00, '2013-05-03 13:39:41', NULL, '', 'R', 'tiagoadm'),
(705, NULL, 511, NULL, 346, NULL, NULL, 1, 1, 45.00, NULL, NULL, '2013-05-04 14:07:52', NULL, NULL, 'R', 'edimilson'),
(706, NULL, 512, NULL, 347, NULL, NULL, 1, 1, 3.00, NULL, NULL, '2013-05-04 14:09:03', NULL, NULL, 'R', 'edimilson'),
(707, NULL, 513, NULL, 348, NULL, NULL, 1, 1, 14.50, NULL, NULL, '2013-05-04 14:35:08', NULL, NULL, 'R', 'edimilson'),
(708, NULL, 514, NULL, 349, NULL, NULL, 1, 1, 15.50, NULL, NULL, '2013-05-04 14:37:22', NULL, NULL, 'R', 'edimilson'),
(709, NULL, 515, NULL, 350, NULL, NULL, 1, 1, 16.00, NULL, NULL, '2013-05-04 16:02:42', NULL, NULL, 'R', 'edimilson'),
(710, NULL, 516, NULL, 351, NULL, NULL, 1, 1, 10.00, NULL, NULL, '2013-05-04 16:03:43', NULL, NULL, 'R', 'edimilson'),
(711, NULL, 518, NULL, 344, NULL, NULL, 1, 1, 40.00, NULL, NULL, '2013-05-06 15:21:27', NULL, NULL, 'R', 'tiagoadm'),
(712, NULL, 519, NULL, 353, NULL, NULL, 1, 1, 13.50, NULL, NULL, '2013-05-06 15:21:44', NULL, NULL, 'R', 'tiagoadm'),
(713, NULL, NULL, NULL, NULL, 61, NULL, 1, 1, 300.00, NULL, NULL, '2013-05-06 15:22:36', NULL, NULL, 'T', 'tiagoadm'),
(714, NULL, NULL, NULL, NULL, 61, NULL, 3, 1, 300.00, NULL, NULL, '2013-05-06 15:22:36', NULL, NULL, 'D', 'tiagoadm'),
(715, NULL, 520, NULL, 354, NULL, NULL, 1, 1, 13.50, NULL, NULL, '2013-05-06 19:04:59', NULL, NULL, 'R', 'tiagoadm'),
(716, NULL, 522, NULL, 356, NULL, NULL, 1, 1, 22.00, NULL, NULL, '2013-05-07 20:07:12', NULL, NULL, 'R', 'tiagoadm'),
(717, NULL, 523, NULL, 357, NULL, NULL, 1, 1, 13.50, NULL, NULL, '2013-05-08 19:14:05', NULL, NULL, 'R', 'tiagoadm'),
(718, NULL, 524, NULL, 358, NULL, NULL, 1, 1, 65.00, NULL, NULL, '2013-05-08 20:56:58', NULL, NULL, 'R', 'tiagoadm'),
(719, NULL, NULL, NULL, NULL, 62, NULL, 1, 1, 165.00, NULL, NULL, '2013-05-09 14:28:42', NULL, NULL, 'T', 'tiagoadm'),
(720, NULL, NULL, NULL, NULL, 62, NULL, 3, 1, 165.00, NULL, NULL, '2013-05-09 14:28:42', NULL, NULL, 'D', 'tiagoadm'),
(721, NULL, 525, NULL, 359, NULL, NULL, 1, 1, 65.00, NULL, NULL, '2013-05-09 14:29:12', NULL, NULL, 'R', 'tiagoadm'),
(722, NULL, 526, NULL, 360, NULL, NULL, 1, 1, 25.00, NULL, NULL, '2013-05-09 14:45:53', NULL, NULL, 'R', 'tiagoadm'),
(723, NULL, 527, NULL, 361, NULL, NULL, 1, 1, 2.00, NULL, NULL, '2013-05-09 20:24:09', NULL, NULL, 'R', 'tiagoadm'),
(724, NULL, 528, NULL, 362, NULL, NULL, 1, 1, 19.00, NULL, NULL, '2013-05-09 20:25:08', NULL, NULL, 'R', 'tiagoadm'),
(725, NULL, NULL, 234, NULL, NULL, 153, 3, 6, 166.05, 0.00, 0.00, '2013-05-10 18:44:00', 'Prefeitura', '', 'P', 'tiagoadm'),
(726, NULL, NULL, 235, NULL, NULL, 154, 3, 6, 70.00, 0.00, 0.00, '2013-05-10 18:44:06', 'internet', '', 'P', 'tiagoadm'),
(727, NULL, NULL, 195, NULL, NULL, 125, 3, 6, 240.00, 0.00, 0.00, '2013-05-10 18:44:12', 'favorita', '', 'P', 'tiagoadm'),
(728, NULL, 532, NULL, 364, NULL, NULL, 1, 1, 13.00, NULL, NULL, '2013-05-10 19:18:22', NULL, NULL, 'R', 'tiagoadm'),
(729, NULL, 533, NULL, 365, NULL, NULL, 1, 1, 27.00, NULL, NULL, '2013-05-10 19:37:52', NULL, NULL, 'R', 'tiagoadm'),
(730, NULL, 534, NULL, 366, NULL, NULL, 1, 1, 15.00, NULL, NULL, '2013-05-10 20:32:30', NULL, NULL, 'R', 'tiagoadm'),
(731, NULL, 535, NULL, 352, NULL, NULL, 1, 1, 13.50, NULL, NULL, '2013-05-11 14:38:49', NULL, NULL, 'R', 'edimilson'),
(732, NULL, 536, NULL, 368, NULL, NULL, 1, 1, 50.00, NULL, NULL, '2013-05-13 20:28:18', NULL, NULL, 'R', 'edimilson'),
(733, NULL, 537, NULL, 369, NULL, NULL, 1, 1, 27.00, NULL, NULL, '2013-05-13 20:31:48', NULL, NULL, 'R', 'edimilson'),
(734, NULL, 538, NULL, 367, NULL, NULL, 1, 1, 16.50, NULL, NULL, '2013-05-14 20:46:39', NULL, NULL, 'R', 'tiagoadm'),
(735, NULL, 539, NULL, 371, NULL, NULL, 1, 1, 18.00, NULL, NULL, '2013-05-15 18:16:07', NULL, NULL, 'R', 'tiagoadm'),
(736, NULL, 541, NULL, 370, NULL, NULL, 1, 1, 10.00, NULL, NULL, '2013-05-18 14:24:45', NULL, NULL, 'R', 'edimilson'),
(737, NULL, 542, NULL, 374, NULL, NULL, 1, 1, 54.00, NULL, NULL, '2013-05-18 14:46:23', NULL, NULL, 'R', 'edimilson'),
(738, NULL, 543, NULL, 373, NULL, NULL, 1, 1, 40.00, NULL, NULL, '2013-05-20 16:13:45', NULL, NULL, 'R', 'tiagoadm'),
(739, NULL, 544, NULL, 376, NULL, NULL, 1, 1, 50.00, NULL, NULL, '2013-05-20 18:47:40', NULL, NULL, 'R', 'tiagoadm'),
(740, NULL, 547, NULL, 377, NULL, NULL, 1, 1, 1.00, NULL, NULL, '2013-05-20 18:48:09', NULL, NULL, 'R', 'tiagoadm'),
(741, NULL, 548, NULL, 378, NULL, NULL, 1, 1, 13.50, NULL, NULL, '2013-05-20 18:48:33', NULL, NULL, 'R', 'tiagoadm'),
(742, NULL, 550, NULL, 380, NULL, NULL, 1, 1, 2.00, NULL, NULL, '2013-05-20 18:56:05', NULL, NULL, 'R', 'tiagoadm'),
(743, NULL, 551, NULL, 375, NULL, NULL, 1, 1, 15.00, NULL, NULL, '2013-05-21 13:48:15', NULL, NULL, 'R', 'edimilson'),
(744, NULL, NULL, NULL, NULL, 63, NULL, 1, 1, 135.00, NULL, NULL, '2013-05-21 15:53:48', NULL, NULL, 'T', 'tiagoadm'),
(745, NULL, NULL, NULL, NULL, 63, NULL, 3, 1, 135.00, NULL, NULL, '2013-05-21 15:53:48', NULL, NULL, 'D', 'tiagoadm'),
(746, NULL, 555, NULL, 384, NULL, NULL, 1, 1, 20.00, NULL, NULL, '2013-05-27 12:50:54', NULL, NULL, 'R', 'tiagoadm'),
(747, NULL, NULL, NULL, NULL, 64, NULL, 1, 1, 110.00, NULL, NULL, '2013-05-27 12:51:13', NULL, NULL, 'T', 'tiagoadm'),
(748, NULL, NULL, NULL, NULL, 64, NULL, 3, 1, 110.00, NULL, NULL, '2013-05-27 12:51:13', NULL, NULL, 'D', 'tiagoadm'),
(749, NULL, 556, NULL, 385, NULL, NULL, 1, 1, 20.00, NULL, NULL, '2013-05-29 17:00:15', NULL, NULL, 'R', 'tiagoadm'),
(750, NULL, 558, NULL, 386, NULL, NULL, 1, 1, 20.00, NULL, NULL, '2013-05-31 18:35:31', NULL, NULL, 'R', 'tiagoadm'),
(751, NULL, 559, NULL, 387, NULL, NULL, 1, 1, 10.00, NULL, NULL, '2013-05-31 19:42:15', NULL, NULL, 'R', 'tiagoadm'),
(752, NULL, 560, NULL, 388, NULL, NULL, 1, 1, 13.00, NULL, NULL, '2013-05-31 19:45:52', NULL, NULL, 'R', 'tiagoadm'),
(753, NULL, 561, NULL, 382, NULL, NULL, 1, 1, 14.50, NULL, NULL, '2013-06-01 15:26:15', NULL, NULL, 'R', 'edimilson'),
(754, NULL, NULL, NULL, NULL, 65, NULL, 1, 1, 90.00, NULL, NULL, '2013-06-03 13:46:46', NULL, NULL, 'T', 'tiagoadm'),
(755, NULL, NULL, NULL, NULL, 65, NULL, 3, 1, 90.00, NULL, NULL, '2013-06-03 13:46:46', NULL, NULL, 'D', 'tiagoadm'),
(756, NULL, NULL, 8, NULL, NULL, 1, 3, 1, 1000.00, 0.00, 0.00, '2013-06-03 13:47:22', 'Aluguel', '', 'P', 'tiagoadm'),
(757, NULL, NULL, 17, NULL, NULL, 2, 3, 1, 525.00, 0.00, 0.00, '2013-06-03 13:47:34', 'Forte em Midia', '', 'P', 'tiagoadm'),
(758, NULL, NULL, 90, NULL, NULL, 53, 3, 1, 655.97, 0.00, 0.00, '2013-06-03 13:55:54', 'emprestimo', '', 'P', 'tiagoadm'),
(759, NULL, 165, NULL, 88, NULL, NULL, 3, 6, 300.00, 0.00, 0.00, '2013-06-03 13:59:25', NULL, '', 'R', 'tiagoadm'),
(760, NULL, 256, NULL, 124, NULL, NULL, 3, 6, 90.00, 0.00, 0.00, '2013-06-03 13:59:48', NULL, '', 'R', 'tiagoadm'),
(761, NULL, 421, NULL, 265, NULL, NULL, 3, 6, 100.00, 0.00, 0.00, '2013-06-03 14:00:00', NULL, '', 'R', 'tiagoadm'),
(762, NULL, 521, NULL, 355, NULL, NULL, 3, 3, 18.00, 0.00, 0.00, '2013-06-03 14:00:31', NULL, '', 'R', 'tiagoadm'),
(763, NULL, 540, NULL, 372, NULL, NULL, 3, 3, 13.00, 0.00, 0.00, '2013-06-03 14:01:00', NULL, '', 'R', 'tiagoadm'),
(764, NULL, 549, NULL, 379, NULL, NULL, 3, 3, 13.50, 0.00, 0.00, '2013-06-03 14:01:10', NULL, '', 'R', 'tiagoadm'),
(765, NULL, 553, NULL, 381, NULL, NULL, 3, 3, 13.00, 0.00, 0.00, '2013-06-03 14:01:20', NULL, '', 'R', 'tiagoadm'),
(766, NULL, 554, NULL, 383, NULL, NULL, 3, 3, 75.00, 0.00, 0.00, '2013-06-03 14:01:31', NULL, '', 'R', 'tiagoadm'),
(767, NULL, 562, NULL, 389, NULL, NULL, 1, 1, 14.00, NULL, NULL, '2013-06-03 14:31:19', NULL, NULL, 'R', 'tiagoadm'),
(768, NULL, 563, NULL, 390, NULL, NULL, 1, 1, 32.00, NULL, NULL, '2013-06-06 15:06:49', NULL, NULL, 'R', 'edimilson'),
(769, NULL, NULL, 238, NULL, NULL, 157, 3, 6, 499.70, 0.00, 0.00, '2013-06-07 20:48:31', 'arwel', '', 'P', 'tiagoadm'),
(770, NULL, NULL, 120, NULL, NULL, 68, 1, 1, 300.00, 0.00, 0.00, '2013-06-07 20:48:43', 'Daniel', '', 'P', 'tiagoadm'),
(771, NULL, 566, NULL, 393, NULL, NULL, 1, 1, 50.00, NULL, NULL, '2013-06-08 14:16:33', NULL, NULL, 'R', 'tiagoadm'),
(772, NULL, 569, NULL, 392, NULL, NULL, 1, 1, 50.50, NULL, NULL, '2013-06-27 20:08:52', NULL, NULL, 'R', 'edimilson'),
(773, NULL, 570, NULL, 397, NULL, NULL, 1, 1, 3.00, NULL, NULL, '2013-06-28 14:04:01', NULL, NULL, 'R', 'edimilson'),
(774, NULL, 571, NULL, 398, NULL, NULL, 1, 1, 2.00, NULL, NULL, '2013-06-28 14:05:25', NULL, NULL, 'R', 'edimilson'),
(775, NULL, 572, NULL, 399, NULL, NULL, 1, 1, 47.00, NULL, NULL, '2013-06-28 21:00:41', NULL, NULL, 'R', 'edimilson'),
(776, NULL, 574, NULL, 400, NULL, NULL, 1, 1, 13.00, NULL, NULL, '2013-06-29 17:20:24', NULL, NULL, 'R', 'edimilson'),
(777, NULL, 577, NULL, 402, NULL, NULL, 1, 1, 2.00, NULL, NULL, '2013-07-04 13:48:19', NULL, NULL, 'R', 'edimilson'),
(778, NULL, NULL, 196, NULL, NULL, 125, 3, 6, 240.00, 0.00, 0.00, '2013-07-04 14:41:45', 'favorita', '', 'P', 'tiagoadm'),
(779, NULL, NULL, 91, NULL, NULL, 53, 3, 1, 36.44, 0.00, 0.00, '2013-07-04 14:41:57', 'emprestimo', '', 'P', 'tiagoadm'),
(780, NULL, NULL, 223, NULL, NULL, 151, 3, 1, 146.83, 0.00, 0.00, '2013-07-04 14:42:29', 'Bradesco', '', 'P', 'tiagoadm'),
(781, NULL, NULL, 236, NULL, NULL, 155, 3, 6, 70.00, 0.00, 0.00, '2013-07-04 14:42:46', 'internet', '', 'P', 'tiagoadm'),
(782, NULL, NULL, 121, NULL, NULL, 68, 1, 1, 300.00, 0.00, 0.00, '2013-07-04 14:43:02', 'Daniel', '', 'P', 'tiagoadm'),
(783, NULL, NULL, 9, NULL, NULL, 1, 3, 1, 1000.00, 0.00, 0.00, '2013-07-04 14:45:33', 'Aluguel', '', 'P', 'tiagoadm'),
(784, NULL, NULL, 237, NULL, NULL, 156, 3, 6, 235.00, 0.00, 0.00, '2013-07-04 14:46:17', 'Pasqualino', '', 'P', 'tiagoadm'),
(785, NULL, NULL, 18, NULL, NULL, 2, 3, 1, 525.00, 0.00, 0.00, '2013-07-04 14:46:34', 'Forte em Midia', '', 'P', 'tiagoadm'),
(786, NULL, 557, NULL, 385, NULL, NULL, 3, 3, 190.00, 0.00, 0.00, '2013-07-04 14:47:03', NULL, '', 'R', 'tiagoadm'),
(787, NULL, 166, NULL, 88, NULL, NULL, 3, 6, 300.00, 0.00, 0.00, '2013-07-04 14:47:19', NULL, '', 'R', 'tiagoadm'),
(788, NULL, 422, NULL, 265, NULL, NULL, 3, 6, 100.00, 0.00, 0.00, '2013-07-04 14:47:45', NULL, '', 'R', 'tiagoadm'),
(789, NULL, 565, NULL, 391, NULL, NULL, 3, 3, 21.00, 0.00, 0.00, '2013-07-04 14:48:10', NULL, '', 'R', 'tiagoadm'),
(790, NULL, 529, NULL, 363, NULL, NULL, 3, 2, 83.33, 0.00, 0.00, '2013-07-04 14:48:31', NULL, '', 'R', 'tiagoadm'),
(791, NULL, 281, NULL, 161, NULL, NULL, 3, 6, 250.00, 0.00, 0.00, '2013-07-04 14:49:00', NULL, '', 'R', 'tiagoadm'),
(792, NULL, 292, NULL, 163, NULL, NULL, 3, 6, 85.00, 0.00, 0.00, '2013-07-04 14:49:25', NULL, '', 'R', 'tiagoadm'),
(793, NULL, 117, NULL, 54, NULL, NULL, 3, 6, 70.00, 0.00, 0.00, '2013-07-04 14:49:43', NULL, '', 'R', 'tiagoadm'),
(794, NULL, 567, NULL, 394, NULL, NULL, 3, 3, 33.00, 0.00, 0.00, '2013-07-04 14:50:03', NULL, '', 'R', 'tiagoadm'),
(795, NULL, 545, NULL, 376, NULL, NULL, 3, 7, 25.00, 0.00, 0.00, '2013-07-04 14:50:32', NULL, '', 'R', 'tiagoadm'),
(796, NULL, 86, NULL, 49, NULL, NULL, 3, 6, 309.00, 0.00, 0.00, '2013-07-04 14:51:14', NULL, '', 'R', 'tiagoadm'),
(797, NULL, 578, NULL, 403, NULL, NULL, 1, 1, 6.00, NULL, NULL, '2013-07-04 20:07:14', NULL, NULL, 'R', 'edimilson'),
(798, NULL, 579, NULL, 404, NULL, NULL, 1, 1, 20.00, NULL, NULL, '2013-07-09 14:22:08', NULL, NULL, 'R', 'edimilson'),
(799, NULL, 580, NULL, 405, NULL, NULL, 1, 1, 36.00, NULL, NULL, '2013-07-11 14:04:22', NULL, NULL, 'R', 'edimilson'),
(800, NULL, 582, NULL, 406, NULL, NULL, 1, 1, 0.00, NULL, NULL, '2013-07-11 21:02:48', NULL, NULL, 'R', 'edimilson'),
(801, NULL, 583, NULL, 407, NULL, NULL, 1, 1, 10.00, NULL, NULL, '2013-07-11 21:03:51', NULL, NULL, 'R', 'edimilson'),
(802, NULL, 584, NULL, 408, NULL, NULL, 1, 1, 8.00, NULL, NULL, '2013-08-03 15:47:57', NULL, NULL, 'R', 'edimilson'),
(803, NULL, 585, NULL, 409, NULL, NULL, 1, 1, 30.00, NULL, NULL, '2013-08-07 14:37:59', NULL, NULL, 'R', 'edimilson');

-- --------------------------------------------------------

--
-- Estrutura para tabela `livrocaixa`
--

CREATE TABLE IF NOT EXISTS `livrocaixa` (
`livroID` int(11) NOT NULL,
  `banco` varchar(50) NOT NULL,
  `descricao` text NOT NULL,
  `valorInicial` float(10,2) NOT NULL,
  `dataInicio` date NOT NULL,
  `ultimoLancamento` timestamp NOT NULL DEFAULT CURRENT_TIMESTAMP ON UPDATE CURRENT_TIMESTAMP,
  `saldo` float(14,2) NOT NULL,
  `status` varchar(1) NOT NULL DEFAULT 'S'
) ENGINE=InnoDB  DEFAULT CHARSET=latin1 AUTO_INCREMENT=7 ;

--
-- Fazendo dump de dados para tabela `livrocaixa`
--

INSERT INTO `livrocaixa` (`livroID`, `banco`, `descricao`, `valorInicial`, `dataInicio`, `ultimoLancamento`, `saldo`, `status`) VALUES
(1, 'Loja', 'Caixa que recebe tudo que entra na loja', 0.00, '2012-09-24', '2013-08-07 14:37:59', 56.45, 'S'),
(3, 'Bradesco', '', 16472.70, '2012-10-03', '2013-07-04 14:51:14', -4437.51, 'S'),
(4, 'Capital', '', 4080.10, '2012-10-03', '2013-03-18 14:55:28', 869.40, 'S'),
(5, 'acerto', '', 256.00, '2013-01-31', '2013-01-31 12:53:31', 0.00, 'N'),
(6, 'acerto2', '', 383.46, '2013-03-16', '2013-03-16 16:52:56', 0.00, 'N');

-- --------------------------------------------------------

--
-- Estrutura para tabela `orcamento`
--

CREATE TABLE IF NOT EXISTS `orcamento` (
`orcamentoID` int(11) NOT NULL,
  `clienteID` int(11) NOT NULL,
  `formPagID` int(11) NOT NULL,
  `valor` float(10,2) NOT NULL,
  `entrada` float(10,2) NOT NULL,
  `troco` float(10,2) NOT NULL,
  `vezes` int(11) NOT NULL,
  `desconto` float(10,2) NOT NULL,
  `notaFiscal` varchar(20) NOT NULL,
  `data` timestamp NOT NULL DEFAULT CURRENT_TIMESTAMP ON UPDATE CURRENT_TIMESTAMP,
  `usuario` varchar(50) NOT NULL,
  `status` varchar(1) NOT NULL DEFAULT '1'
) ENGINE=InnoDB  DEFAULT CHARSET=latin1 AUTO_INCREMENT=9 ;

--
-- Fazendo dump de dados para tabela `orcamento`
--

INSERT INTO `orcamento` (`orcamentoID`, `clienteID`, `formPagID`, `valor`, `entrada`, `troco`, `vezes`, `desconto`, `notaFiscal`, `data`, `usuario`, `status`) VALUES
(7, 0, 1, 1188.02, 0.00, 0.00, 1, 0.00, '0', '2012-10-06 16:14:53', 'tiagoadm', '2'),
(8, 0, 0, 0.00, 0.00, 0.00, 0, 0.00, '0', '2012-10-06 16:14:59', 'tiagoadm', '1');

-- --------------------------------------------------------

--
-- Estrutura para tabela `orcamentoitem`
--

CREATE TABLE IF NOT EXISTS `orcamentoitem` (
`itemID` int(11) NOT NULL,
  `orcamentoID` int(11) NOT NULL,
  `produtoID` int(11) NOT NULL,
  `quantidade` float(10,2) NOT NULL,
  `valor` float(10,2) NOT NULL,
  `total` float(10,2) NOT NULL
) ENGINE=InnoDB  DEFAULT CHARSET=latin1 AUTO_INCREMENT=10 ;

--
-- Fazendo dump de dados para tabela `orcamentoitem`
--

INSERT INTO `orcamentoitem` (`itemID`, `orcamentoID`, `produtoID`, `quantidade`, `valor`, `total`) VALUES
(6, 7, 67, 1.00, 210.01, 210.01),
(7, 7, 68, 1.00, 250.01, 250.01),
(8, 7, 69, 1.00, 320.00, 320.00),
(9, 7, 70, 1.00, 408.00, 408.00);

-- --------------------------------------------------------

--
-- Estrutura para tabela `pagar`
--

CREATE TABLE IF NOT EXISTS `pagar` (
`pagarID` int(11) NOT NULL,
  `contapagarID` int(11) NOT NULL,
  `formID` int(11) NOT NULL,
  `valor` float(10,2) NOT NULL,
  `vencimento` date NOT NULL,
  `parcela` int(11) NOT NULL,
  `de` int(11) NOT NULL,
  `status` varchar(1) NOT NULL COMMENT 'Ou ''D'' de Devendo ou ''P'' de Pago'
) ENGINE=InnoDB  DEFAULT CHARSET=latin1 AUTO_INCREMENT=239 ;

--
-- Fazendo dump de dados para tabela `pagar`
--

INSERT INTO `pagar` (`pagarID`, `contapagarID`, `formID`, `valor`, `vencimento`, `parcela`, `de`, `status`) VALUES
(1, 1, 1, 1000.00, '2012-10-20', 1, 9, 'P'),
(2, 1, 1, 1000.00, '2012-11-19', 2, 9, 'P'),
(3, 1, 1, 1000.00, '2012-12-19', 3, 9, 'P'),
(4, 1, 1, 1000.00, '2013-01-18', 4, 9, 'P'),
(5, 1, 1, 1000.00, '2013-02-17', 5, 9, 'P'),
(6, 1, 1, 1000.00, '2013-03-19', 6, 9, 'P'),
(7, 1, 1, 800.00, '2013-04-18', 7, 9, 'P'),
(8, 1, 1, 1000.00, '2013-05-18', 8, 9, 'P'),
(9, 1, 1, 1000.00, '2013-06-17', 9, 9, 'P'),
(10, 2, 1, 525.00, '2012-10-25', 1, 10, 'P'),
(11, 2, 1, 525.00, '2012-11-24', 2, 10, 'P'),
(12, 2, 1, 525.00, '2012-12-24', 3, 10, 'P'),
(13, 2, 1, 525.00, '2013-01-25', 4, 10, 'P'),
(14, 2, 1, 525.00, '2013-02-22', 5, 10, 'P'),
(15, 2, 1, 525.00, '2013-03-25', 6, 10, 'P'),
(16, 2, 1, 525.00, '2013-04-25', 7, 10, 'P'),
(17, 2, 1, 525.00, '2013-05-23', 8, 10, 'P'),
(18, 2, 1, 525.00, '2013-06-22', 9, 10, 'P'),
(19, 2, 1, 525.00, '2013-07-22', 10, 10, 'D'),
(25, 4, 1, 85.00, '2012-10-04', 1, 1, 'P'),
(26, 5, 1, 40.00, '2012-10-04', 1, 1, 'P'),
(27, 6, 1, 2.00, '2012-10-06', 1, 1, 'P'),
(28, 7, 1, 23.70, '2012-10-08', 1, 1, 'P'),
(29, 8, 1, 10.40, '2012-10-08', 1, 1, 'P'),
(30, 9, 1, 489.98, '2012-10-03', 1, 1, 'P'),
(31, 10, 1, 156.67, '2012-10-26', 1, 1, 'P'),
(32, 11, 1, 276.00, '2012-10-08', 1, 1, 'P'),
(33, 12, 1, 602.38, '2012-10-09', 1, 1, 'P'),
(34, 13, 1, 5663.59, '2012-10-09', 1, 1, 'P'),
(42, 16, 6, 848.50, '2012-12-15', 2, 3, 'P'),
(43, 16, 6, 848.50, '2013-01-14', 3, 3, 'P'),
(44, 17, 6, 599.00, '2012-11-15', 1, 3, 'P'),
(45, 17, 6, 599.00, '2012-12-15', 2, 3, 'P'),
(46, 17, 6, 599.00, '2013-01-14', 3, 3, 'P'),
(47, 18, 1, 293.00, '2012-10-10', 1, 1, 'P'),
(49, 20, 1, 40.00, '2012-10-11', 1, 1, 'P'),
(50, 21, 1, 60.66, '2012-10-20', 1, 1, 'P'),
(52, 23, 1, 20.00, '2012-10-13', 1, 1, 'P'),
(53, 24, 6, 155.00, '2012-10-30', 1, 1, 'P'),
(54, 25, 6, 60.00, '2012-10-31', 1, 1, 'P'),
(55, 26, 6, 323.85, '2012-10-30', 1, 3, 'P'),
(56, 26, 6, 323.85, '2012-11-30', 2, 3, 'P'),
(57, 26, 6, 323.85, '2012-12-30', 3, 3, 'P'),
(58, 27, 1, 273.80, '2012-10-15', 1, 1, 'P'),
(59, 28, 1, 40.00, '2012-10-17', 1, 1, 'P'),
(60, 29, 1, 149.00, '2012-10-17', 1, 1, 'P'),
(61, 30, 1, 50.00, '2012-10-20', 1, 1, 'P'),
(62, 31, 1, 7.20, '2012-10-25', 1, 1, 'P'),
(63, 32, 1, 20.00, '2012-10-25', 1, 1, 'P'),
(64, 33, 1, 5.00, '2012-10-26', 1, 1, 'P'),
(65, 34, 1, 1243.36, '2012-10-31', 1, 1, 'P'),
(66, 35, 1, 6.00, '2012-10-31', 1, 1, 'P'),
(67, 36, 6, 235.00, '2012-11-20', 1, 1, 'P'),
(69, 38, 1, 17.42, '2012-11-05', 1, 1, 'P'),
(70, 39, 1, 160.00, '2012-11-07', 1, 1, 'P'),
(71, 40, 1, 120.00, '2012-11-08', 1, 1, 'P'),
(72, 41, 1, 12.92, '2012-11-20', 1, 1, 'P'),
(73, 42, 1, 71.26, '2012-11-19', 1, 1, 'P'),
(74, 43, 1, 150.00, '2012-11-19', 1, 1, 'P'),
(75, 44, 1, 880.19, '2012-11-19', 1, 1, 'P'),
(76, 45, 1, 527.82, '2012-11-21', 1, 1, 'P'),
(77, 46, 1, 188.95, '2012-11-21', 1, 1, 'P'),
(78, 47, 1, 113.89, '2012-11-21', 1, 1, 'P'),
(79, 48, 1, 29.00, '2012-11-21', 1, 1, 'P'),
(80, 49, 1, 7.12, '2012-11-22', 1, 1, 'P'),
(81, 50, 1, 35.00, '2012-11-26', 1, 1, 'P'),
(82, 51, 1, 346.23, '2012-11-29', 1, 1, 'P'),
(83, 52, 1, 5.00, '2012-11-29', 1, 1, 'P'),
(84, 53, 1, 655.97, '2012-12-03', 1, 18, 'P'),
(85, 53, 1, 655.97, '2013-01-02', 2, 18, 'P'),
(86, 53, 1, 655.97, '2013-02-03', 3, 18, 'P'),
(87, 53, 1, 655.97, '2013-03-03', 4, 18, 'P'),
(88, 53, 1, 655.97, '2013-04-02', 5, 18, 'P'),
(89, 53, 1, 655.97, '2013-05-02', 6, 18, 'P'),
(90, 53, 1, 655.97, '2013-06-01', 7, 18, 'P'),
(91, 53, 1, 36.44, '2013-07-01', 8, 18, 'P'),
(92, 53, 1, 36.44, '2013-07-31', 9, 18, 'D'),
(93, 53, 1, 36.44, '2013-08-30', 10, 18, 'D'),
(94, 53, 1, 36.44, '2013-09-29', 11, 18, 'D'),
(95, 53, 1, 36.44, '2013-10-29', 12, 18, 'D'),
(96, 53, 1, 36.44, '2013-11-28', 13, 18, 'D'),
(97, 53, 1, 36.44, '2013-12-28', 14, 18, 'D'),
(98, 53, 1, 36.44, '2014-01-27', 15, 18, 'D'),
(99, 53, 1, 36.44, '2014-02-26', 16, 18, 'D'),
(100, 53, 1, 36.44, '2014-03-28', 17, 18, 'D'),
(101, 53, 1, 36.44, '2014-04-27', 18, 18, 'D'),
(102, 54, 1, 120.00, '2012-11-10', 1, 1, 'P'),
(103, 55, 1, 120.00, '2012-12-10', 1, 1, 'P'),
(104, 56, 1, 8.00, '2012-11-30', 1, 1, 'P'),
(105, 57, 1, 137.29, '2012-11-21', 1, 1, 'P'),
(106, 58, 1, 59.85, '2012-12-03', 1, 1, 'P'),
(107, 59, 1, 52.00, '2012-12-04', 1, 1, 'P'),
(108, 60, 1, 5.00, '2012-12-04', 1, 1, 'P'),
(109, 61, 1, 130.00, '2012-12-05', 1, 1, 'P'),
(110, 62, 1, 10.00, '2012-12-06', 1, 1, 'P'),
(111, 63, 1, 37.92, '2012-12-06', 1, 1, 'P'),
(112, 64, 1, 6.00, '2012-12-06', 1, 1, 'P'),
(113, 65, 6, 535.18, '2012-12-14', 1, 1, 'P'),
(114, 66, 6, 535.18, '2013-01-13', 1, 1, 'P'),
(115, 67, 6, 136.84, '2012-12-20', 1, 1, 'P'),
(116, 68, 1, 300.00, '2013-01-15', 1, 16, 'P'),
(117, 68, 1, 300.00, '2013-02-14', 2, 16, 'P'),
(118, 68, 1, 300.00, '2013-03-16', 3, 16, 'P'),
(119, 68, 1, 300.00, '2013-04-15', 4, 16, 'P'),
(120, 68, 1, 300.00, '2013-05-15', 5, 16, 'P'),
(121, 68, 1, 300.00, '2013-06-14', 6, 16, 'P'),
(122, 68, 1, 300.00, '2013-07-14', 7, 16, 'D'),
(123, 68, 1, 300.00, '2013-08-13', 8, 16, 'D'),
(124, 68, 1, 300.00, '2013-09-12', 9, 16, 'D'),
(125, 68, 1, 300.00, '2013-10-12', 10, 16, 'D'),
(126, 68, 1, 300.00, '2013-11-11', 11, 16, 'D'),
(127, 68, 1, 300.00, '2013-12-11', 12, 16, 'D'),
(128, 68, 1, 300.00, '2014-01-10', 13, 16, 'D'),
(129, 68, 1, 300.00, '2014-02-09', 14, 16, 'D'),
(130, 68, 1, 300.00, '2014-03-11', 15, 16, 'D'),
(131, 68, 1, 300.00, '2014-04-10', 16, 16, 'D'),
(132, 69, 1, 16.30, '2012-12-07', 1, 1, 'P'),
(133, 70, 1, 4.74, '2012-12-08', 1, 1, 'P'),
(134, 71, 1, 40.00, '2012-12-11', 1, 1, 'P'),
(135, 72, 6, 607.05, '2012-12-28', 1, 1, 'P'),
(136, 73, 6, 38.35, '2012-12-18', 1, 1, 'P'),
(137, 74, 6, 448.74, '2012-12-23', 1, 1, 'P'),
(138, 75, 6, 448.74, '2013-01-22', 1, 1, 'P'),
(139, 76, 1, 30.00, '2012-12-15', 1, 1, 'P'),
(140, 77, 1, 37.00, '2012-12-17', 1, 1, 'P'),
(141, 78, 1, 500.00, '2012-12-17', 1, 1, 'P'),
(142, 79, 6, 192.50, '2012-12-20', 1, 1, 'P'),
(143, 80, 1, 2.20, '2012-12-18', 1, 1, 'P'),
(144, 81, 1, 668.28, '2012-12-18', 1, 1, 'P'),
(145, 82, 1, 370.00, '2012-12-19', 1, 1, 'P'),
(146, 83, 6, 190.85, '2012-12-20', 1, 1, 'P'),
(147, 84, 6, 235.00, '2012-12-20', 1, 1, 'P'),
(148, 85, 6, 235.00, '2013-01-20', 1, 1, 'P'),
(149, 86, 6, 184.50, '2012-12-24', 1, 1, 'P'),
(150, 87, 1, 4.65, '2012-12-20', 1, 1, 'P'),
(151, 88, 1, 183.00, '2013-01-20', 1, 1, 'P'),
(152, 89, 1, 40.00, '2012-12-29', 1, 1, 'P'),
(153, 90, 1, 617.45, '2013-01-04', 1, 1, 'P'),
(154, 91, 4, 251.00, '2013-01-14', 1, 1, 'P'),
(155, 92, 1, 1033.46, '2013-01-10', 1, 1, 'P'),
(156, 93, 4, 304.00, '2013-02-10', 1, 2, 'P'),
(157, 93, 4, 314.00, '2013-03-12', 2, 2, 'P'),
(158, 94, 6, 141.14, '2013-01-21', 1, 1, 'P'),
(159, 95, 1, 30.00, '2013-01-12', 1, 1, 'P'),
(160, 96, 1, 250.00, '2013-01-12', 1, 1, 'P'),
(161, 97, 6, 398.76, '2013-01-23', 1, 1, 'P'),
(162, 98, 6, 1088.07, '2013-02-09', 1, 3, 'P'),
(163, 98, 6, 1088.07, '2013-03-11', 2, 3, 'P'),
(164, 98, 6, 1088.07, '2013-04-09', 3, 3, 'P'),
(165, 99, 1, 13.00, '2013-01-15', 1, 1, 'P'),
(166, 100, 1, 37.92, '2013-01-16', 1, 1, 'P'),
(167, 101, 1, 37.00, '2013-01-16', 1, 1, 'P'),
(168, 102, 6, 120.00, '2013-01-15', 1, 1, 'P'),
(169, 103, 1, 54.00, '2013-01-17', 1, 1, 'P'),
(170, 104, 1, 117.50, '2013-01-18', 1, 1, 'P'),
(171, 105, 1, 146.84, '2013-01-18', 1, 1, 'P'),
(172, 106, 1, 300.00, '2013-01-19', 1, 1, 'P'),
(173, 107, 1, 200.00, '2013-01-21', 1, 1, 'P'),
(174, 108, 1, 7.80, '2013-01-25', 1, 1, 'P'),
(175, 109, 1, 7.90, '2013-01-28', 1, 1, 'P'),
(176, 110, 1, 253.66, '2013-01-28', 1, 1, 'P'),
(177, 111, 1, 6.00, '2013-01-29', 1, 1, 'P'),
(178, 112, 1, 120.00, '2013-01-29', 1, 1, 'P'),
(179, 113, 1, 1162.59, '2013-01-30', 1, 1, 'P'),
(180, 114, 1, 36.00, '2013-01-31', 1, 1, 'P'),
(181, 115, 1, 60.00, '2013-02-01', 1, 1, 'P'),
(182, 116, 1, 8.00, '2013-02-01', 1, 1, 'P'),
(183, 117, 1, 70.00, '2013-02-10', 1, 1, 'P'),
(184, 118, 6, 235.00, '2013-02-20', 1, 1, 'P'),
(185, 119, 1, 150.00, '2013-02-05', 1, 1, 'P'),
(186, 120, 2, 72.72, '2013-03-06', 1, 2, 'P'),
(187, 120, 2, 179.00, '2013-04-10', 2, 2, 'P'),
(188, 121, 1, 500.00, '2013-02-08', 1, 1, 'P'),
(189, 122, 6, 86.62, '2013-02-19', 1, 1, 'P'),
(190, 123, 6, 354.50, '2013-03-01', 1, 1, 'P'),
(191, 124, 6, 354.50, '2013-03-31', 1, 1, 'P'),
(192, 125, 6, 240.00, '2013-02-10', 1, 6, 'P'),
(193, 125, 6, 240.00, '2013-03-12', 2, 6, 'P'),
(194, 125, 6, 240.00, '2013-04-10', 3, 6, 'P'),
(195, 125, 6, 240.00, '2013-05-11', 4, 6, 'P'),
(196, 125, 6, 240.00, '2013-06-10', 5, 6, 'P'),
(197, 125, 6, 240.00, '2013-07-10', 6, 6, 'D'),
(198, 126, 1, 115.00, '2013-02-08', 1, 1, 'P'),
(199, 127, 1, 5.40, '2013-02-14', 1, 1, 'P'),
(200, 128, 1, 48.60, '2013-02-14', 1, 1, 'P'),
(201, 129, 6, 125.40, '2013-02-20', 1, 1, 'P'),
(202, 130, 1, 10.00, '2013-02-18', 1, 1, 'P'),
(203, 131, 6, 149.16, '2013-02-19', 1, 1, 'P'),
(204, 132, 1, 13.30, '2013-02-20', 1, 1, 'P'),
(205, 133, 6, 497.00, '2013-03-11', 1, 1, 'P'),
(206, 134, 6, 400.30, '2013-03-16', 1, 1, 'P'),
(207, 135, 6, 156.13, '2013-02-26', 1, 1, 'P'),
(208, 136, 6, 70.00, '2013-03-10', 1, 1, 'P'),
(209, 137, 6, 610.08, '2013-03-16', 1, 1, 'P'),
(210, 138, 3, 99.00, '2013-04-10', 1, 1, 'P'),
(211, 139, 6, 8.12, '2013-03-10', 1, 1, 'P'),
(212, 140, 6, 26.40, '2013-03-15', 1, 1, 'P'),
(213, 141, 6, 235.00, '2013-03-20', 1, 1, 'P'),
(214, 142, 6, 149.16, '2013-03-20', 1, 1, 'P'),
(215, 143, 1, 12.00, '2013-03-18', 1, 1, 'P'),
(216, 144, 6, 74.25, '2013-03-21', 1, 1, 'P'),
(217, 145, 1, 14.00, '2013-03-19', 1, 1, 'P'),
(218, 146, 6, 119.08, '2013-04-03', 1, 1, 'P'),
(219, 147, 6, 70.00, '2013-04-10', 1, 1, 'P'),
(220, 148, 6, 35.70, '2013-04-22', 1, 1, 'P'),
(221, 149, 6, 149.16, '2013-04-19', 1, 1, 'P'),
(222, 150, 6, 235.00, '2013-04-20', 1, 1, 'P'),
(223, 151, 1, 146.83, '2013-06-10', 1, 10, 'P'),
(224, 151, 1, 146.83, '2013-07-10', 2, 10, 'D'),
(225, 151, 1, 146.83, '2013-08-09', 3, 10, 'D'),
(226, 151, 1, 146.83, '2013-09-08', 4, 10, 'D'),
(227, 151, 1, 146.83, '2013-10-08', 5, 10, 'D'),
(228, 151, 1, 146.83, '2013-11-07', 6, 10, 'D'),
(229, 151, 1, 146.83, '2013-12-07', 7, 10, 'D'),
(230, 151, 1, 146.83, '2014-01-06', 8, 10, 'D'),
(231, 151, 1, 146.83, '2014-02-05', 9, 10, 'D'),
(232, 151, 1, 146.83, '2014-03-07', 10, 10, 'D'),
(233, 152, 1, 1644.20, '2013-04-23', 1, 1, 'P'),
(234, 153, 6, 166.05, '2013-05-10', 1, 1, 'P'),
(235, 154, 6, 70.00, '2013-05-10', 1, 1, 'P'),
(236, 155, 6, 70.00, '2013-06-10', 1, 1, 'P'),
(237, 156, 6, 235.00, '2013-06-20', 1, 1, 'P'),
(238, 157, 6, 499.70, '2013-06-02', 1, 1, 'P');

-- --------------------------------------------------------

--
-- Estrutura para tabela `produto`
--

CREATE TABLE IF NOT EXISTS `produto` (
`produtoID` int(11) NOT NULL,
  `tipoprodutoID` int(11) NOT NULL,
  `fornecedorID` int(11) NOT NULL,
  `nome` varchar(100) NOT NULL,
  `codigo` varchar(20) NOT NULL,
  `unidade` varchar(2) NOT NULL,
  `precoCusto` float(10,2) NOT NULL,
  `preco` float(10,2) NOT NULL,
  `estoqueMinimo` int(11) NOT NULL,
  `estoque` float(10,2) NOT NULL,
  `lucro` varchar(10) NOT NULL,
  `data` timestamp NOT NULL DEFAULT CURRENT_TIMESTAMP ON UPDATE CURRENT_TIMESTAMP,
  `produtoAtivo` varchar(1) NOT NULL DEFAULT 'S'
) ENGINE=InnoDB  DEFAULT CHARSET=latin1 AUTO_INCREMENT=306 ;

--
-- Fazendo dump de dados para tabela `produto`
--

INSERT INTO `produto` (`produtoID`, `tipoprodutoID`, `fornecedorID`, `nome`, `codigo`, `unidade`, `precoCusto`, `preco`, `estoqueMinimo`, `estoque`, `lucro`, `data`, `produtoAtivo`) VALUES
(1, 5, 2, 'Abraçadeira de Couro Sintetico com Ressonador de Metal, P/ Clarinete - Free Sax&#8242;s', '1', 'UN', 29.70, 45.00, 1, 0.00, '51.52', '2014-12-17 13:01:33', 'S'),
(2, 3, 2, 'Abraçadeira de Couro Sintetico com Ressonador de Metal, P/ Sax Alto ', '2', 'UN', 29.70, 45.00, 2, 1.00, '51.52', '2013-06-28 21:00:23', 'S'),
(3, 3, 2, 'Abraçadeira de Couro Sintetico com Ressonador de Metal, Sax Soprano - Free Sax', '3', 'UN', 29.70, 45.00, 2, 1.00, '51.52', '2013-01-29 16:01:19', 'S'),
(4, 3, 2, 'Abraçadeira de Couro Sintetico com Ressonador de Metal, Sax Tenor - Free Sax', '4', 'UN', 29.70, 45.00, 2, 2.00, '51.52', '2012-10-08 13:24:40', 'S'),
(5, 1, 2, 'Apoio P/ Espigao de Cello, Free Sax', '5', 'UN', 14.04, 26.00, 2, 3.00, '85.19', '2012-12-06 19:05:37', 'S'),
(6, 1, 2, 'Breu Para Violino e Viola - Free Sax ', '6', 'UN', 4.05, 8.09, 2, 0.00, '99.75', '2013-04-09 20:00:52', 'S'),
(7, 3, 2, 'Correia Simples Almofada P/ Saxofone - Free Sax', 'correia908', 'UN', 14.51, 21.50, 3, 3.00, '48.17', '2013-02-21 18:23:54', 'S'),
(8, 1, 2, 'Espaleira P/ Violino 4/4 Free Sax', '8', 'UN', 24.75, 44.99, 2, 2.00, '81.78', '2012-09-26 22:44:30', 'S'),
(9, 9, 2, 'Prendedor de Partituras Cromado - Free Sax', '9', 'UN', 8.10, 13.00, 1, 0.00, '60.49', '2012-11-19 17:25:04', 'S'),
(10, 9, 2, 'Prendedor de Partituras Dourado - Free Sax', '10', 'UN', 11.19, 16.00, 3, 4.00, '42.98', '2013-03-09 19:26:08', 'S'),
(11, 9, 2, 'Adesivo Protetor Para Boquilha de Saxofone e Clarinete', '11', 'UN', 0.32, 0.70, 5, 2.00, '118.75', '2013-02-09 13:42:54', 'S'),
(12, 6, 1, 'Flauta Transversal Do, Demarkom', '12', 'UN', 545.70, 642.02, 2, 2.00, '17.65', '2012-09-26 22:54:46', 'S'),
(13, 6, 1, 'Flauta Transversal Sib, Demarkom', '13', 'UN', 591.60, 696.02, 2, 2.00, '17.65', '2012-09-26 22:57:10', 'S'),
(14, 7, 1, 'Sax Alto Mib 660 Niqueladas C/Case Termico, Demarkson', '14', 'UN', 1401.65, 1649.04, 2, 1.00, '17.65', '2012-09-26 22:59:04', 'S'),
(15, 7, 1, 'Sax Alto Mib 660G Laqueado C/Case Termico, Demarkson ', '15', 'UN', 1648.15, 1939.00, 3, 1.00, '17.65', '2013-01-26 15:40:41', 'S'),
(16, 7, 1, 'Sax Alto Mib 667 Laqueado Profissional C/Case ABS, Demarksom', '16', 'UN', 300.00, 300.00, 3, 0.00, '0.00', '2013-02-11 11:46:01', 'S'),
(17, 7, 1, 'Sax Tenor Sib Laqueado C/Case Termico, Demarksom', '17', 'UN', 2378.30, 2798.07, 1, 1.00, '17.65', '2012-09-26 23:04:34', 'S'),
(18, 6, 1, 'Clarinete Sib 613, Demarksom', '18', 'UN', 538.90, 634.02, 2, 1.00, '17.65', '2012-09-26 23:13:52', 'S'),
(19, 9, 3, 'Encord Daddario violao aço EZ900', '25035', 'UN', 16.79, 26.00, 2, 0.00, '54.85', '2012-10-29 12:40:50', 'S'),
(20, 9, 3, 'Encord Rouxinol R20 Violao Aço C/Bolinha', '1910', 'UN', 6.45, 12.00, 3, 0.00, '86.05', '2013-03-16 15:52:43', 'S'),
(21, 9, 3, 'Encord Rouxinol R54 Violao Nylon Transl', '1917', 'UN', 7.56, 12.00, 2, 0.00, '58.73', '2013-01-28 16:49:36', 'S'),
(22, 9, 3, 'Encord Rouxinol R57 Violao Nylon Cristal/Dourado', '1951', 'UN', 10.07, 14.00, 3, 0.00, '39.03', '2013-01-02 15:33:03', 'S'),
(23, 9, 3, 'Encord Rouxinol R30 Violao Aço 2a Encap/Bol', '1911', 'UN', 10.40, 16.00, 2, 0.00, '53.85', '2012-12-21 12:34:01', 'S'),
(24, 9, 3, 'Encord NIG N420 Violao Aço Folk 6c', '1955', 'UN', 12.64, 17.00, 2, 0.00, '34.49', '2013-03-02 14:51:39', 'S'),
(25, 9, 3, 'Encord NIG N410 Violao Nylon Cristal/Prateado', '1935', 'UN', 12.76, 23.50, 2, 0.00, '84.17', '2013-01-05 14:16:30', 'S'),
(26, 9, 3, 'Encord Sao Gonçalo Violao Nylon Cristal', '30333', 'UN', 9.30, 13.50, 2, 0.00, '45.16', '2012-10-29 18:54:56', 'S'),
(27, 9, 3, 'Encord Sao Gonçalo Aço Prata', '30335', 'UN', 10.11, 15.00, 2, 0.00, '48.37', '2013-03-06 18:05:28', 'S'),
(28, 9, 3, 'Encord SG Guitarra 009', '30302', 'UN', 10.21, 18.50, 2, 2.00, '81.19', '2012-10-30 12:35:16', 'N'),
(29, 9, 3, 'Encord Giannini Baixo 3c Medida 040 geebrl', '7049', 'UN', 43.01, 77.99, 1, 1.00, '81.33', '2012-09-29 14:30:52', 'S'),
(30, 9, 3, 'Encord SG Contrabaixo 040 - 5 cordas - niquel', '30301', 'UN', 48.55, 87.99, 2, 2.00, '81.24', '2012-10-05 13:35:10', 'S'),
(31, 1, 3, 'Encord Giannini Violino Geavva', '7067', 'UN', 17.09, 25.00, 2, 1.00, '46.28', '2012-10-06 17:17:41', 'S'),
(32, 1, 3, 'Encord Giannini Viola Geavoa', '7148', 'UN', 19.66, 30.00, 1, 0.00, '52.59', '2013-05-18 14:42:27', 'S'),
(33, 3, 3, 'Palheta Gonzalez RC Sax Alto 1 1/2', '15077', 'UN', 5.85, 9.00, 3, 16.00, '53.85', '2013-05-13 20:31:07', 'S'),
(34, 3, 3, 'Palheta Gonzalez RC Sax Alto 2', '15079', 'UN', 5.85, 9.00, 3, 16.00, '53.85', '2013-05-15 18:15:44', 'S'),
(35, 5, 3, 'Palheta Gonzalez RC Clarinete 1 1/2', '15033', 'UN', 3.39, 6.20, 2, 1.00, '82.89', '2013-03-02 15:23:25', 'S'),
(36, 5, 3, 'Palheta Ruler MS Clarinete Sib 1 1/2', '15500', 'UN', 6.03, 10.99, 2, 10.00, '82.26', '2012-09-29 14:50:20', 'S'),
(37, 3, 3, 'Palheta Ruler MS Sax Alto MIB 1 1/2', '15508', 'UN', 8.09, 14.70, 2, 9.00, '81.71', '2012-10-18 13:47:35', 'S'),
(38, 5, 3, 'Palheta Rico Royal Clarinete 1 1/2', '8168', 'UN', 6.91, 12.50, 2, 9.00, '80.90', '2012-11-26 13:34:36', 'S'),
(39, 3, 3, 'Palheta Rico Royal Sax Tenor 1 1/2', '8180', 'UN', 13.58, 20.00, 2, 7.00, '47.28', '2013-04-08 20:43:19', 'S'),
(40, 5, 3, 'Boquilha Bari Esprit Clarinete Sib + Brac Cobre', '23220', 'UN', 63.32, 90.00, 1, 1.00, '42.14', '2013-02-20 19:30:46', 'S'),
(41, 3, 3, 'Boquilha Bari Esprit Sax Tenor Sib + Brac Cobre', '23222', 'UN', 57.97, 105.00, 1, 1.00, '81.13', '2012-09-29 15:02:07', 'S'),
(42, 9, 3, 'Braçadeira Dember Violao Capotrasto', '2011', 'UN', 11.87, 21.50, 2, 0.00, '81.13', '2013-01-30 17:47:37', 'S'),
(43, 9, 3, 'Braçadeira Dember Violao de Mola em Nylon', '2010', 'UN', 12.44, 22.50, 2, 0.00, '80.87', '2012-11-16 11:53:33', 'S'),
(44, 1, 3, 'Breu Grace Redondo Violino', '14108', 'UN', 4.93, 8.99, 2, 1.00, '82.35', '2013-03-13 21:38:25', 'S'),
(45, 9, 3, 'Cabo Golden Tecido 3m Guitarra - Dupla Bilnd ', '13521', 'UN', 14.84, 26.80, 1, 0.00, '80.59', '2012-12-07 15:35:11', 'S'),
(46, 9, 3, 'Dedeira Rouxinol em Cores D98', '19024', 'UN', 1.03, 1.90, 5, 0.00, '84.47', '2013-05-14 20:46:14', 'S'),
(47, 1, 3, 'Cavalete Cremona Violino 4/4', '90996', 'UN', 3.53, 6.40, 2, 0.00, '81.30', '2013-03-08 20:06:52', 'S'),
(48, 1, 3, 'Cavalete Palatino Cello ', '12030', 'UN', 22.60, 40.90, 1, 0.00, '80.97', '2013-02-23 15:05:54', 'S'),
(49, 1, 3, 'Espaleira Palatino - Estilo Wolf Violino', '12496', 'UN', 17.89, 32.40, 2, 0.00, '81.11', '2013-01-15 20:29:16', 'S'),
(50, 1, 3, 'Surdina Talwar Violino Ebano', '22522', 'UN', 3.51, 5.50, 3, 5.00, '56.70', '2013-03-04 20:50:26', 'S'),
(51, 10, 3, 'Violao Alonso Nylon G-01 Natural ', '1300', 'UN', 131.83, 210.00, 1, 0.00, '59.30', '2013-05-29 16:59:32', 'S'),
(52, 1, 3, 'Aparelho Fixo Palatino Violino 4/4', '12000', 'UN', 2.26, 4.10, 4, 4.00, '81.42', '2012-09-29 15:31:39', 'S'),
(53, 1, 3, 'Aparelho Fixo Palatino Cello', '12013', 'UN', 7.79, 14.10, 4, 3.00, '81.00', '2013-06-08 14:16:28', 'S'),
(54, 9, 3, 'Afinador Cromatico/Metronomo Digital Alonso AMT007', '1396', 'UN', 44.54, 65.00, 3, 2.00, '45.94', '2013-05-09 14:29:08', 'S'),
(55, 10, 3, 'Flauta Yamaha YRF-21 Pifaro', '55023', 'UN', 32.73, 60.00, 1, 0.00, '83.32', '2012-10-06 12:03:21', 'S'),
(56, 9, 3, 'Palheta GVC Medium - Marrom', '109', 'UN', 0.58, 1.00, 3, 3.00, '72.41', '2013-05-20 18:48:06', 'S'),
(57, 10, 4, 'Violao Iron Aço', '20', 'UN', 295.00, 499.99, 2, 1.00, '69.49', '2013-01-10 16:29:24', 'S'),
(58, 10, 4, 'Violao Phenix - Serenna', '21', 'UN', 130.00, 200.00, 2, 0.00, '53.85', '2013-01-21 21:07:31', 'S'),
(59, 9, 4, 'Capa P/ Violao Almofadada', '22', 'UN', 27.00, 40.00, 1, 0.00, '48.15', '2013-04-01 19:40:55', 'S'),
(60, 9, 4, 'Capa P/ Violao Simples', '23', 'UN', 13.50, 20.00, 2, 0.00, '48.15', '2013-05-29 16:59:46', 'S'),
(61, 1, 5, 'ENCORD DE VIOLINO PADRAO', '100', 'UN', 18.31, 36.00, 2, 1.00, '96.59', '2013-07-11 14:03:55', 'S'),
(62, 1, 5, 'ENCORD DE VIOLINO ECONOMICO CALIXTO', '140', 'UN', 15.26, 30.00, 2, 3.00, '96.59', '2013-08-07 14:37:46', 'S'),
(63, 1, 5, 'ENCORD VIOLA PADRAO CALIXTO', '200', 'UN', 25.61, 40.00, 2, 1.00, '56.19', '2013-01-05 12:15:27', 'S'),
(64, 1, 5, 'CORDA LA VIOLA AÇO CALIXTO', '211', 'UN', 8.56, 16.50, 2, 0.00, '92.76', '2012-11-12 16:20:10', 'S'),
(65, 1, 5, 'ENCORD CELLO PADRAO CALIXTO', '300', 'UN', 47.00, 75.00, 2, 3.00, '59.57', '2013-05-24 20:04:05', 'S'),
(66, 1, 5, 'ENCORD CELLO ESPECIAL CALIXTO', '310', 'UN', 63.00, 95.00, 2, 2.00, '50.79', '2012-10-06 17:07:34', 'S'),
(67, 10, 3, 'Gaita Cromatica 48 Vozes Do ABS Dolphin (Izzo)', '6405', 'UN', 135.00, 210.00, 1, 0.00, '55.56', '2012-10-06 16:48:28', 'S'),
(68, 10, 3, 'Gaita Cromatica 64 Vozes Do ABS Dolphin (Izzo)', '6404', 'UN', 165.00, 250.00, 1, 0.00, '51.52', '2013-04-03 17:38:58', 'N'),
(69, 10, 3, 'Gaita Vintage Blues 40 Vozes Hering (Izzo)', '4280', 'UN', 234.90, 320.00, 1, 0.00, '36.23', '2012-10-06 16:09:11', 'S'),
(70, 10, 3, 'Gaita Super Chromonica 48 vozes Sol Madeira Hohner', '880', 'UN', 255.00, 408.00, 1, 0.00, '60', '2012-10-06 16:12:33', 'S'),
(71, 11, 6, 'Orgao Eletronico Scalla Digital Alfa tabaco', '50', 'UN', 292.60, 292.60, 1, 0.00, '0.00', '2013-02-27 13:00:25', 'S'),
(72, 11, 6, 'Orgao Eletronico Scalla Digital Omega Tabaco', '51', 'UN', 371.00, 371.00, 1, 0.00, '0.00', '2013-02-18 19:18:24', 'S'),
(73, 1, 3, 'Cavalete Teller**', '447', 'UN', 14.00, 21.00, 2, 0.00, '50.00', '2013-02-13 17:37:41', 'S'),
(74, 1, 3, 'Breu Soloist Petz', '428', 'UN', 23.00, 33.00, 2, 0.00, '43.48', '2012-10-27 15:20:22', 'S'),
(75, 1, 3, 'Encord. Pirastro Tonica P/Violino', '462', 'UN', 104.00, 140.00, 2, 2.00, '34.62', '2012-10-11 18:58:19', 'S'),
(76, 2, 3, 'Violino Eagle 441 4/4', 've441', 'UN', 260.00, 360.00, 1, 0.00, '38.46', '2012-12-18 20:26:00', 'S'),
(77, 9, 7, 'Caderno Espiral de Musica GD', '239', 'UN', 6.17, 11.00, 2, 0.00, '78.28', '2013-03-08 20:05:09', 'S'),
(78, 9, 7, 'Batuta de Fibra GD 12', '3183', 'UN', 26.46, 41.00, 1, 1.00, '54.95', '2012-10-11 19:58:23', 'S'),
(79, 9, 7, 'Batuta de Fibra GD 14', '3184', 'UN', 26.46, 41.00, 1, 1.00, '54.95', '2012-10-11 20:00:09', 'S'),
(80, 9, 7, 'Encord 009 SG Guitarra', '5145', 'UN', 9.89, 14.50, 3, 6.00, '46.61', '2013-06-27 20:08:08', 'S'),
(81, 9, 7, 'Encord 009 SG Violao', '6684', 'UN', 9.67, 13.50, 3, 2.00, '39.61', '2013-05-31 19:44:13', 'S'),
(82, 9, 7, 'Diapasao Garfo Dolphin', '6371', 'UN', 6.76, 10.32, 1, 1.00, '52.66', '2012-10-11 20:08:28', 'S'),
(83, 9, 7, 'Suporte Telescopia P/Partitura Dolphin', '6387', 'UN', 26.62, 40.00, 3, 3.00, '50.26', '2013-05-20 16:13:41', 'S'),
(84, 9, 7, 'Diapasao Sopro P/Violino', '6410', 'UN', 10.78, 16.50, 3, 7.00, '53.06', '2013-04-26 19:37:42', 'S'),
(85, 2, 7, 'Violino 4/4 Parrot C/Estojo', '6999', 'UN', 138.03, 210.00, 1, 1.00, '52.14', '2013-02-01 13:27:37', 'S'),
(86, 4, 7, 'Bocal 7c P/Trompete Dolphin', '7643', 'UN', 17.84, 28.00, 1, 0.00, '56.95', '2012-12-22 14:10:39', 'S'),
(87, 10, 7, 'Flauta Doce Barroca Do Dolphin', '7745', 'UN', 9.89, 15.00, 3, 0.00, '51.67', '2013-05-04 14:07:31', 'S'),
(88, 12, 1, 'Sax Alto Weril Usado', 'usa1', 'UN', 765.00, 900.00, 2, 1.00, '17.65', '2012-10-13 13:14:15', 'S'),
(89, 12, 1, 'Trombone Hoyden Usado', 'usa2', 'UN', 1275.00, 1500.00, 2, 1.00, '17.65', '2012-10-13 13:16:03', 'S'),
(90, 12, 1, 'Bombardao Weril Usado', 'usa3', 'UN', 3230.00, 3800.00, 1, 1.00, '17.65', '2012-10-13 13:17:25', 'S'),
(91, 10, 1, 'Violao Di Giorgio Iniciante', '103447', 'UN', 272.00, 320.00, 1, 1.00, '17.65', '2012-10-13 13:23:55', 'S'),
(92, 10, 1, 'Violao Di Giorgio Classico', '102283', 'UN', 435.20, 512.00, 1, 1.00, '17.65', '2012-10-13 13:25:32', 'S'),
(93, 1, 5, 'Corda Mi Avulsa M.Calixto', 'mi1', 'UN', 2.50, 3.50, 2, 0.00, '40.00', '2012-10-13 14:34:47', 'S'),
(94, 10, 1, 'Cavaquinho Giannini Electro', 'cavgianni', 'UN', 187.00, 300.00, 2, 0.00, '60.43', '2012-10-16 21:03:53', 'S'),
(95, 9, 1, 'Encord P/Viola Caipira 011', 'vicaip', 'UN', 14.00, 20.00, 1, 1.00, '42.86', '2012-10-16 15:16:26', 'S'),
(96, 9, 1, 'Encord P/Violao Giannini 009', 'gian09', 'UN', 14.00, 20.00, 2, 0.00, '42.86', '2013-03-15 21:12:33', 'S'),
(97, 9, 1, 'Encord P/Violao Giannini 09 acustico', 'gianac09', 'UN', 12.00, 17.50, 2, 1.00, '45.83', '2012-11-17 12:15:17', 'S'),
(98, 9, 1, 'Encord P/Violao Nylon Giannini', 'giannyl', 'UN', 14.00, 20.00, 2, 0.00, '42.86', '2013-05-27 12:50:50', 'S'),
(99, 3, 1, 'Palheta Plasticover Sax Alto 2', 'palplas', 'UN', 14.00, 19.00, 2, 0.00, '35.71', '2013-01-15 17:16:17', 'S'),
(100, 5, 1, 'Palheta Plasticover Clarinete 2 1/2', 'palplascl', 'UN', 11.00, 16.00, 2, 0.00, '45.45', '2013-04-03 14:36:16', 'S'),
(101, 12, 1, 'Violao Giannini Sonicx', 'vioson', 'UN', 180.00, 180.00, 1, 0.00, '0.00', '2012-10-20 14:12:23', 'S'),
(102, 8, 8, 'TUBA COMPACTA Bb 4 VALVULAS FRONTAL LAQUEADO', 'WNTU3L0', 'UN', 4428.00, 5850.00, 1, 0.00, '32.11', '2012-11-08 14:17:54', 'S'),
(103, 8, 8, 'TROMPETE Bb LAQUEADO C/ESTOJO', 'ET1172L1', 'UN', 821.00, 1200.00, 1, 0.00, '46.16', '2012-10-20 14:53:18', 'S'),
(104, 9, 4, 'Capa p/violao folk', 'folk', 'UN', 34.00, 50.00, 1, 0.00, '47.06', '2013-06-15 13:40:44', 'S'),
(105, 2, 3, 'Violino Eagle VK 644', 'vk644', 'UN', 582.98, 900.00, 2, 1.00, '54.38', '2013-01-14 12:46:41', 'S'),
(106, 2, 3, 'Violino Eagle VK 544', 'vk544', 'UN', 679.76, 1000.00, 2, 0.00, '47.11', '2012-11-09 19:11:15', 'S'),
(107, 2, 1, 'Violao 12 cordas Eagle', 'eagle12', 'UN', 510.00, 600.00, 1, 0.00, '17.65', '2012-11-10 12:39:03', 'S'),
(108, 9, 1, 'Suporte para Violino', 'rava', 'UN', 6.00, 10.00, 2, 5.00, '66.67', '2013-07-11 21:03:43', 'S'),
(109, 10, 1, 'Violao Eagle CH 889 Canhoto', 'ch889lh', 'UN', 639.00, 880.00, 1, 0.00, '37.72', '2012-11-20 14:08:40', 'S'),
(110, 1, 3, 'ESTOJO TERMICO ANTON BRETON PARA VIOLA', '70032', 'UN', 86.35, 120.00, 1, 2.00, '38.97', '2013-01-29 17:14:27', 'S'),
(111, 10, 7, 'TECLADO DIGITAL MODELO SA-76 CASIO', '9331', 'UN', 173.56, 280.00, 1, 1.00, '61.33', '2012-12-01 12:25:20', 'S'),
(112, 1, 3, 'Arco Palatino P/Viola de Arco', '12010', 'UN', 34.00, 50.00, 1, 0.00, '47.06', '2013-02-03 14:54:06', 'S'),
(113, 9, 3, 'Capa Lima P/Cavaco', '201', 'UN', 11.50, 16.00, 1, 0.00, '39.13', '2012-11-30 16:33:42', 'S'),
(114, 3, 3, 'Palheta Plasticover Sax Alto 3', '8195', 'UN', 15.70, 20.00, 2, 4.00, '27.39', '2013-01-21 12:08:27', 'S'),
(115, 9, 3, 'Encord DAddario Guitarra EXL120 - 009', '25027', 'UN', 20.75, 29.00, 2, 3.00, '39.76', '2012-11-24 12:15:11', 'S'),
(116, 9, 3, 'Encord DAddario Guitarra EXL110 - 010', '25028', 'UN', 14.73, 22.00, 3, 9.00, '49.36', '2013-04-04 13:48:07', 'S'),
(117, 9, 3, 'Encord NIG N63 Guitarra - 009', '19027', 'UN', 15.10, 20.00, 2, 1.00, '32.45', '2012-11-24 12:22:11', 'S'),
(118, 9, 3, 'Encord NIG N470 Violao Nylon', '19056', 'UN', 15.22, 20.00, 2, 0.00, '31.41', '2012-12-15 14:20:12', 'S'),
(119, 1, 3, 'ESTOJO TERMICO ANTON BRETON PARA VIOLINO', '70030', 'UN', 70.95, 100.00, 1, 0.00, '40.94', '2013-06-29 19:05:56', 'S'),
(120, 10, 3, 'Pandeiro Captain 10 ABS', '16847', 'UN', 32.00, 44.00, 1, 1.00, '37.50', '2012-11-24 12:45:01', 'S'),
(121, 9, 3, 'Encord DAddario Viola Brasileira', '25043', 'UN', 26.00, 30.00, 1, 2.00, '15.38', '2012-12-27 12:42:18', 'S'),
(122, 5, 3, 'Palheta Gonzalez Clarineta 2', '15035', 'UN', 4.48, 7.00, 3, 8.00, '56.25', '2013-07-09 14:21:45', 'S'),
(123, 9, 3, 'Palheta GVC Thin Fina', '108', 'UN', 0.66, 1.00, 3, 3.00, '51.52', '2013-04-22 16:05:30', 'S'),
(124, 9, 3, 'Palheta Grover Surfista', '24101', 'UN', 1.22, 2.00, 3, 5.00, '63.93', '2013-05-08 20:26:22', 'S'),
(125, 9, 3, 'Palheta Grover Cruz Celta', '24102', 'UN', 1.22, 2.00, 3, 5.00, '63.93', '2013-05-08 20:24:59', 'S'),
(126, 9, 3, 'Palheta Grover Garras', '24103', 'UN', 1.05, 1.50, 2, 3.00, '42.86', '2013-02-21 19:51:23', 'S'),
(127, 9, 3, 'Palheta Grover Jesus', '24105', 'UN', 1.22, 2.00, 2, 4.00, '63.93', '2013-06-28 14:05:15', 'S'),
(128, 9, 3, 'Palheta Grover Caveira', '24108', 'UN', 1.22, 2.00, 2, 5.00, '63.93', '2013-05-08 20:32:07', 'S'),
(129, 9, 3, 'Palheta Grover Waker The', '24118', 'UN', 1.05, 1.50, 2, 2.00, '42.86', '2013-04-06 14:38:06', 'S'),
(130, 9, 3, 'Corda Avulça DAddario Guitarra 009', '25003', 'UN', 2.53, 4.00, 2, 0.00, '58.10', '2013-03-27 15:08:29', 'S'),
(131, 9, 3, 'Corda Avulça DAddario Guitarra 010', '25004', 'UN', 2.53, 4.00, 2, 2.00, '58.10', '2013-04-16 21:09:09', 'S'),
(132, 9, 3, 'Corda Avulça DAddario Guitarra 011', '25005', 'UN', 2.53, 4.00, 2, 1.00, '58.10', '2013-04-16 21:09:28', 'S'),
(133, 9, 3, 'Encord DAddario Cavaco J93', '25048', 'UN', 14.40, 20.00, 2, 0.00, '38.89', '2013-04-26 20:32:51', 'S'),
(134, 9, 3, 'Encord DAddario Guitarra EXL115 - 011', '25029', 'UN', 20.80, 29.00, 2, 2.00, '39.42', '2013-04-20 15:00:59', 'S'),
(135, 9, 3, 'Encord NIG N440 Violao Aço Folk 12 cordas 010', '19037', 'UN', 19.50, 28.00, 2, 2.00, '43.59', '2012-11-24 13:48:51', 'S'),
(136, 10, 3, 'Gaita Hering Super 20 80/20 b', '18048', 'UN', 74.00, 102.00, 1, 1.00, '37.84', '2012-11-24 13:52:17', 'S'),
(137, 1, 3, 'Cravelha Talwar Viola', '22504', 'CX', 25.00, 35.00, 1, 1.00, '40.00', '2012-12-04 18:47:38', 'S'),
(138, 1, 3, 'Cravelha Palatino Violino 4/4', '22400', 'CX', 9.00, 15.00, 1, 0.00, '66.67', '2013-05-21 13:47:53', 'S'),
(139, 9, 3, 'Porta Palheta Alonso Couro', '1241', 'UN', 3.87, 6.00, 3, 2.00, '55.04', '2013-04-05 18:10:19', 'S'),
(140, 9, 3, 'Corda Canario Violao Nylon 1', '7010', 'UN', 1.00, 1.50, 2, 0.00, '50.00', '2013-02-21 19:46:31', 'S'),
(141, 9, 3, 'Corda Canario Violao Nylon 2', '7011', 'UN', 1.00, 1.50, 2, 1.00, '50.00', '2014-12-15 13:57:59', 'S'),
(142, 9, 3, 'Corda Canario Violao Nylon 3', '7012', 'UN', 1.30, 1.80, 2, 2.00, '38.46', '2012-11-24 14:14:48', 'S'),
(143, 9, 7, 'Baqueta Vic Firth 5B', '6091', 'CX', 13.40, 20.00, 3, 0.00, '49.25', '2013-03-15 21:29:27', 'S'),
(144, 1, 7, 'BREU P/VIOLINO/VIOLA OBLIGATO GOLD PIRASTRO', '5235', 'UN', 37.00, 50.00, 1, 1.00, '35.14', '2012-11-26 14:31:14', 'S'),
(145, 1, 7, 'BREU P/VIOLINO, VIOLA, VIOLONCELO PIRASTRO', '5232', 'UN', 30.90, 42.00, 1, 0.00, '35.92', '2012-12-17 16:14:09', 'S'),
(146, 3, 7, 'PALHETA TRADICIONAL 2 P/SAX ALTO VANDOREN', '2211', 'UN', 10.82, 15.00, 2, 0.00, '38.63', '2013-04-29 20:24:37', 'S'),
(147, 3, 7, 'PALHETA TRADICIONAL 3 P/SAX ALTO VANDOREN', '2213', 'UN', 10.82, 15.00, 2, 9.00, '38.63', '2012-12-27 19:56:36', 'S'),
(148, 10, 9, 'Guitarra Strato Condor RX20s', 'rx20s', 'UN', 263.00, 360.00, 1, 0.00, '36.88', '2013-01-04 19:07:44', 'S'),
(149, 9, 9, 'Prato Orion Revolution Pro Medium Crash 18', 'rp18', 'UN', 209.00, 290.00, 1, 1.00, '38.76', '2012-11-30 16:04:51', 'S'),
(150, 9, 9, 'Prato Orion Revolution Pro Medium Splash 12', 'rp12', 'UN', 79.00, 109.00, 1, 1.00, '37.97', '2012-11-30 16:07:45', 'S'),
(151, 9, 9, 'Prato Orion Revolution Pro Medium Splash 10', 'rp10', 'UN', 66.00, 91.00, 1, 1.00, '37.88', '2012-11-30 16:07:04', 'S'),
(152, 9, 9, 'Prato Orion Revolution Pro Medium Splash 08', 'rp8', 'UN', 55.00, 76.00, 1, 1.00, '38.18', '2012-11-30 16:06:17', 'S'),
(153, 9, 9, 'Baqueta Nirvana Ecobio 5b Madeira', 'ni5b', 'CX', 5.24, 10.00, 2, 2.00, '90.84', '2013-03-18 16:00:01', 'S'),
(154, 9, 9, 'Baqueta Nirvana Ecobio 5a  Madeira', 'ni5a', 'CX', 5.29, 10.00, 1, 1.00, '89.04', '2013-03-28 20:10:22', 'S'),
(155, 9, 9, 'Baqueta Nirvana Ecobio 7a Madeira', 'ni7a', 'CX', 5.29, 10.00, 1, 0.00, '89.04', '2013-06-15 13:39:32', 'S'),
(156, 3, 9, 'Palheta Plasticover Sax Tenor 2', 'plasst2', 'UN', 18.00, 24.00, 2, 0.00, '33.33', '2013-03-02 13:28:15', 'S'),
(157, 3, 9, 'Palheta Plasticover Sax Soprano 2', 'plasss2', 'UN', 12.00, 16.00, 2, 0.00, '33.33', '2013-01-26 15:35:49', 'S'),
(158, 5, 9, 'Palheta Plasticover Clarinete 2', 'plascl2', 'UN', 11.00, 15.00, 2, 2.00, '36.36', '2012-11-30 15:54:02', 'S'),
(159, 3, 9, 'Palheta Plasticover Sax Soprano 2 1/2', 'plastss215', 'UN', 12.00, 16.00, 2, 1.00, '33.33', '2013-05-04 16:02:33', 'S'),
(160, 3, 9, 'Palheta Plasticover Sax Alto 2 1/5', 'plassa215', 'UN', 14.00, 19.00, 2, 1.00, '35.71', '2013-01-21 12:07:19', 'S'),
(161, 9, 7, 'Suporte Tripe Violao', '2193', 'UN', 41.20, 60.00, 1, 2.00, '45.63', '2012-12-28 14:42:05', 'S'),
(162, 9, 7, 'BAQUETA NOVA 2B P/BATERIA MADEIRA VIC FIRTH', '6095', 'CX', 13.39, 20.00, 3, 5.00, '49.37', '2013-03-11 18:40:47', 'S'),
(163, 9, 7, 'BAQUETA NOVA 5A P/BATERIA MADEIRA VIC FIRTH', '6092', 'CX', 13.39, 20.00, 3, 3.00, '49.37', '2013-03-18 16:00:22', 'S'),
(164, 9, 7, 'Suporte para Violao', 'suv', 'UN', 29.00, 45.00, 1, 0.00, '55.17', '2012-12-05 20:39:17', 'S'),
(165, 10, 10, 'Teclado Musical PSR-e233', '41233', 'UN', 485.45, 700.00, 1, 0.00, '44.20', '2013-03-04 19:08:28', 'S'),
(166, 9, 4, 'Correia PH01 7 cm Simples', 'ph01', 'UN', 13.00, 18.00, 1, 1.00, '38.46', '2012-12-04 12:59:34', 'S'),
(167, 9, 4, 'Correia PH02 7 cm Almofadada', 'ph02', 'UN', 15.00, 21.00, 1, 0.00, '40.00', '2013-01-07 20:29:54', 'N'),
(168, 9, 4, 'Correia PH03 5 cm Simples', 'ph03', 'UN', 11.00, 16.00, 1, 0.00, '45.45', '2012-12-07 11:48:12', 'S'),
(169, 9, 4, 'Correia PH04 5 cm Almofadada', 'ph04', 'UN', 13.00, 18.00, 1, 1.00, '38.46', '2013-02-08 17:25:30', 'S'),
(170, 3, 2, 'Escova Secadora P/Sax Tenor', 'fsst', 'UN', 29.00, 42.00, 1, 1.00, '44.83', '2012-12-05 16:37:49', 'S'),
(171, 3, 2, 'Escova Secadora P/Sax Soprano', 'fsss', 'UN', 28.00, 40.00, 1, 1.00, '42.86', '2012-12-05 16:39:23', 'S'),
(172, 5, 2, 'Escova Secadora P/Flauta', 'fsfl', 'UN', 22.00, 32.00, 1, 0.00, '45.45', '2013-06-06 15:04:19', 'S'),
(173, 3, 2, 'Escova Secadora P/Tudel de Sax Alto', 'fstua', 'UN', 12.00, 17.00, 1, 1.00, '41.67', '2012-12-05 16:45:44', 'S'),
(174, 3, 2, 'Escova Secadora P/Tudel de Sax Tenor', 'fstut', 'UN', 12.00, 17.50, 1, 1.00, '45.83', '2012-12-05 16:52:36', 'S'),
(175, 3, 2, 'Escova Secadora P/Sax Soprano Curvo', 'fssc', 'UN', 22.00, 32.00, 1, 1.00, '45.45', '2012-12-05 17:00:15', 'S'),
(176, 5, 2, 'Escova Secadora P/Clarinete', 'fscla', 'UN', 22.00, 32.00, 1, 1.00, '45.45', '2012-12-05 17:01:33', 'S'),
(177, 3, 2, 'Escova Secadora P/Sax Alto', 'fssa', 'UN', 28.00, 41.00, 1, 1.00, '46.43', '2012-12-05 17:03:25', 'S'),
(178, 9, 2, 'Tarraxa Violao', '645', 'CX', 24.00, 35.00, 1, 1.00, '45.83', '2012-12-05 17:05:21', 'S'),
(179, 9, 2, 'Metodo Violao em um Toque', 'toque', 'UN', 8.00, 12.00, 1, 0.00, '50.00', '2013-03-20 15:00:25', 'S'),
(180, 9, 2, 'Metodo Violao Acordes Basicos', 'acordes', 'UN', 8.00, 12.00, 1, 0.00, '50.00', '2013-01-07 13:16:06', 'S'),
(181, 9, 2, 'Metodo Teclado Acordes Basicos', 'tecl', 'UN', 8.00, 12.00, 1, 1.00, '50.00', '2012-12-05 17:12:08', 'S'),
(182, 9, 2, 'Metodo Cavaquinho Em Um Toque', 'cav', 'UN', 8.00, 12.00, 1, 0.00, '50.00', '2012-12-11 11:33:31', 'S'),
(183, 10, 4, 'Violao Infantil PHX', 'phx', 'UN', 130.00, 200.00, 1, 0.00, '53.85', '2012-12-07 19:12:13', 'S'),
(184, 9, 4, 'Amplificador GRX200', 'grx200', 'UN', 185.00, 285.00, 1, 0.00, '54.05', '2013-02-04 12:18:23', 'S'),
(185, 9, 4, 'Afinador Digital AVS', 'avs', 'UN', 25.00, 36.00, 1, 0.00, '44.00', '2013-01-29 16:39:01', 'S'),
(186, 9, 4, 'Afinador Digital Metronomo', 'afme', 'UN', 32.00, 47.00, 1, 0.00, '46.88', '2012-12-14 14:51:42', 'S'),
(187, 2, 7, 'Violino Eagle VK 644 Usado', 'usadovk644', 'UN', 500.00, 600.00, 1, 0.00, '20.00', '2012-12-07 17:55:10', 'S'),
(188, 9, 4, 'Microfone JWL SM-22', 'sm22', 'UN', 15.00, 25.00, 2, 0.00, '66.67', '2013-02-05 19:23:35', 'S'),
(189, 9, 4, 'Cabo Robs 3 m borracha', 'rob3m', 'UN', 10.40, 16.00, 3, 0.00, '53.85', '2013-02-19 19:41:16', 'S'),
(190, 9, 4, 'Capa Violao Folk Simples', 'folks', 'UN', 14.00, 22.00, 1, 0.00, '57.14', '2013-01-19 13:30:11', 'S'),
(191, 9, 7, 'Baqueta American Classic 2b', '1264', 'CX', 25.48, 36.00, 2, 2.00, '41.29', '2012-12-21 15:35:18', 'S'),
(192, 3, 7, 'Palheta Trad. Vandore 2,5', '2212', 'UN', 10.60, 15.00, 3, 10.00, '41.51', '2012-12-21 15:38:04', 'S'),
(193, 3, 7, 'Palheta Trad. Vandore 2 Sax Soprano', '2219', 'UN', 9.45, 14.00, 3, 10.00, '48.15', '2013-04-29 20:02:33', 'S'),
(194, 3, 7, 'Palheta Trad. Vandore 2,5 Sax Tenor', '2225', 'UN', 8.11, 12.00, 3, 6.00, '47.97', '2013-04-16 12:29:52', 'S'),
(195, 9, 7, 'Baqueta Vic Firth 7a', '6093', 'CX', 13.89, 20.00, 3, 2.00, '43.99', '2013-05-31 18:35:23', 'S'),
(196, 5, 11, 'Palheta Plasticover Clarinete 3', '16325', 'UN', 10.44, 15.00, 3, 3.00, '43.68', '2013-04-22 18:10:12', 'S'),
(197, 9, 11, 'Encord Guit ELX 110 10 Free', '025053', 'UN', 17.11, 24.00, 3, 3.00, '40.27', '2012-12-27 12:25:55', 'S'),
(198, 9, 11, 'Encord. Guit. EXL120 Free', '025055', 'UN', 17.11, 24.00, 3, 2.00, '40.27', '2012-12-27 15:50:11', 'S'),
(199, 9, 11, 'Encor Viola Brasileira J82c Mi', '010877', 'UN', 20.87, 30.00, 2, 2.00, '43.75', '2012-12-27 12:39:41', 'S'),
(200, 9, 11, 'Corda Canario Violao Aço 1', '9098', 'UN', 0.99, 2.00, 3, 0.00, '102.02', '2013-02-28 19:19:36', 'S'),
(201, 9, 11, 'Corda Canario Violao Aço 3', '9100', 'UN', 1.75, 3.00, 3, 2.00, '71.43', '2013-02-19 21:02:24', 'S'),
(202, 9, 11, 'Corda Canario Violao Aço 4', '9101', 'UN', 1.98, 4.00, 3, 4.00, '102.02', '2013-04-22 19:18:25', 'S'),
(203, 9, 11, 'Captador Rast Violao EMB', '1123', 'UN', 37.06, 52.00, 2, 1.00, '40.31', '2012-12-27 12:57:14', 'S'),
(204, 9, 11, 'Capa P/Baqueta Alm', '10704', 'UN', 29.43, 41.00, 2, 1.00, '39.31', '2012-12-27 12:59:28', 'S'),
(205, 9, 4, 'Encord. Phoenix Violao Nylon', 'gsn', 'UN', 8.50, 13.50, 3, 0.00, '58.82', '2013-04-16 21:10:33', 'S'),
(206, 9, 4, 'Tarraxa Violao Nylon Phoenix', 'g311', 'UN', 12.00, 18.00, 2, 1.00, '50.00', '2013-01-08 19:25:47', 'S'),
(207, 9, 4, 'Tarraxa Violao Nylon Phoenix Fino', 'g323', 'UN', 12.00, 18.00, 2, 0.00, '50.00', '2013-03-12 18:32:36', 'S'),
(208, 9, 4, 'Afinador Digital Cromatico Phoenix', 'pt65', 'UN', 23.50, 36.00, 2, 1.00, '53.19', '2014-12-15 13:19:36', 'S'),
(209, 9, 4, 'Capa Violao Folk Formato', 'folkfor', 'UN', 29.00, 45.00, 1, 1.00, '55.17', '2013-02-06 13:42:44', 'S'),
(210, 9, 4, 'Capa Guitarra Formato', 'guitfor', 'UN', 28.00, 40.00, 1, 1.00, '42.86', '2013-01-08 19:33:13', 'S'),
(211, 2, 12, 'Cello Eagle CE300', 'ce300', 'UN', 1776.10, 2600.00, 1, 0.00, '46.39', '2013-01-12 12:30:12', 'S'),
(212, 10, 12, 'Violao Hofma YE230', 'ye230', 'UN', 360.45, 550.00, 1, 1.00, '52.59', '2013-01-11 14:10:59', 'S'),
(213, 10, 12, 'Violao Hofma YE231', 'ye231', 'UN', 360.45, 550.00, 1, 0.00, '52.59', '2013-02-02 14:05:47', 'S'),
(214, 9, 4, 'Cabo Robs 12 m', 'rob12', 'UN', 32.00, 45.00, 1, 0.00, '40.63', '2013-01-11 19:13:03', 'S'),
(215, 12, 1, 'Cello Nhureson Estudante Usado', 'cellonur', 'UN', 318.39, 800.00, 1, 0.00, '151.26', '2013-02-06 13:31:57', 'S'),
(216, 12, 12, 'Trompete Eagle TR509', 'tr509', 'UN', 340.00, 500.00, 1, 0.00, '47.06', '2013-01-28 15:58:56', 'S'),
(217, 12, 1, 'Sax Reto Weril', 'saxreto', 'UN', 500.00, 600.00, 1, 0.00, '20.00', '2013-01-22 20:13:39', 'S'),
(218, 13, 1, 'Trompete Reforma', 'trompeteref', 'UN', 130.00, 180.00, 1, 0.00, '38.46', '2013-01-29 14:05:51', 'S'),
(219, 13, 1, 'Clarinete Reforma', 'clarineteref', 'UN', 70.00, 90.00, 1, 0.00, '28.57', '2013-02-07 17:23:48', 'S'),
(220, 9, 13, 'Capa Trompete Extra Luxo', 'ce018', 'UN', 28.00, 40.00, 2, 0.00, '42.86', '2013-02-16 14:42:17', 'S'),
(221, 9, 13, 'Estojo Viola Extra Luxo', 'ex052', 'UN', 245.70, 380.00, 1, 0.00, '54.66', '2013-01-29 16:38:50', 'S'),
(222, 9, 7, 'Encord Viol&#227;o Nylon NIG N-415', 'n415', 'UN', 11.80, 17.00, 3, 0.00, '44.07', '2013-03-02 13:26:32', 'S'),
(223, 9, 7, 'Encord Viol&#227;o Nylon Rouxinol R-58', 'r58', 'UN', 8.20, 13.00, 3, 0.00, '58.54', '2013-02-09 15:14:52', 'S'),
(224, 10, 12, 'Viol&#227;o Jumbo Hofma', 'ye223', 'UN', 408.48, 600.00, 1, 0.00, '46.89', '2013-02-08 17:25:09', 'S'),
(225, 9, 4, 'Cabo Robs 5m borracha', 'rob 5m', 'UN', 13.44, 22.00, 2, 0.00, '63.69', '2013-03-13 21:46:53', 'S'),
(226, 9, 4, 'cabo HAYON 7MT', 'CABO HAYON 7MT', 'UN', 22.00, 35.00, 1, 2.00, '59.09', '2013-02-05 19:35:58', 'S'),
(227, 9, 4, 'braçadeira p/viol&#227;o PHOENIX', 'CPL-02', 'UN', 16.50, 25.00, 2, 2.00, '51.52', '2013-07-11 21:01:32', 'S'),
(228, 9, 4, 'Capa P/Violao Formato Classico', 'capaformacla', 'UN', 28.00, 41.00, 1, 1.00, '46.43', '2013-02-06 13:55:38', 'S'),
(229, 2, 7, 'Cello Parrot 4/4', '1553', 'UN', 763.58, 1199.97, 1, 0.00, '57.15', '2013-02-08 12:23:20', 'S'),
(230, 3, 7, 'Palheta Vandoren Sax Alto 1,5', '2210', 'UN', 11.89, 16.50, 3, 8.00, '38.77', '2013-04-30 14:41:10', 'S'),
(231, 10, 7, 'Suporte P/Teclado', '8070', 'UN', 112.07, 160.00, 1, 1.00, '42.77', '2013-02-06 20:16:54', 'S'),
(232, 11, 6, 'Org&#227;o Scalla Omega Preto', 'omegareto', 'UN', 414.00, 414.00, 1, 0.00, '0.00', '2013-02-14 12:35:43', 'S'),
(233, 9, 13, 'Capa Bombard&#227;o 3 pisto 3/4', 'fama3/4', 'UN', 56.00, 85.00, 2, 1.00, '51.79', '2013-02-14 18:03:22', 'S'),
(234, 9, 13, 'Capa Baritono Vertical', 'famabarivert', 'UN', 44.00, 65.00, 2, 0.00, '47.73', '2013-02-14 20:26:25', 'S'),
(235, 3, 1, 'Palheta Sun Sax Alto 2', 'sunsaxalto2', 'UN', 9.90, 15.00, 3, 2.00, '51.52', '2013-03-04 18:08:46', 'S'),
(236, 12, 12, 'Sax Reto Eagle Usado', 'eaglesaxretousa', 'UN', 200.00, 200.00, 1, 0.00, '0.00', '2013-02-16 18:51:08', 'S'),
(237, 3, 3, 'Palheta Gonzales Jazz Sax Alto 2 1/2', '15128', 'UN', 5.85, 9.00, 3, 9.00, '53.85', '2013-03-02 14:31:33', 'S'),
(238, 3, 3, 'Palheta Gonzales RC Sax B. 2 1/4', '15103', 'UN', 14.43, 20.00, 3, 5.00, '38.60', '2013-02-20 19:29:02', 'S'),
(239, 9, 3, 'Suporte P/Partitura Palatino', '12300', 'UN', 37.27, 55.00, 1, 0.00, '47.57', '2013-03-04 14:04:25', 'S'),
(240, 9, 2, 'ÓLEO LUBRIF P/ VALVULAS E PISTOS 30 ML ', 'oleo', 'UN', 8.29, 12.00, 3, 1.00, '44.75', '2013-05-31 19:42:10', 'S'),
(241, 9, 2, 'GREASE OIL', 'grease', 'UN', 6.74, 10.00, 3, 2.00, '48.37', '2013-03-19 14:42:28', 'S'),
(242, 4, 2, 'KIT MOLAS C/BATENTES TROMPETES INTERNAS', 'kit15', 'UN', 8.29, 12.00, 3, 2.00, '44.75', '2013-02-21 18:01:22', 'S'),
(243, 4, 2, 'KIT MOLAS C/BATENTES TROMPETES EXTERNAS', 'kit16', 'UN', 8.29, 12.00, 3, 2.00, '44.75', '2013-02-21 18:03:39', 'S'),
(244, 4, 2, 'KIT MOLAS TROMBONE INTERNA', 'kit17', 'UN', 8.29, 12.00, 3, 2.00, '44.75', '2013-02-21 18:05:39', 'S'),
(245, 4, 2, 'KIT MOLAS TROMBONES EXTERNAS', 'kit18', 'UN', 8.29, 12.00, 3, 2.00, '44.75', '2013-02-21 18:06:46', 'S'),
(246, 4, 2, 'KIT MOLAS BOMBARDINOS', 'kit19', 'UN', 8.29, 12.00, 3, 1.00, '44.75', '2013-03-18 14:24:21', 'S'),
(247, 4, 2, 'KIT MOLAS TUBA', 'kit20', 'UN', 8.29, 12.00, 3, 1.00, '44.75', '2013-02-21 18:10:04', 'S'),
(248, 3, 2, 'ABRAC S/RESS SAX ALTO MASSA', 'bama', 'UN', 32.65, 46.50, 3, 1.00, '42.42', '2014-12-17 13:01:00', 'S'),
(249, 3, 2, 'ABRAC S/RESS SAX ALTO METAL', 'bame', 'UN', 32.65, 46.50, 3, 2.00, '42.42', '2014-12-15 13:58:15', 'S'),
(250, 3, 2, 'ABRAC S/RESS SAX SOPRANO MASSA', 'bsma', 'UN', 32.65, 46.50, 3, 0.00, '42.42', '2013-03-22 17:09:12', 'S'),
(251, 3, 2, 'ABRAC S/RESS SAX SOPRANO METAL', 'bsme', 'UN', 32.65, 46.50, 3, 1.00, '42.42', '2013-03-09 13:52:46', 'S'),
(252, 3, 2, 'Palheta Acrilica Sun 1,5 Sax Tenor', 'sunsaxtenor1,5', 'UN', 9.90, 15.00, 3, 0.00, '51.52', '2013-04-16 12:29:36', 'S'),
(253, 3, 2, 'Palheta Acrilica Sun 1,5 Sax Alto', 'sunsaxalto1,5', 'UN', 9.90, 15.00, 3, 3.00, '51.52', '2013-03-04 18:05:15', 'S'),
(254, 3, 2, 'Palheta Acrilica Sun 1,5 Sax Soprano', 'sunsaxsopr1,5', 'UN', 9.90, 15.00, 3, 0.00, '51.52', '2013-03-07 15:55:15', 'S'),
(255, 5, 2, 'Palheta Acrilica Sun 1,5 Clarinete', 'sunclarinete1,5', 'UN', 9.90, 15.00, 3, 1.00, '51.52', '2013-05-13 19:38:23', 'S'),
(256, 4, 2, 'Palheta Acrilica Sun 2 Clarinete', 'sunclarinete2', 'UN', 9.90, 15.00, 3, 1.00, '51.52', '2013-03-04 18:15:21', 'S'),
(257, 9, 4, 'Encord. Phoenix Violao Aço', 'phxaço', 'UN', 8.50, 13.00, 2, 0.00, '52.94', '2013-04-05 18:10:35', 'S'),
(258, 9, 4, 'Cabo AT Borracha 3M', 'at3m', 'UN', 10.50, 18.00, 3, 0.00, '71.43', '2013-06-27 20:07:22', 'S'),
(259, 9, 4, 'Suporte P/Partitura Phoenix', 'phxsup', 'UN', 30.00, 46.00, 2, 1.00, '53.33', '2013-03-05 17:02:03', 'S'),
(262, 12, 12, 'guitarra Tigger', 'guita usad', 'UN', 0.10, 30.00, 1, 0.00, '29900.00', '2013-03-06 20:44:18', 'S'),
(263, 4, 7, 'GAITA', '250', 'UN', 0.10, 30.00, 1, 0.00, '29900.00', '2013-04-03 17:50:33', 'S'),
(264, 12, 8, 'Clarineta Weril Usada', 'clarinetausada', 'UN', 330.00, 600.00, 1, 0.00, '81.82', '2013-04-04 21:09:53', 'S'),
(265, 1, 11, 'corda avulsa mi violino', '225', 'UN', 0.00, 3.50, 1, 0.00, '349900.00', '2013-04-08 18:09:04', 'S'),
(266, 1, 11, 'corda avulsa dó viola', '226', 'UN', 0.00, 8.00, 1, 0.00, '799900.00', '2013-04-08 18:09:11', 'S'),
(267, 9, 7, 'Corda Mi Aço Viol&#227;o', '119', 'UN', 0.98, 2.00, 3, 10.00, '104.08', '2013-07-04 20:06:17', 'S'),
(268, 9, 7, 'Corda 2 Si Aço Viol&#227;o', '120', 'UN', 1.09, 2.00, 3, 10.00, '83.49', '2013-07-04 20:05:21', 'S'),
(269, 9, 7, 'Corda 1 Re Aço Cavaco', '127', 'UN', 0.86, 2.00, 3, 12.00, '132.56', '2013-04-29 19:56:15', 'S'),
(270, 9, 7, 'Corda 2 Si Aço Cavaco', '128', 'UN', 0.86, 2.00, 3, 12.00, '132.56', '2013-04-29 19:57:06', 'S'),
(271, 9, 7, 'Enc Niquel Cavavo S&#227;o Gonçalo', '131', 'UN', 6.09, 10.00, 3, 11.00, '64.20', '2013-05-18 14:24:34', 'S'),
(272, 3, 7, 'Palheta 1,5 Sax Soprano Vandoren', '2218', 'UN', 9.45, 14.00, 3, 19.00, '48.15', '2013-06-03 14:31:16', 'S'),
(273, 9, 7, 'Rastilho Osso Viol&#227;o', '325', 'UN', 5.38, 8.00, 3, 23.00, '48.70', '2013-06-08 14:15:04', 'S'),
(274, 9, 7, 'Corda 3 Mi Cobre Viola', '372', 'UN', 2.28, 3.50, 3, 12.00, '53.51', '2013-04-29 20:05:20', 'S'),
(275, 1, 7, 'Breu Piranito Pirastro', '5237', 'UN', 23.90, 35.00, 3, 2.00, '46.44', '2013-04-29 20:06:29', 'S'),
(276, 1, 7, 'Breu Schwarz Black Pirastro', '5238', 'UN', 26.07, 40.00, 3, 2.00, '53.43', '2013-04-29 20:08:04', 'S'),
(277, 9, 7, 'Corda 1 Mi Nylon Viol&#227;o Sao Gonçalo', '54', 'UN', 1.09, 2.00, 3, 11.00, '83.49', '2013-05-20 18:56:01', 'S'),
(278, 1, 7, 'Cavalete Violino 4/4 Parrot', '6132', 'UN', 4.35, 7.00, 3, 0.00, '60.92', '2013-05-18 14:43:21', 'S'),
(279, 10, 7, 'Escaleta 32 teclas ', '6409', 'UN', 57.58, 85.00, 1, 0.00, '47.62', '2013-05-20 18:47:03', 'S'),
(280, 9, 7, 'Enc Nylon Viol&#227;o S&#227;o Gonçalo', '6742', 'UN', 9.12, 13.00, 3, 17.00, '42.54', '2013-06-29 17:20:11', 'S'),
(281, 9, 7, 'Corda 1 Mi Guitarra SG', '7461', 'UN', 1.74, 3.00, 3, 12.00, '72.41', '2013-04-29 20:17:23', 'S'),
(282, 9, 7, 'Afinador Cromatico DP505', '8172', 'UN', 21.73, 35.00, 3, 1.00, '61.07', '2013-05-13 20:27:54', 'S'),
(283, 9, 7, 'Afinador Cromatico DP130', '8196', 'UN', 28.24, 40.00, 3, 1.00, '41.64', '2013-05-06 15:21:15', 'S'),
(284, 1, 7, 'Corda Mi Violino Dominante', '85', 'UN', 1.95, 3.00, 3, 21.00, '53.85', '2013-08-03 15:47:45', 'S'),
(285, 1, 7, 'Corda La Violino Dominante', '86', 'UN', 3.48, 5.00, 3, 21.00, '43.68', '2013-08-03 15:47:19', 'S'),
(286, 1, 7, 'Enc Violino Dominante', '89', 'UN', 11.73, 17.00, 3, 2.00, '44.93', '2013-05-18 14:41:08', 'S'),
(287, 10, 3, 'Violao Alonso Preto', '1344', 'UN', 171.45, 250.01, 1, 0.00, '45.82', '2013-05-10 18:43:19', 'S'),
(288, 9, 3, 'Enc Alonso Guitarra 010', '1218', 'UN', 10.21, 15.50, 3, 2.00, '51.81', '2013-05-08 20:19:27', 'S'),
(289, 9, 3, 'Palheta Grover Skatista', '24106', 'UN', 1.22, 2.00, 3, 5.00, '63.93', '2013-05-08 20:30:20', 'S'),
(290, 9, 3, 'Palheta Grover Feiticeiro', '24107', 'UN', 1.22, 2.00, 3, 5.00, '63.93', '2013-05-08 20:31:26', 'S'),
(291, 9, 3, 'Palheta Grover Tubar&#227;o', '24111', 'UN', 1.22, 2.00, 3, 5.00, '63.93', '2014-12-15 13:19:11', 'S'),
(292, 9, 3, 'Palheta Grover Sol', '24112', 'UN', 1.22, 2.00, 3, 5.00, '63.93', '2013-05-08 20:34:37', 'S'),
(293, 9, 3, 'Palheta Grover Metal Maniac', '24113', 'UN', 1.22, 2.00, 3, 4.00, '63.93', '2014-12-15 13:19:12', 'S'),
(294, 9, 3, 'Palheta Grover Homem', '24117', 'UN', 1.22, 2.00, 3, 5.00, '63.93', '2013-05-08 20:37:49', 'S'),
(295, 9, 3, 'Palheta Grover Alien', '24119', 'UN', 1.22, 2.00, 3, 5.00, '63.93', '2013-05-08 20:38:56', 'S'),
(296, 9, 3, 'Palheta Grover Bola Oito', '24120', 'UN', 1.22, 2.00, 3, 5.00, '63.93', '2013-05-08 20:40:00', 'S'),
(297, 9, 3, 'Palheta Grover Aranha', '24121', 'UN', 1.22, 2.00, 3, 4.00, '63.93', '2013-07-04 20:06:48', 'S'),
(298, 9, 3, 'Palheta Grover Maconha', '24123', 'UN', 1.22, 2.00, 3, 3.00, '63.93', '2013-06-15 13:41:33', 'S'),
(299, 9, 3, 'Palheta Grover Yin Yang', '24124', 'UN', 1.22, 2.00, 3, 5.00, '63.93', '2013-05-08 20:43:59', 'S'),
(300, 9, 3, 'Palheta Grover Cranios', '24126', 'UN', 1.22, 2.00, 3, 1.00, '63.93', '2013-06-15 13:38:25', 'S'),
(301, 9, 3, 'Palheta Grover Lua', '24127', 'UN', 1.22, 2.00, 3, 4.00, '63.93', '2013-07-11 20:58:12', 'S'),
(302, 9, 3, 'Palheta Grover Diabo', '24128', 'UN', 1.22, 2.00, 3, 4.00, '63.93', '2013-06-15 13:37:27', 'S'),
(303, 9, 3, 'Tarraxa Deval 101 cavaco', '21101', 'UN', 16.24, 25.00, 1, 1.00, '53.94', '2013-05-08 20:50:06', 'S'),
(304, 9, 3, 'Tarraxa Deval 102 Cavaco', '21102', 'UN', 16.00, 25.00, 1, 0.00, '56.25', '2013-05-09 14:45:50', 'S'),
(305, 9, 3, 'Palheta Grover Ceifeiro ', '24115', 'UN', 1.22, 2.00, 3, 5.00, '63.93', '2013-05-08 20:52:09', 'S');

-- --------------------------------------------------------

--
-- Estrutura para tabela `receber`
--

CREATE TABLE IF NOT EXISTS `receber` (
`receberID` int(11) NOT NULL,
  `vendaID` int(11) NOT NULL,
  `formID` int(11) NOT NULL,
  `clienteID` int(11) NOT NULL,
  `valor` float(10,2) NOT NULL,
  `vencimento` date NOT NULL,
  `parcela` int(11) NOT NULL,
  `de` int(11) NOT NULL,
  `status` varchar(1) NOT NULL COMMENT 'Ou ''D'' de Devendo Ou ''P'' de Pago'
) ENGINE=InnoDB  DEFAULT CHARSET=latin1 AUTO_INCREMENT=588 ;

--
-- Fazendo dump de dados para tabela `receber`
--

INSERT INTO `receber` (`receberID`, `vendaID`, `formID`, `clienteID`, `valor`, `vencimento`, `parcela`, `de`, `status`) VALUES
(1, 1, 6, 2, 50.00, '2012-10-15', 1, 5, 'P'),
(2, 1, 6, 2, 50.00, '2012-11-15', 2, 5, 'P'),
(3, 1, 6, 2, 50.00, '2012-12-15', 3, 5, 'P'),
(4, 1, 6, 2, 50.00, '2013-01-15', 4, 5, 'P'),
(5, 1, 6, 2, 51.81, '2013-02-15', 5, 5, 'P'),
(6, 2, 1, 3, 1.00, '2012-10-02', 1, 1, 'P'),
(7, 5, 1, 0, 230.00, '2012-10-03', 1, 1, 'P'),
(8, 7, 1, 1, 17.99, '2012-10-05', 1, 1, 'P'),
(9, 8, 7, 5, 30.00, '2012-10-15', 1, 2, 'P'),
(10, 8, 7, 5, 30.00, '2012-10-30', 2, 2, 'P'),
(11, 9, 1, 1, 5.00, '2012-10-06', 1, 1, 'P'),
(12, 10, 1, 0, 14.00, '2012-10-06', 1, 1, 'P'),
(13, 11, 1, 0, 12.00, '2012-10-08', 1, 1, 'P'),
(14, 12, 1, 0, 8.00, '2012-10-09', 1, 1, 'P'),
(15, 13, 7, 0, 8.00, '2012-10-10', 1, 1, 'P'),
(17, 14, 1, 0, 20.00, '2012-10-11', 1, 1, 'P'),
(18, 15, 1, 0, 21.00, '2012-10-11', 1, 1, 'P'),
(19, 16, 1, 1, 3.50, '2012-10-13', 1, 1, 'P'),
(20, 18, 1, 0, 14.00, '2012-10-13', 1, 1, 'P'),
(21, 19, 1, 1, 3.50, '2012-10-13', 1, 1, 'P'),
(22, 17, 3, 0, 14.00, '2012-10-15', 1, 1, 'P'),
(24, 20, 1, 0, 13.50, '2012-10-16', 1, 1, 'P'),
(25, 22, 6, 8, 120.00, '2012-10-16', 1, 1, 'P'),
(26, 22, 6, 8, 120.00, '2012-10-20', 1, 2, 'P'),
(27, 22, 6, 8, 120.00, '2012-11-20', 2, 2, 'P'),
(28, 23, 6, 9, 150.00, '2012-10-16', 1, 1, 'P'),
(29, 23, 6, 9, 75.00, '2012-11-01', 1, 3, 'P'),
(30, 23, 6, 9, 75.00, '2012-11-17', 2, 3, 'P'),
(32, 24, 1, 0, 22.00, '2012-10-18', 1, 1, 'P'),
(33, 25, 1, 0, 8.00, '2012-10-18', 1, 1, 'P'),
(34, 26, 6, 0, 90.00, '2012-10-20', 1, 1, 'P'),
(35, 26, 6, 0, 90.00, '2012-11-21', 1, 2, 'P'),
(37, 27, 5, 0, 1200.00, '2012-10-20', 1, 1, 'P'),
(39, 29, 1, 0, 21.50, '2012-10-21', 1, 1, 'P'),
(40, 29, 1, 0, 21.50, '2012-10-21', 1, 1, 'P'),
(41, 30, 1, 0, 26.00, '2012-10-22', 1, 1, 'P'),
(42, 28, 1, 0, 40.00, '2012-10-24', 1, 1, 'P'),
(43, 32, 1, 0, 20.00, '2012-10-25', 1, 1, 'P'),
(44, 33, 1, 0, 15.00, '2012-10-26', 1, 1, 'P'),
(45, 34, 1, 0, 1.00, '2012-10-27', 1, 1, 'P'),
(46, 35, 1, 0, 33.00, '2012-10-27', 1, 1, 'P'),
(47, 36, 1, 0, 2.00, '2012-10-29', 1, 1, 'P'),
(48, 37, 3, 0, 25.35, '2012-10-29', 1, 1, 'P'),
(50, 38, 3, 0, 14.17, '2012-11-01', 1, 1, 'P'),
(51, 39, 1, 0, 2.00, '2012-10-29', 1, 1, 'P'),
(52, 40, 1, 0, 2.00, '2012-10-30', 1, 1, 'P'),
(53, 41, 1, 0, 9.00, '2012-10-31', 1, 1, 'P'),
(54, 42, 1, 0, 8.00, '2012-11-03', 1, 1, 'P'),
(55, 43, 1, 0, 14.00, '2012-11-03', 1, 1, 'P'),
(56, 44, 1, 0, 36.00, '2012-11-05', 1, 1, 'P'),
(57, 45, 1, 0, 21.00, '2012-11-07', 1, 1, 'P'),
(77, 47, 1, 0, 18.00, '2012-11-08', 1, 1, 'P'),
(78, 48, 1, 0, 1.00, '2012-11-08', 1, 1, 'P'),
(79, 49, 6, 10, 309.00, '2012-11-07', 1, 1, 'P'),
(80, 49, 6, 10, 309.00, '2012-12-21', 1, 23, 'P'),
(81, 49, 6, 10, 309.00, '2013-01-21', 2, 23, 'P'),
(83, 49, 6, 10, 309.00, '2013-03-21', 4, 23, 'P'),
(84, 49, 6, 10, 272.92, '2013-04-21', 5, 23, 'P'),
(85, 49, 6, 10, 309.00, '2013-05-21', 6, 23, 'D'),
(86, 49, 6, 10, 309.00, '2013-06-21', 7, 23, 'P'),
(87, 49, 6, 10, 309.00, '2013-07-21', 8, 23, 'D'),
(88, 49, 6, 10, 309.00, '2013-08-21', 9, 23, 'D'),
(89, 49, 6, 10, 309.00, '2013-09-21', 10, 23, 'D'),
(90, 49, 6, 10, 309.00, '2013-10-21', 11, 23, 'D'),
(91, 49, 6, 10, 309.00, '2013-11-21', 12, 23, 'D'),
(92, 49, 6, 10, 309.00, '2013-12-21', 13, 23, 'D'),
(93, 49, 6, 10, 309.00, '2014-01-21', 14, 23, 'D'),
(94, 49, 6, 10, 309.00, '2014-02-21', 15, 23, 'D'),
(95, 49, 6, 10, 309.00, '2014-03-21', 16, 23, 'D'),
(96, 49, 6, 10, 309.00, '2014-04-21', 17, 23, 'D'),
(97, 49, 6, 10, 309.00, '2014-05-21', 18, 23, 'D'),
(98, 49, 6, 10, 309.00, '2014-06-21', 19, 23, 'D'),
(99, 49, 6, 10, 309.00, '2014-07-21', 20, 23, 'D'),
(100, 49, 6, 10, 309.00, '2014-08-21', 21, 23, 'D'),
(101, 49, 6, 10, 309.00, '2014-09-21', 22, 23, 'D'),
(102, 49, 6, 10, 309.00, '2014-10-21', 23, 23, 'D'),
(103, 50, 1, 0, 14.00, '2012-11-08', 1, 1, 'P'),
(104, 51, 1, 0, 14.00, '2012-11-08', 1, 1, 'P'),
(105, 52, 1, 0, 2.00, '2012-11-09', 1, 1, 'P'),
(106, 53, 2, 0, 300.00, '2012-11-09', 1, 1, 'P'),
(107, 53, 2, 0, 171.90, '2012-12-09', 1, 4, 'P'),
(108, 53, 2, 0, 171.09, '2013-01-09', 2, 4, 'P'),
(109, 53, 2, 0, 171.09, '2013-02-09', 3, 4, 'P'),
(110, 53, 2, 0, 180.00, '2013-03-09', 4, 4, 'P'),
(111, 54, 6, 12, 70.00, '2012-12-16', 1, 10, 'P'),
(112, 54, 6, 12, 70.00, '2013-01-16', 2, 10, 'P'),
(113, 54, 6, 12, 70.00, '2013-02-16', 3, 10, 'P'),
(114, 54, 6, 12, 70.00, '2013-03-16', 4, 10, 'P'),
(115, 54, 6, 12, 70.00, '2013-04-16', 5, 10, 'P'),
(116, 54, 6, 12, 70.00, '2013-05-16', 6, 10, 'D'),
(117, 54, 6, 12, 70.00, '2013-06-16', 7, 10, 'P'),
(118, 54, 6, 12, 70.00, '2013-07-16', 8, 10, 'D'),
(119, 54, 6, 12, 70.00, '2013-08-16', 9, 10, 'D'),
(120, 54, 6, 12, 70.00, '2013-09-16', 10, 10, 'D'),
(121, 55, 1, 0, 16.00, '2012-11-10', 1, 1, 'P'),
(122, 56, 1, 1, 16.00, '2012-11-12', 1, 1, 'P'),
(123, 57, 1, 0, 14.00, '2012-11-13', 1, 1, 'P'),
(124, 58, 1, 0, 36.00, '2012-11-16', 1, 1, 'P'),
(125, 59, 1, 0, 55.00, '2012-11-16', 1, 1, 'P'),
(126, 60, 1, 0, 14.00, '2012-11-16', 1, 1, 'P'),
(127, 61, 1, 0, 14.00, '2012-11-16', 1, 1, 'P'),
(128, 31, 1, 0, 45.00, '2012-11-16', 1, 1, 'P'),
(129, 62, 1, 0, 17.00, '2012-11-17', 1, 1, 'P'),
(130, 63, 1, 0, 16.00, '2012-11-19', 1, 1, 'P'),
(131, 64, 1, 0, 32.00, '2012-11-19', 1, 1, 'P'),
(132, 65, 1, 0, 17.00, '2012-11-19', 1, 1, 'P'),
(133, 66, 1, 13, 750.00, '2012-11-20', 1, 1, 'P'),
(134, 67, 1, 0, 41.00, '2012-11-20', 1, 1, 'P'),
(135, 68, 2, 14, 200.00, '2012-11-20', 1, 1, 'P'),
(136, 68, 2, 14, 215.46, '2012-12-20', 1, 3, 'P'),
(137, 68, 2, 14, 215.44, '2013-01-20', 2, 3, 'P'),
(138, 68, 2, 14, 215.44, '2013-02-20', 3, 3, 'P'),
(139, 69, 1, 0, 120.00, '2012-11-20', 1, 1, 'P'),
(140, 70, 6, 15, 70.00, '2012-12-20', 1, 4, 'P'),
(141, 70, 6, 15, 72.84, '2013-01-20', 2, 4, 'P'),
(142, 70, 6, 15, 72.41, '2013-02-20', 3, 4, 'P'),
(143, 70, 6, 15, 70.00, '2013-03-20', 4, 4, 'D'),
(144, 71, 3, 0, 11.73, '2012-11-22', 1, 1, 'P'),
(145, 72, 1, 0, 50.00, '2012-11-22', 1, 1, 'P'),
(146, 74, 2, 0, 16.41, '2012-12-23', 1, 1, 'P'),
(147, 75, 1, 0, 4.00, '2012-11-24', 1, 1, 'P'),
(148, 76, 1, 0, 2.00, '2012-11-24', 1, 1, 'P'),
(149, 77, 1, 0, 100.00, '2012-11-24', 1, 1, 'P'),
(150, 78, 1, 0, 20.00, '2012-11-26', 1, 1, 'P'),
(151, 79, 1, 0, 12.00, '2012-11-26', 1, 1, 'P'),
(152, 80, 1, 0, 35.00, '2012-11-26', 1, 1, 'P'),
(153, 81, 1, 0, 12.00, '2012-11-27', 1, 1, 'P'),
(154, 82, 1, 0, 16.00, '2012-11-28', 1, 1, 'P'),
(155, 83, 1, 0, 27.00, '2012-11-28', 1, 1, 'P'),
(156, 84, 1, 9, 16.00, '2012-11-30', 1, 1, 'P'),
(157, 85, 1, 0, 21.00, '2012-12-01', 1, 1, 'P'),
(158, 86, 1, 0, 20.00, '2012-12-01', 1, 1, 'P'),
(159, 87, 1, 0, 16.50, '2012-12-03', 1, 1, 'P'),
(160, 88, 6, 17, 1000.00, '2012-12-04', 1, 1, 'P'),
(161, 88, 6, 17, 300.00, '2013-01-12', 1, 8, 'P'),
(162, 88, 6, 17, 300.00, '2013-02-12', 2, 8, 'P'),
(163, 88, 6, 17, 300.00, '2013-03-12', 3, 8, 'P'),
(164, 88, 6, 17, 300.00, '2013-04-12', 4, 8, 'P'),
(165, 88, 6, 17, 300.00, '2013-05-04', 5, 8, 'P'),
(166, 88, 6, 17, 300.00, '2013-06-04', 6, 8, 'P'),
(167, 88, 6, 17, 300.00, '2013-07-04', 7, 8, 'D'),
(168, 88, 6, 17, 300.00, '2013-08-04', 8, 8, 'D'),
(169, 89, 1, 0, 15.00, '2012-12-04', 1, 1, 'P'),
(170, 90, 3, 0, 15.00, '2012-12-05', 1, 1, 'P'),
(171, 91, 3, 0, 19.21, '2012-12-05', 1, 1, 'P'),
(172, 92, 2, 0, 34.76, '2013-01-05', 1, 1, 'P'),
(173, 93, 1, 0, 30.00, '2012-12-05', 1, 1, 'P'),
(174, 94, 1, 0, 90.00, '2012-12-05', 1, 1, 'P'),
(175, 95, 1, 0, 20.00, '2012-12-06', 1, 1, 'P'),
(176, 96, 1, 0, 6.50, '2012-12-06', 1, 1, 'P'),
(177, 97, 1, 0, 4.50, '2012-12-06', 1, 1, 'P'),
(178, 98, 1, 0, 35.00, '2012-12-06', 1, 1, 'P'),
(179, 73, 1, 0, 14.00, '2012-12-06', 1, 1, 'P'),
(180, 99, 1, 0, 15.00, '2012-12-07', 1, 1, 'P'),
(181, 101, 2, 0, 65.58, '2013-01-07', 1, 4, 'P'),
(182, 101, 2, 0, 65.58, '2013-02-07', 2, 4, 'P'),
(183, 101, 2, 0, 65.58, '2013-03-07', 3, 4, 'P'),
(184, 101, 2, 0, 63.38, '2013-04-07', 4, 4, 'P'),
(185, 102, 1, 0, 8.00, '2012-12-07', 1, 1, 'P'),
(186, 103, 1, 0, 600.00, '2012-12-07', 1, 1, 'P'),
(187, 104, 6, 0, 100.00, '2012-12-07', 1, 1, 'P'),
(188, 104, 6, 0, 100.00, '2012-12-17', 1, 2, 'P'),
(190, 105, 1, 0, 19.00, '2012-12-07', 1, 1, 'P'),
(191, 106, 1, 0, 32.00, '2012-12-08', 1, 1, 'P'),
(192, 107, 1, 0, 13.00, '2012-12-08', 1, 1, 'P'),
(193, 108, 1, 0, 53.00, '2012-12-10', 1, 1, 'P'),
(194, 100, 1, 0, 12.00, '2012-12-11', 1, 1, 'P'),
(195, 110, 1, 0, 21.50, '2012-12-11', 1, 1, 'P'),
(196, 109, 1, 0, 8.00, '2012-12-11', 1, 1, 'P'),
(197, 112, 2, 0, 5.79, '2013-01-12', 1, 1, 'P'),
(198, 113, 1, 0, 4.00, '2012-12-13', 1, 1, 'P'),
(199, 114, 1, 0, 20.00, '2012-12-13', 1, 1, 'P'),
(200, 115, 1, 0, 29.00, '2012-12-14', 1, 1, 'P'),
(201, 116, 1, 0, 28.00, '2012-12-15', 1, 1, 'P'),
(202, 117, 1, 0, 17.00, '2012-12-15', 1, 1, 'P'),
(203, 118, 1, 0, 20.00, '2012-12-15', 1, 1, 'P'),
(204, 119, 1, 0, 10.00, '2012-12-17', 1, 1, 'P'),
(205, 111, 1, 1, 40.00, '2012-12-17', 1, 1, 'P'),
(206, 121, 1, 0, 17.50, '2012-12-17', 1, 1, 'P'),
(207, 122, 3, 0, 27.00, '2012-12-18', 1, 1, 'P'),
(209, 123, 2, 0, 370.00, '2012-12-18', 1, 1, 'P'),
(210, 123, 2, 0, 117.23, '2013-01-18', 1, 3, 'P'),
(211, 123, 2, 0, 117.23, '2013-02-18', 2, 3, 'P'),
(212, 123, 2, 0, 123.33, '2013-03-18', 3, 3, 'P'),
(213, 120, 1, 0, 2.00, '2012-12-19', 1, 1, 'P'),
(214, 125, 2, 0, 20.89, '2013-01-19', 1, 1, 'P'),
(215, 126, 1, 0, 14.00, '2012-12-20', 1, 1, 'P'),
(216, 127, 1, 0, 18.00, '2012-12-21', 1, 1, 'P'),
(217, 128, 1, 0, 22.00, '2012-12-21', 1, 1, 'P'),
(218, 129, 6, 18, 93.00, '2012-12-21', 1, 1, 'P'),
(219, 129, 6, 18, 97.45, '2013-01-23', 1, 9, 'P'),
(220, 129, 6, 18, 97.05, '2013-02-23', 2, 9, 'P'),
(221, 129, 6, 18, 96.55, '2013-03-23', 3, 9, 'P'),
(222, 129, 6, 18, 93.00, '2013-04-23', 4, 9, 'D'),
(223, 129, 6, 18, 93.00, '2013-05-21', 5, 9, 'D'),
(224, 129, 6, 18, 93.00, '2013-06-21', 6, 9, 'D'),
(225, 129, 6, 18, 93.00, '2013-07-21', 7, 9, 'D'),
(226, 129, 6, 18, 93.00, '2013-08-21', 8, 9, 'D'),
(227, 129, 6, 18, 93.00, '2013-09-21', 9, 9, 'D'),
(228, 130, 1, 0, 24.00, '2012-12-22', 1, 1, 'P'),
(229, 131, 1, 0, 36.00, '2012-12-22', 1, 1, 'P'),
(230, 132, 1, 0, 36.00, '2012-12-26', 1, 1, 'P'),
(231, 133, 1, 0, 24.00, '2012-12-27', 1, 1, 'P'),
(232, 134, 1, 0, 22.00, '2012-12-27', 1, 1, 'P'),
(233, 135, 1, 0, 16.00, '2012-12-27', 1, 1, 'P'),
(234, 136, 2, 0, 57.93, '2013-01-27', 1, 1, 'P'),
(235, 137, 1, 0, 14.00, '2012-12-28', 1, 1, 'P'),
(236, 138, 6, 19, 70.00, '2012-12-28', 1, 1, 'P'),
(237, 138, 6, 19, 49.00, '2013-01-28', 1, 10, 'P'),
(238, 138, 6, 19, 49.00, '2013-02-28', 2, 10, 'P'),
(239, 138, 6, 19, 49.00, '2013-03-30', 3, 10, 'P'),
(240, 138, 6, 19, 49.00, '2013-04-30', 4, 10, 'P'),
(241, 138, 6, 19, 49.00, '2013-05-28', 5, 10, 'D'),
(242, 138, 6, 19, 49.00, '2013-06-28', 6, 10, 'D'),
(243, 138, 6, 19, 49.00, '2013-07-28', 7, 10, 'D'),
(244, 138, 6, 19, 49.00, '2013-08-28', 8, 10, 'D'),
(245, 138, 6, 19, 49.00, '2013-09-28', 9, 10, 'D'),
(246, 138, 6, 19, 49.00, '2013-10-28', 10, 10, 'D'),
(247, 139, 1, 0, 14.00, '2012-12-28', 1, 1, 'P'),
(248, 140, 1, 0, 4.00, '2013-01-02', 1, 1, 'P'),
(249, 141, 1, 0, 8.00, '2013-01-02', 1, 1, 'P'),
(250, 142, 1, 0, 14.00, '2013-01-02', 1, 1, 'P'),
(251, 143, 2, 0, 28.96, '2013-02-03', 1, 1, 'P'),
(252, 144, 1, 0, 15.00, '2013-01-04', 1, 1, 'P'),
(253, 124, 6, 20, 80.00, '2013-01-04', 1, 1, 'P'),
(254, 124, 6, 20, 90.00, '2013-02-04', 1, 8, 'P'),
(255, 124, 6, 20, 96.55, '2013-03-05', 2, 8, 'P'),
(256, 124, 6, 20, 90.00, '2013-04-05', 3, 8, 'P'),
(257, 124, 6, 20, 68.50, '2013-05-04', 4, 8, 'D'),
(258, 124, 6, 20, 68.50, '2013-06-04', 5, 8, 'D'),
(259, 124, 6, 20, 68.50, '2013-07-04', 6, 8, 'D'),
(260, 124, 6, 20, 68.50, '2013-08-04', 7, 8, 'D'),
(261, 124, 6, 20, 68.50, '2013-09-04', 8, 8, 'D'),
(262, 146, 1, 0, 6.20, '2013-01-04', 1, 1, 'P'),
(263, 147, 1, 0, 2.00, '2013-01-04', 1, 1, 'P'),
(264, 145, 3, 0, 39.10, '2013-01-06', 1, 1, 'P'),
(265, 149, 1, 0, 18.00, '2013-01-05', 1, 1, 'P'),
(266, 150, 1, 0, 32.00, '2013-01-05', 1, 1, 'P'),
(267, 151, 1, 0, 12.00, '2013-01-07', 1, 1, 'P'),
(268, 152, 1, 0, 20.00, '2013-01-07', 1, 1, 'P'),
(269, 153, 1, 0, 20.00, '2013-01-07', 1, 1, 'P'),
(270, 154, 1, 0, 20.00, '2013-01-07', 1, 1, 'P'),
(271, 155, 1, 0, 14.00, '2013-01-09', 1, 1, 'P'),
(272, 157, 2, 0, 43.45, '2013-02-10', 1, 1, 'P'),
(273, 158, 1, 0, 12.00, '2013-01-10', 1, 1, 'P'),
(274, 159, 1, 0, 35.00, '2013-01-11', 1, 1, 'P'),
(275, 160, 1, 0, 65.00, '2013-01-11', 1, 1, 'P'),
(276, 161, 6, 21, 500.00, '2013-01-12', 1, 1, 'P'),
(277, 161, 6, 21, 250.00, '2013-02-12', 1, 8, 'P'),
(278, 161, 6, 21, 250.00, '2013-03-12', 2, 8, 'P'),
(279, 161, 6, 21, 250.00, '2013-04-12', 3, 8, 'P'),
(280, 161, 6, 21, 250.00, '2013-05-12', 4, 8, 'D'),
(281, 161, 6, 21, 250.00, '2013-06-12', 5, 8, 'P'),
(282, 161, 6, 21, 250.00, '2013-07-12', 6, 8, 'D'),
(283, 161, 6, 21, 250.00, '2013-08-12', 7, 8, 'D'),
(284, 161, 6, 21, 250.00, '2013-09-12', 8, 8, 'D'),
(285, 162, 1, 0, 16.00, '2013-01-12', 1, 1, 'P'),
(286, 148, 3, 0, 37.14, '2013-01-13', 1, 1, 'P'),
(287, 163, 6, 22, 100.00, '2013-01-14', 1, 1, 'P'),
(288, 163, 6, 22, 85.00, '2013-02-16', 1, 10, 'P'),
(289, 163, 6, 22, 85.00, '2013-03-16', 2, 10, 'P'),
(290, 163, 6, 22, 85.00, '2013-04-14', 3, 10, 'P'),
(291, 163, 6, 22, 85.00, '2013-05-14', 4, 10, 'P'),
(292, 163, 6, 22, 85.00, '2013-06-14', 5, 10, 'P'),
(293, 163, 6, 22, 85.00, '2013-07-14', 6, 10, 'D'),
(294, 163, 6, 22, 85.00, '2013-08-14', 7, 10, 'D'),
(295, 163, 6, 22, 85.00, '2013-09-14', 8, 10, 'D'),
(296, 163, 6, 22, 85.00, '2013-10-14', 9, 10, 'D'),
(297, 163, 6, 22, 85.00, '2013-11-14', 10, 10, 'D'),
(298, 164, 1, 0, 27.00, '2013-01-15', 1, 1, 'P'),
(299, 166, 1, 0, 13.00, '2013-01-15', 1, 1, 'P'),
(300, 166, 1, 0, 13.00, '2013-01-15', 1, 1, 'P'),
(301, 165, 1, 0, 30.00, '2013-01-15', 1, 1, 'P'),
(302, 168, 1, 0, 13.50, '2013-01-17', 1, 1, 'P'),
(303, 169, 3, 0, 300.00, '2013-01-19', 1, 1, 'P'),
(304, 169, 3, 0, 215.05, '2013-01-20', 1, 1, 'P'),
(305, 170, 1, 0, 8.00, '2013-01-19', 1, 1, 'P'),
(306, 171, 1, 0, 36.00, '2013-01-19', 1, 1, 'P'),
(307, 172, 3, 0, 22.97, '2013-01-20', 1, 1, 'P'),
(308, 167, 3, 0, 39.00, '2013-01-22', 1, 1, 'P'),
(309, 173, 1, 0, 200.00, '2013-01-21', 1, 1, 'P'),
(310, 174, 1, 0, 12.00, '2013-01-22', 1, 1, 'P'),
(311, 175, 1, 0, 3.00, '2013-01-22', 1, 1, 'P'),
(312, 176, 1, 0, 60.00, '2013-01-22', 1, 1, 'P'),
(313, 177, 1, 0, 16.00, '2013-01-22', 1, 1, 'P'),
(314, 178, 1, 0, 4.00, '2013-01-23', 1, 1, 'P'),
(315, 179, 1, 0, 2.00, '2013-01-24', 1, 1, 'P'),
(316, 180, 1, 0, 13.50, '2013-01-24', 1, 1, 'P'),
(317, 181, 1, 0, 20.00, '2013-01-24', 1, 1, 'P'),
(318, 182, 6, 0, 371.00, '2013-02-06', 1, 1, 'P'),
(319, 183, 3, 0, 11.00, '2013-01-25', 1, 1, 'P'),
(320, 183, 3, 0, 24.44, '2013-01-26', 1, 1, 'P'),
(321, 184, 1, 0, 52.00, '2013-01-25', 1, 1, 'P'),
(322, 185, 1, 0, 8.00, '2013-01-26', 1, 1, 'P'),
(323, 186, 1, 0, 8.00, '2013-01-26', 1, 1, 'P'),
(324, 187, 1, 0, 30.00, '2013-01-26', 1, 1, 'P'),
(325, 188, 2, 0, 28.00, '2013-02-26', 1, 1, 'P'),
(326, 190, 1, 0, 6.40, '2013-01-28', 1, 1, 'P'),
(327, 191, 6, 26, 235.00, '2013-01-28', 1, 1, 'P'),
(328, 191, 6, 26, 144.58, '2013-02-28', 1, 2, 'P'),
(329, 191, 6, 26, 145.95, '2013-03-28', 2, 2, 'P'),
(330, 192, 3, 0, 15.00, '2013-01-29', 1, 1, 'P'),
(331, 193, 3, 0, 12.00, '2013-02-28', 1, 1, 'P'),
(332, 194, 1, 0, 6.00, '2013-01-28', 1, 1, 'P'),
(333, 189, 1, 0, 215.00, '2013-01-29', 1, 1, 'P'),
(334, 196, 2, 0, 51.17, '2013-02-28', 1, 1, 'P'),
(335, 197, 1, 0, 20.00, '2013-01-29', 1, 1, 'P'),
(336, 198, 6, 24, 292.60, '2013-02-06', 1, 1, 'P'),
(337, 199, 3, 0, 144.00, '2013-02-01', 1, 1, 'P'),
(338, 200, 7, 28, 320.00, '2013-01-29', 1, 1, 'P'),
(339, 200, 7, 28, 96.00, '2013-02-28', 1, 1, 'P'),
(340, 201, 1, 0, 20.00, '2013-01-30', 1, 1, 'P'),
(341, 202, 1, 0, 5.00, '2013-01-31', 1, 1, 'P'),
(342, 203, 1, 0, 8.00, '2013-02-01', 1, 1, 'P'),
(343, 204, 1, 0, 3.00, '2013-02-01', 1, 1, 'P'),
(344, 205, 2, 0, 72.41, '2013-03-02', 1, 1, 'P'),
(345, 206, 3, 0, 34.85, '2013-02-03', 1, 1, 'P'),
(346, 207, 2, 0, 177.14, '2013-03-02', 1, 3, 'P'),
(347, 207, 2, 0, 174.26, '2013-04-02', 2, 3, 'P'),
(348, 207, 2, 0, 174.26, '2013-05-02', 3, 3, 'P'),
(349, 208, 2, 0, 33.81, '2013-03-02', 1, 1, 'P'),
(350, 209, 3, 0, 15.00, '2013-02-04', 1, 1, 'P'),
(351, 210, 3, 0, 48.87, '2013-02-04', 1, 1, 'P'),
(352, 211, 4, 0, 106.00, '2013-02-04', 1, 1, 'P'),
(353, 211, 4, 0, 106.00, '2013-03-04', 1, 1, 'P'),
(354, 212, 1, 0, 13.00, '2013-02-05', 1, 1, 'P'),
(355, 195, 3, 0, 20.00, '2013-02-05', 1, 1, 'P'),
(356, 195, 3, 0, 21.50, '2013-02-06', 1, 1, 'P'),
(357, 213, 4, 0, 530.00, '2013-02-06', 1, 1, 'P'),
(358, 213, 4, 0, 150.00, '2013-02-06', 1, 1, 'P'),
(359, 215, 3, 0, 13.20, '2013-02-07', 1, 1, 'P'),
(360, 216, 1, 0, 20.00, '2013-02-06', 1, 1, 'P'),
(361, 217, 1, 0, 85.00, '2013-02-07', 1, 1, 'P'),
(362, 218, 6, 15, 800.00, '2013-02-08', 1, 1, 'P'),
(363, 218, 6, 15, 100.00, '2013-03-07', 1, 4, 'P'),
(364, 218, 6, 15, 100.00, '2013-04-07', 2, 4, 'P'),
(365, 218, 6, 15, 100.00, '2013-05-08', 3, 4, 'D'),
(366, 218, 6, 15, 100.00, '2013-06-08', 4, 4, 'D'),
(367, 219, 6, 29, 200.00, '2013-02-08', 1, 1, 'P'),
(368, 219, 6, 29, 113.00, '2013-03-22', 1, 5, 'D'),
(369, 219, 6, 29, 113.60, '2013-04-08', 2, 5, 'D'),
(370, 219, 6, 29, 113.60, '2013-05-08', 3, 5, 'D'),
(371, 219, 6, 29, 113.60, '2013-06-08', 4, 5, 'D'),
(372, 219, 6, 29, 113.60, '2013-07-08', 5, 5, 'D'),
(373, 220, 1, 0, 14.00, '2013-02-08', 1, 1, 'P'),
(374, 221, 1, 0, 20.00, '2013-02-09', 1, 1, 'P'),
(375, 222, 1, 0, 1.00, '2013-02-09', 1, 1, 'P'),
(376, 223, 1, 0, 13.00, '2013-02-09', 1, 1, 'P'),
(377, 224, 1, 0, 8.00, '2013-02-11', 1, 1, 'P'),
(378, 225, 3, 25, 100.00, '2013-02-11', 1, 1, 'P'),
(379, 225, 3, 25, 195.50, '2013-02-12', 1, 1, 'P'),
(380, 226, 1, 0, 14.00, '2013-02-11', 1, 1, 'P'),
(381, 227, 1, 0, 13.70, '2013-02-11', 1, 1, 'P'),
(382, 228, 1, 0, 20.00, '2013-02-13', 1, 1, 'P'),
(383, 229, 1, 0, 4.50, '2013-02-13', 1, 1, 'P'),
(384, 230, 6, 30, 414.00, '2013-02-20', 1, 1, 'P'),
(385, 231, 1, 0, 10.00, '2013-02-14', 1, 1, 'P'),
(386, 232, 1, 0, 8.00, '2013-02-14', 1, 1, 'P'),
(387, 214, 1, 0, 65.00, '2013-02-14', 1, 1, 'P'),
(388, 234, 3, 0, 16.62, '2013-02-15', 1, 1, 'P'),
(389, 233, 1, 0, 18.00, '2013-02-15', 1, 1, 'P'),
(390, 236, 1, 0, 10.00, '2013-02-16', 1, 1, 'P'),
(391, 235, 1, 0, 1.90, '2013-02-16', 1, 1, 'P'),
(392, 238, 1, 0, 40.00, '2013-02-16', 1, 1, 'P'),
(393, 237, 1, 0, 200.00, '2013-02-16', 1, 1, 'P'),
(394, 240, 1, 0, 20.00, '2013-02-16', 1, 1, 'P'),
(395, 241, 1, 0, 20.00, '2013-02-18', 1, 1, 'P'),
(396, 242, 1, 0, 13.00, '2013-02-18', 1, 1, 'P'),
(397, 243, 6, 31, 371.00, '2013-03-05', 1, 1, 'P'),
(398, 244, 6, 32, 371.00, '2013-03-05', 1, 1, 'P'),
(399, 245, 1, 0, 20.00, '2013-02-19', 1, 1, 'P'),
(400, 246, 1, 0, 15.00, '2013-02-19', 1, 1, 'P'),
(401, 247, 1, 0, 3.00, '2013-02-19', 1, 1, 'P'),
(402, 248, 1, 0, 20.00, '2013-02-20', 1, 1, 'P'),
(403, 239, 1, 0, 6.00, '2013-02-21', 1, 1, 'P'),
(404, 249, 1, 0, 15.00, '2013-02-21', 1, 1, 'P'),
(405, 251, 2, 0, 71.05, '2013-03-23', 1, 1, 'P'),
(406, 252, 1, 0, 9.00, '2013-02-23', 1, 1, 'P'),
(407, 253, 1, 0, 15.00, '2013-02-23', 1, 1, 'P'),
(408, 254, 2, 0, 38.05, '2013-03-23', 1, 1, 'P'),
(409, 255, 6, 34, 292.60, '2013-03-27', 1, 1, 'P'),
(410, 256, 1, 0, 15.00, '2013-02-27', 1, 1, 'P'),
(411, 257, 1, 0, 24.00, '2013-02-28', 1, 1, 'P'),
(412, 258, 1, 0, 3.50, '2013-02-28', 1, 1, 'P'),
(414, 260, 1, 0, 9.00, '2013-03-02', 1, 1, 'P'),
(416, 262, 1, 0, 20.00, '2013-03-02', 1, 1, 'P'),
(417, 263, 1, 0, 7.00, '2013-03-04', 1, 1, 'P'),
(418, 264, 1, 0, 55.00, '2013-03-04', 1, 1, 'P'),
(419, 265, 6, 33, 100.00, '2013-03-04', 1, 1, 'P'),
(420, 265, 6, 33, 100.00, '2013-04-10', 1, 7, 'P'),
(421, 265, 6, 33, 100.00, '2013-05-04', 2, 7, 'P'),
(422, 265, 6, 33, 100.00, '2013-06-04', 3, 7, 'P'),
(423, 265, 6, 33, 100.00, '2013-07-04', 4, 7, 'D'),
(424, 265, 6, 33, 100.00, '2013-08-04', 5, 7, 'D'),
(425, 265, 6, 33, 100.00, '2013-09-04', 6, 7, 'D'),
(426, 265, 6, 33, 100.00, '2013-10-04', 7, 7, 'D'),
(429, 268, 1, 0, 25.00, '2013-03-05', 1, 1, 'P'),
(430, 269, 1, 0, 10.00, '2013-03-05', 1, 1, 'P'),
(431, 270, 1, 0, 1.50, '2013-03-05', 1, 1, 'P'),
(432, 271, 1, 0, 15.00, '2013-03-06', 1, 1, 'P'),
(433, 272, 1, 0, 13.00, '2013-03-06', 1, 1, 'P'),
(434, 273, 1, 0, 12.00, '2013-03-06', 1, 1, 'P'),
(435, 274, 1, 0, 30.00, '2013-03-06', 1, 1, 'P'),
(436, 275, 1, 0, 15.00, '2013-03-07', 1, 1, 'P'),
(437, 276, 1, 0, 22.00, '2013-03-08', 1, 1, 'P'),
(438, 277, 3, 0, 11.00, '2013-03-08', 1, 1, 'P'),
(440, 278, 2, 0, 42.40, '2013-04-08', 1, 1, 'P'),
(441, 279, 1, 0, 10.00, '2013-03-08', 1, 1, 'P'),
(442, 280, 1, 0, 14.00, '2013-03-09', 1, 1, 'P'),
(444, 282, 1, 0, 14.00, '2013-03-09', 1, 1, 'P'),
(445, 283, 1, 0, 16.00, '2013-03-09', 1, 1, 'P'),
(446, 284, 1, 0, 36.00, '2013-03-11', 1, 1, 'P'),
(447, 266, 1, 0, 30.00, '2013-03-12', 1, 1, 'P'),
(448, 285, 1, 0, 15.00, '2013-03-13', 1, 1, 'P'),
(450, 287, 1, 0, 9.00, '2013-03-13', 1, 1, 'P'),
(451, 289, 1, 0, 8.99, '2013-03-13', 1, 1, 'P'),
(452, 290, 1, 0, 20.00, '2013-03-13', 1, 1, 'P'),
(453, 291, 1, 0, 22.00, '2013-03-13', 1, 1, 'P'),
(454, 288, 1, 0, 12.00, '2013-03-14', 1, 1, 'P'),
(455, 292, 1, 0, 22.00, '2013-03-15', 1, 1, 'P'),
(456, 294, 1, 0, 20.00, '2013-03-15', 1, 1, 'P'),
(457, 293, 1, 0, 12.00, '2013-03-16', 1, 1, 'P'),
(458, 296, 1, 0, 15.00, '2013-03-16', 1, 1, 'P'),
(459, 297, 1, 0, 9.00, '2013-03-16', 1, 1, 'P'),
(460, 298, 1, 0, 24.00, '2013-03-18', 1, 1, 'P'),
(461, 299, 3, 0, 37.14, '2013-04-01', 1, 1, 'P'),
(462, 300, 1, 0, 10.00, '2013-03-19', 1, 1, 'P'),
(463, 301, 1, 0, 10.00, '2013-03-20', 1, 1, 'P'),
(464, 302, 1, 0, 15.00, '2013-03-22', 1, 1, 'P'),
(465, 303, 1, 0, 1.00, '2013-03-22', 1, 1, 'P'),
(466, 304, 1, 0, 40.00, '2013-03-22', 1, 1, 'P'),
(467, 305, 1, 0, 4.00, '2013-03-22', 1, 1, 'P'),
(468, 306, 3, 0, 12.71, '2013-04-01', 1, 1, 'P'),
(469, 307, 1, 0, 4.00, '2013-03-27', 1, 1, 'P'),
(470, 308, 1, 0, 10.00, '2013-03-27', 1, 1, 'P'),
(471, 309, 3, 0, 21.50, '2013-03-28', 1, 1, 'P'),
(472, 310, 3, 0, 25.41, '2013-03-28', 1, 1, 'P'),
(473, 295, 1, 0, 12.60, '2013-03-28', 1, 1, 'P'),
(474, 312, 1, 0, 36.00, '2013-03-30', 1, 1, 'P'),
(475, 312, 1, 0, 36.00, '2013-03-30', 1, 1, 'P'),
(476, 311, 1, 0, 35.00, '2013-04-01', 1, 1, 'P'),
(477, 314, 1, 0, 15.00, '2013-04-03', 1, 1, 'P'),
(478, 313, 3, 0, 30.00, '2013-04-03', 1, 1, 'P'),
(480, 316, 1, 0, 22.00, '2013-04-04', 1, 1, 'P'),
(481, 315, 1, 0, 13.00, '2013-04-04', 1, 1, 'P'),
(482, 318, 1, 0, 1.00, '2013-04-04', 1, 1, 'P'),
(483, 317, 1, 0, 28.00, '2013-04-05', 1, 1, 'P'),
(484, 320, 1, 0, 1.50, '2013-04-06', 1, 1, 'P'),
(485, 319, 1, 0, 10.00, '2013-04-08', 1, 1, 'P'),
(486, 321, 1, 0, 11.50, '2013-04-08', 1, 1, 'P'),
(487, 322, 1, 0, 20.00, '2013-04-08', 1, 1, 'P'),
(488, 324, 1, 0, 10.00, '2013-04-09', 1, 1, 'P'),
(489, 325, 1, 0, 9.00, '2013-04-09', 1, 1, 'P'),
(490, 323, 1, 0, 27.00, '2013-04-16', 1, 1, 'P'),
(491, 326, 1, 0, 36.00, '2013-04-16', 1, 1, 'P'),
(492, 328, 1, 0, 4.00, '2013-04-16', 1, 1, 'P'),
(493, 329, 1, 0, 4.00, '2013-04-16', 1, 1, 'P'),
(494, 330, 3, 0, 12.71, '2013-04-17', 1, 1, 'P'),
(495, 331, 1, 0, 14.00, '2013-04-16', 1, 1, 'P'),
(496, 332, 3, 0, 23.46, '2013-04-21', 1, 1, 'P'),
(497, 333, 1, 0, 3.00, '2013-04-22', 1, 1, 'P'),
(498, 327, 1, 0, 30.00, '2013-04-22', 1, 1, 'P'),
(499, 334, 1, 0, 2.00, '2013-04-22', 1, 1, 'P'),
(500, 336, 1, 0, 15.00, '2013-04-23', 1, 1, 'P'),
(501, 337, 3, 0, 15.00, '2013-04-23', 1, 1, 'P'),
(502, 337, 3, 0, 0.00, '2013-04-24', 1, 1, 'P'),
(503, 335, 1, 0, 5.00, '2013-04-26', 1, 1, 'P'),
(504, 339, 1, 0, 30.00, '2013-04-26', 1, 1, 'P'),
(505, 340, 1, 0, 20.00, '2013-04-26', 1, 1, 'P'),
(506, 341, 1, 0, 20.00, '2013-04-27', 1, 1, 'P'),
(507, 342, 1, 0, 25.00, '2013-04-29', 1, 1, 'P'),
(508, 343, 1, 0, 15.00, '2013-04-29', 1, 1, 'P'),
(509, 338, 1, 0, 16.50, '2013-04-30', 1, 1, 'P'),
(510, 345, 1, 0, 7.00, '2013-05-02', 1, 1, 'P'),
(511, 346, 1, 0, 45.00, '2013-05-04', 1, 1, 'P'),
(512, 347, 1, 0, 3.00, '2013-05-04', 1, 1, 'P'),
(513, 348, 1, 0, 14.50, '2013-05-04', 1, 1, 'P'),
(514, 349, 1, 0, 15.50, '2013-05-04', 1, 1, 'P'),
(515, 350, 1, 0, 16.00, '2013-05-04', 1, 1, 'P'),
(516, 351, 3, 0, 10.00, '2013-05-04', 1, 1, 'P'),
(518, 344, 1, 0, 40.00, '2013-05-06', 1, 1, 'P'),
(519, 353, 1, 0, 13.50, '2013-05-06', 1, 1, 'P'),
(520, 354, 1, 0, 13.50, '2013-05-06', 1, 1, 'P'),
(521, 355, 3, 0, 18.00, '2013-05-08', 1, 1, 'P'),
(522, 356, 1, 0, 22.00, '2013-05-07', 1, 1, 'P'),
(523, 357, 1, 0, 13.50, '2013-05-08', 1, 1, 'P'),
(524, 358, 1, 0, 65.00, '2013-05-08', 1, 1, 'P'),
(525, 359, 1, 0, 65.00, '2013-05-09', 1, 1, 'P'),
(526, 360, 1, 0, 25.00, '2013-05-09', 1, 1, 'P'),
(527, 361, 1, 0, 2.00, '2013-05-09', 1, 1, 'P'),
(528, 362, 1, 0, 19.00, '2013-05-09', 1, 1, 'P'),
(529, 363, 2, 0, 83.33, '2013-06-10', 1, 3, 'P'),
(530, 363, 2, 0, 83.33, '2013-07-10', 2, 3, 'D'),
(531, 363, 2, 0, 83.33, '2013-08-10', 3, 3, 'D'),
(532, 364, 1, 0, 13.00, '2013-05-10', 1, 1, 'P'),
(533, 365, 1, 0, 27.00, '2013-05-10', 1, 1, 'P'),
(534, 366, 1, 0, 15.00, '2013-05-10', 1, 1, 'P'),
(535, 352, 1, 0, 13.50, '2013-05-11', 1, 1, 'P'),
(536, 368, 1, 0, 50.00, '2013-05-13', 1, 1, 'P'),
(537, 369, 1, 0, 27.00, '2013-05-13', 1, 1, 'P'),
(538, 367, 1, 0, 16.50, '2013-05-14', 1, 1, 'P'),
(539, 371, 1, 0, 18.00, '2013-05-15', 1, 1, 'P'),
(540, 372, 3, 0, 13.00, '2013-05-18', 1, 1, 'P'),
(541, 370, 1, 0, 10.00, '2013-05-18', 1, 1, 'P'),
(542, 374, 1, 0, 54.00, '2013-05-18', 1, 1, 'P'),
(543, 373, 1, 0, 40.00, '2013-05-20', 1, 1, 'P'),
(544, 376, 7, 0, 50.00, '2013-05-20', 1, 1, 'P'),
(545, 376, 7, 0, 25.00, '2013-06-20', 1, 2, 'P'),
(546, 376, 7, 0, 25.00, '2013-07-20', 2, 2, 'D'),
(547, 377, 1, 0, 1.00, '2013-05-20', 1, 1, 'P'),
(548, 378, 1, 0, 13.50, '2013-05-20', 1, 1, 'P'),
(549, 379, 3, 0, 13.50, '2013-05-21', 1, 1, 'P'),
(550, 380, 1, 0, 2.00, '2013-05-20', 1, 1, 'P'),
(551, 375, 2, 0, 15.00, '2013-05-21', 1, 1, 'P'),
(553, 381, 3, 0, 13.00, '2013-05-22', 1, 1, 'P'),
(554, 383, 3, 0, 75.00, '2013-05-25', 1, 1, 'P'),
(555, 384, 1, 0, 20.00, '2013-05-27', 1, 1, 'P'),
(556, 385, 3, 0, 20.00, '2013-05-29', 1, 1, 'P'),
(557, 385, 3, 0, 190.00, '2013-06-01', 1, 1, 'P'),
(558, 386, 1, 0, 20.00, '2013-05-31', 1, 1, 'P'),
(559, 387, 1, 0, 10.00, '2013-05-31', 1, 1, 'P'),
(560, 388, 1, 0, 13.00, '2013-05-31', 1, 1, 'P'),
(561, 382, 1, 0, 14.50, '2013-06-01', 1, 1, 'P'),
(562, 389, 1, 0, 14.00, '2013-06-03', 1, 1, 'P'),
(563, 390, 3, 0, 32.00, '2013-06-06', 1, 1, 'P'),
(565, 391, 3, 0, 21.00, '2013-06-09', 1, 1, 'P'),
(566, 393, 1, 0, 50.00, '2013-06-08', 1, 1, 'P'),
(567, 394, 3, 0, 33.00, '2013-06-16', 1, 1, 'P'),
(568, 395, 2, 0, 52.00, '2013-07-15', 1, 1, 'D'),
(569, 392, 1, 0, 50.50, '2013-06-27', 1, 1, 'P'),
(570, 397, 1, 0, 3.00, '2013-06-28', 1, 1, 'P'),
(571, 398, 1, 0, 2.00, '2013-06-28', 1, 1, 'P'),
(572, 399, 3, 0, 47.00, '2013-06-28', 1, 1, 'P'),
(574, 400, 1, 0, 13.00, '2013-06-29', 1, 1, 'P'),
(575, 401, 2, 0, 40.00, '2013-07-29', 1, 2, 'D'),
(576, 401, 2, 0, 40.00, '2013-08-29', 2, 2, 'D'),
(577, 402, 1, 0, 2.00, '2013-07-04', 1, 1, 'P'),
(578, 403, 1, 0, 6.00, '2013-07-04', 1, 1, 'P'),
(579, 404, 1, 0, 20.00, '2013-07-09', 1, 1, 'P'),
(580, 405, 3, 0, 36.00, '2013-07-11', 1, 1, 'P'),
(581, 405, 3, 0, 0.00, '2013-07-12', 1, 1, 'D'),
(582, 406, 1, 0, 0.00, '2013-07-11', 1, 1, 'P'),
(583, 407, 1, 0, 10.00, '2013-07-11', 1, 1, 'P'),
(584, 408, 1, 0, 8.00, '2013-08-03', 1, 1, 'P'),
(585, 409, 1, 0, 30.00, '2013-08-07', 1, 1, 'P'),
(586, 396, 7, 0, 45.75, '2015-01-17', 1, 2, 'D'),
(587, 396, 7, 0, 45.75, '2015-02-17', 2, 2, 'D');

-- --------------------------------------------------------

--
-- Estrutura para tabela `retiradas`
--

CREATE TABLE IF NOT EXISTS `retiradas` (
`retiradaID` int(11) NOT NULL,
  `caixaID` int(11) NOT NULL,
  `usuario` varchar(50) NOT NULL,
  `responsavel` varchar(50) NOT NULL,
  `valor` float(10,2) NOT NULL,
  `observacao` text NOT NULL,
  `data` timestamp NOT NULL DEFAULT CURRENT_TIMESTAMP ON UPDATE CURRENT_TIMESTAMP
) ENGINE=InnoDB  DEFAULT CHARSET=latin1 AUTO_INCREMENT=2 ;

--
-- Fazendo dump de dados para tabela `retiradas`
--

INSERT INTO `retiradas` (`retiradaID`, `caixaID`, `usuario`, `responsavel`, `valor`, `observacao`, `data`) VALUES
(1, 24, 'edimilson', 'edimilson ', 10.00, 'almoço', '2013-04-01 16:21:21');

-- --------------------------------------------------------

--
-- Estrutura para tabela `retiradasestoque`
--

CREATE TABLE IF NOT EXISTS `retiradasestoque` (
`retiradaID` int(11) NOT NULL,
  `produtoID` int(11) NOT NULL,
  `quantidade` float(10,2) NOT NULL,
  `motivo` text NOT NULL,
  `usuario` varchar(100) NOT NULL,
  `data` timestamp NOT NULL DEFAULT CURRENT_TIMESTAMP ON UPDATE CURRENT_TIMESTAMP
) ENGINE=InnoDB  DEFAULT CHARSET=latin1 AUTO_INCREMENT=21 ;

--
-- Fazendo dump de dados para tabela `retiradasestoque`
--

INSERT INTO `retiradasestoque` (`retiradaID`, `produtoID`, `quantidade`, `motivo`, `usuario`, `data`) VALUES
(1, 64, 1.00, 'A MAIS', '2', '2012-10-04 18:24:53'),
(2, 59, 1.00, 'A MAIS', '2', '2012-10-09 14:40:01'),
(3, 42, 1.00, 'VENDA', '3', '2012-10-21 13:20:42'),
(4, 19, 1.00, 'venda', '3', '2012-10-22 19:49:34'),
(5, 80, 1.00, 'brinde alessandro', '2', '2012-11-03 13:12:58'),
(6, 81, 1.00, 'brinde alessandro', '2', '2012-11-03 13:13:24'),
(7, 43, 1.00, 'venda', '3', '2012-11-16 11:32:51'),
(8, 80, 1.00, 'venda', '3', '2012-11-16 11:34:52'),
(9, 81, 1.00, 'a mais', '2', '2012-11-16 11:51:11'),
(10, 81, 1.00, 'a mais', '2', '2012-11-16 11:51:12'),
(11, 11, 1.00, 'brinde', '2', '2012-12-04 19:48:45'),
(12, 123, 1.00, 'brinde', '2', '2012-12-13 16:53:51'),
(13, 186, 1.00, 'nao veio', '2', '2012-12-14 14:51:42'),
(14, 108, 1.00, 'brinde', '2', '2013-01-14 17:20:37'),
(15, 190, 1.00, 'brinde', '2', '2013-01-19 13:30:11'),
(16, 11, 1.00, 'brinde', '2', '2013-01-24 14:14:22'),
(17, 56, 2.00, 'brinde', '2', '2013-02-13 19:12:51'),
(18, 162, 1.00, 'brinde', '3', '2013-03-11 18:40:47'),
(19, 125, 1.00, 'brinde', '3', '2013-03-28 20:18:49'),
(20, 280, 1.00, 'brinde', '2', '2013-05-29 17:02:19');

-- --------------------------------------------------------

--
-- Estrutura para tabela `tipoproduto`
--

CREATE TABLE IF NOT EXISTS `tipoproduto` (
`tipoprodutoID` int(11) NOT NULL,
  `tipo` varchar(100) NOT NULL,
  `data` timestamp NOT NULL DEFAULT CURRENT_TIMESTAMP ON UPDATE CURRENT_TIMESTAMP,
  `tipoAtivo` varchar(1) NOT NULL DEFAULT 'S'
) ENGINE=InnoDB  DEFAULT CHARSET=latin1 AUTO_INCREMENT=14 ;

--
-- Fazendo dump de dados para tabela `tipoproduto`
--

INSERT INTO `tipoproduto` (`tipoprodutoID`, `tipo`, `data`, `tipoAtivo`) VALUES
(1, 'Acessorios Cordas', '2012-09-26 22:20:29', 'S'),
(2, 'Instrumentos / Cordas', '2012-09-26 22:22:34', 'S'),
(3, 'Acessorios Sax', '2012-09-26 22:20:47', 'S'),
(4, 'Acessorios Metais', '2012-09-26 22:21:21', 'S'),
(5, 'Acessorios Madeiras', '2012-09-26 22:22:07', 'S'),
(6, 'Instrumentos / Madeiras', '2012-09-26 22:22:55', 'S'),
(7, 'Instrumentos / Sax', '2012-09-26 22:23:24', 'S'),
(8, 'Instrumentos / Metais', '2012-09-26 22:23:42', 'S'),
(9, 'Acessorios Geral', '2012-09-26 22:24:07', 'S'),
(10, 'Instrumentos Geral', '2012-09-26 22:24:29', 'S'),
(11, 'Orgaos', '2012-10-09 16:14:09', 'S'),
(12, 'Instrumentos Usados', '2012-10-13 13:12:19', 'S'),
(13, 'Reforma', '2013-01-29 13:35:15', 'S');

-- --------------------------------------------------------

--
-- Estrutura para tabela `transferencias`
--

CREATE TABLE IF NOT EXISTS `transferencias` (
`transferenciaID` int(11) NOT NULL,
  `bancoDe` int(11) NOT NULL,
  `bancoPara` int(11) NOT NULL,
  `valor` float(10,2) NOT NULL,
  `observacoes` text NOT NULL,
  `data` timestamp NOT NULL DEFAULT CURRENT_TIMESTAMP ON UPDATE CURRENT_TIMESTAMP
) ENGINE=InnoDB  DEFAULT CHARSET=latin1 AUTO_INCREMENT=66 ;

--
-- Fazendo dump de dados para tabela `transferencias`
--

INSERT INTO `transferencias` (`transferenciaID`, `bancoDe`, `bancoPara`, `valor`, `observacoes`, `data`) VALUES
(1, 3, 1, 6462.70, '', '2012-10-03 18:24:43'),
(2, 1, 3, 1200.00, 'Venda Trompete', '2012-10-22 20:35:23'),
(3, 1, 3, 120.00, 'venda violino parrot', '2012-10-22 20:35:49'),
(4, 1, 3, 25.35, 'venda a debito', '2012-10-29 12:45:02'),
(5, 1, 3, 14.00, 'cavaco Venda', '2012-11-08 15:41:50'),
(6, 1, 3, 300.00, '', '2012-11-12 13:18:53'),
(7, 1, 3, 600.00, '', '2012-11-16 12:19:20'),
(8, 1, 3, 80.00, '', '2012-11-19 17:19:24'),
(9, 1, 3, 120.00, '', '2012-11-20 14:22:28'),
(10, 1, 4, 6618.12, '', '2012-11-21 16:20:25'),
(11, 3, 1, 297.00, '', '2012-11-21 16:24:33'),
(12, 4, 3, 400.00, 'capital Tiago', '2012-11-21 17:08:48'),
(13, 1, 3, 210.00, '', '2012-11-22 14:32:56'),
(14, 5, 1, 14.40, '', '2012-11-22 14:37:40'),
(15, 1, 3, 136.85, '', '2012-11-28 13:29:03'),
(16, 1, 3, 100.00, '', '2012-12-03 12:50:25'),
(17, 4, 3, 270.00, '', '2012-12-03 12:51:00'),
(18, 6, 3, 87.39, '', '2012-12-03 12:54:43'),
(19, 8, 3, 26.00, '', '2012-12-03 12:56:45'),
(20, 1, 3, 500.00, '', '2012-12-05 16:08:57'),
(21, 9, 3, 5000.00, 'adiantamento Pai', '2012-12-05 16:12:24'),
(22, 1, 3, 370.00, '', '2012-12-08 16:04:59'),
(23, 1, 3, 55.00, '', '2012-12-10 17:56:28'),
(24, 1, 3, 10.00, '', '2012-12-14 19:52:01'),
(25, 4, 1, 35.00, '', '2012-12-18 12:50:56'),
(26, 4, 3, 184.50, 'cpfl', '2012-12-20 14:46:03'),
(27, 1, 3, 180.00, '', '2012-12-26 12:22:48'),
(28, 1, 3, 290.00, '', '2012-12-28 12:32:37'),
(29, 1, 3, 100.00, '', '2012-12-29 12:05:48'),
(30, 1, 3, 210.00, '', '2013-01-07 13:17:07'),
(31, 1, 3, 390.00, '', '2013-01-14 12:35:04'),
(32, 4, 3, 280.00, '', '2013-01-14 17:30:37'),
(33, 4, 3, 500.00, '', '2013-01-15 20:29:59'),
(34, 1, 3, 180.00, '', '2013-01-17 12:34:33'),
(35, 4, 3, 136.84, '', '2013-01-18 20:34:13'),
(36, 1, 3, 10.00, '', '2013-01-18 20:34:23'),
(37, 1, 3, 150.00, '', '2013-01-24 11:44:01'),
(38, 4, 3, 200.00, '', '2013-01-24 11:44:16'),
(39, 4, 3, 40.00, '', '2013-01-25 17:09:52'),
(40, 1, 3, 130.00, '', '2013-01-28 14:32:04'),
(41, 1, 3, 235.00, '', '2013-01-28 16:31:23'),
(42, 1, 3, 200.00, '', '2013-01-29 17:15:04'),
(43, 1, 3, 270.00, '', '2013-01-30 12:54:53'),
(44, 4, 3, 200.00, '', '2013-01-30 12:55:00'),
(45, 5, 3, 256.00, '', '2013-01-31 12:53:28'),
(46, 4, 3, 300.00, '', '2013-02-04 13:43:38'),
(47, 1, 3, 510.00, '', '2013-02-06 13:34:08'),
(48, 1, 3, 430.00, '', '2013-02-09 15:15:44'),
(49, 4, 3, 190.00, '', '2013-02-09 15:15:56'),
(50, 1, 3, 70.00, '', '2013-02-09 15:26:19'),
(51, 1, 3, 100.00, '', '2013-02-11 14:47:04'),
(52, 1, 3, 440.00, '', '2013-02-18 14:50:09'),
(53, 3, 1, 800.00, '', '2013-02-25 13:02:08'),
(54, 4, 1, 500.00, '', '2013-02-25 13:02:21'),
(55, 1, 3, 250.00, '', '2013-03-05 18:18:23'),
(56, 1, 3, 200.00, '', '2013-03-05 20:42:09'),
(57, 1, 3, 282.91, '', '2013-03-16 16:09:39'),
(58, 6, 3, 383.46, '', '2013-03-16 16:52:51'),
(59, 3, 1, 50.00, '', '2013-03-25 13:17:59'),
(60, 1, 3, 120.00, '', '2013-04-02 14:15:12'),
(61, 1, 3, 300.00, '', '2013-05-06 15:22:36'),
(62, 1, 3, 165.00, '', '2013-05-09 14:28:42'),
(63, 1, 3, 135.00, '', '2013-05-21 15:53:48'),
(64, 1, 3, 110.00, '', '2013-05-27 12:51:13'),
(65, 1, 3, 90.00, '', '2013-06-03 13:46:46');

-- --------------------------------------------------------

--
-- Estrutura para tabela `usuario`
--

CREATE TABLE IF NOT EXISTS `usuario` (
`usuarioID` int(11) NOT NULL,
  `usuarioNome` varchar(50) NOT NULL,
  `usuarioTelefone` varchar(15) NOT NULL,
  `usuarioEmail` varchar(100) NOT NULL,
  `usuarioLogin` varchar(20) NOT NULL,
  `usuarioSenha` varchar(20) NOT NULL,
  `usuarioNivel` int(11) NOT NULL,
  `usuarioData` timestamp NOT NULL DEFAULT CURRENT_TIMESTAMP,
  `usuarioAtivo` varchar(1) NOT NULL DEFAULT 'S'
) ENGINE=InnoDB  DEFAULT CHARSET=latin1 AUTO_INCREMENT=4 ;

--
-- Fazendo dump de dados para tabela `usuario`
--

INSERT INTO `usuario` (`usuarioID`, `usuarioNome`, `usuarioTelefone`, `usuarioEmail`, `usuarioLogin`, `usuarioSenha`, `usuarioNivel`, `usuarioData`, `usuarioAtivo`) VALUES
(2, 'Tiago Ulisses Marques', '', '', 'tiagoadm', 'tonmaior1012', 1, '2012-09-26 11:39:48', 'S'),
(3, 'edimilson ', '', '', 'edimilson', 'ton0184', 1, '2012-09-26 19:50:01', 'S');

-- --------------------------------------------------------

--
-- Estrutura para tabela `venda`
--

CREATE TABLE IF NOT EXISTS `venda` (
`vendaID` int(11) NOT NULL,
  `clienteID` int(11) NOT NULL,
  `formPagID` int(11) NOT NULL,
  `valor` float(10,2) NOT NULL,
  `entrada` float(10,2) NOT NULL,
  `troco` float(10,2) NOT NULL,
  `vezes` int(11) NOT NULL,
  `desconto` float(10,2) NOT NULL,
  `notaFiscal` varchar(20) NOT NULL,
  `data` timestamp NOT NULL DEFAULT CURRENT_TIMESTAMP ON UPDATE CURRENT_TIMESTAMP,
  `usuario` varchar(50) NOT NULL,
  `status` varchar(1) NOT NULL DEFAULT '1'
) ENGINE=InnoDB  DEFAULT CHARSET=latin1 AUTO_INCREMENT=412 ;

--
-- Fazendo dump de dados para tabela `venda`
--

INSERT INTO `venda` (`vendaID`, `clienteID`, `formPagID`, `valor`, `entrada`, `troco`, `vezes`, `desconto`, `notaFiscal`, `data`, `usuario`, `status`) VALUES
(1, 2, 6, 250.00, 0.00, 0.00, 5, 0.00, '0', '2012-10-02 21:07:05', 'tiagoadm', '2'),
(2, 3, 1, 1.00, 1.00, 0.00, 1, 0.00, '0', '2012-10-02 21:26:43', 'tiagoadm', '2'),
(5, 0, 1, 230.00, 240.00, 10.00, 1, 0.00, '0', '2012-10-03 19:20:02', 'tiagoadm', '2'),
(7, 1, 1, 17.99, 18.00, 0.01, 1, 0.00, '0', '2012-10-05 18:26:43', 'tiagoadm', '2'),
(8, 5, 7, 60.00, 0.00, 0.00, 2, 0.00, '0', '2012-10-06 12:04:25', 'tiagoadm', '2'),
(9, 1, 1, 5.00, 5.00, 0.00, 1, 0.00, '0', '2012-10-06 17:38:27', 'tiagoadm', '2'),
(10, 0, 1, 14.00, 50.00, 36.00, 1, 0.00, '0', '2012-10-06 17:58:48', 'tiagoadm', '2'),
(11, 0, 1, 12.00, 50.00, 38.00, 1, 0.00, '0', '2012-10-08 20:17:09', 'tiagoadm', '2'),
(12, 0, 1, 8.00, 8.00, 0.00, 1, 0.00, '0', '2012-10-09 21:12:04', 'tiagoadm', '2'),
(13, 0, 7, 8.00, 8.00, 0.00, 1, 0.00, '0', '2012-10-10 17:32:45', 'tiagoadm', '2'),
(14, 0, 1, 20.00, 20.00, 0.00, 1, 0.00, '0', '2012-10-11 19:16:11', 'tiagoadm', '2'),
(15, 0, 1, 21.00, 21.00, 0.00, 1, 0.00, '0', '2012-10-11 20:24:34', 'tiagoadm', '2'),
(16, 1, 1, 3.50, 5.00, 1.50, 1, 0.00, '0', '2012-10-13 13:37:11', 'tiagoadm', '2'),
(17, 0, 3, 14.00, 14.00, 0.00, 1, 0.00, '0', '2012-10-15 14:30:59', 'edimilson', '2'),
(18, 0, 1, 14.00, 100.00, 86.00, 1, 0.00, '0', '2012-10-13 13:49:00', 'tiagoadm', '2'),
(19, 1, 1, 3.50, 3.50, 0.00, 1, 0.00, '0', '2012-10-13 14:35:00', 'tiagoadm', '2'),
(20, 0, 1, 13.50, 15.00, 1.50, 1, 0.00, '0', '2012-10-16 12:42:21', 'tiagoadm', '2'),
(22, 8, 6, 200.00, 120.00, 0.00, 2, 0.00, '0', '2012-10-16 14:09:24', 'tiagoadm', '2'),
(23, 9, 6, 300.00, 150.00, 0.00, 3, 0.00, '0', '2012-10-16 21:04:44', 'tiagoadm', '2'),
(24, 0, 1, 22.00, 25.00, 3.00, 1, 0.70, '0', '2012-10-18 13:50:29', 'tiagoadm', '2'),
(25, 0, 1, 8.00, 10.00, 2.00, 1, 0.00, '0', '2012-10-18 15:41:36', 'tiagoadm', '2'),
(26, 0, 6, 180.00, 90.00, 0.00, 2, 0.00, '0', '2012-10-20 14:13:00', 'tiagoadm', '2'),
(27, 0, 5, 1200.00, 1200.00, 0.00, 1, 0.00, '0', '2012-10-20 14:54:09', 'tiagoadm', '2'),
(28, 0, 1, 40.00, 40.00, 0.00, 1, 0.00, '0', '2012-10-24 14:38:27', 'tiagoadm', '2'),
(29, 0, 1, 21.50, 22.00, 0.50, 1, 0.00, '0', '2012-10-21 13:29:44', 'edimilson', '2'),
(30, 0, 1, 26.00, 30.00, 4.00, 1, 0.00, '0', '2012-10-22 20:00:24', 'edimilson', '2'),
(31, 0, 1, 45.00, 45.00, 0.00, 1, 0.00, '0', '2012-11-16 20:12:33', 'edimilson', '2'),
(32, 0, 1, 20.00, 20.00, 0.00, 1, 0.00, '0', '2012-10-25 15:20:27', 'tiagoadm', '2'),
(33, 0, 1, 15.00, 15.00, 0.00, 1, 0.00, '0', '2012-10-26 14:39:27', 'tiagoadm', '2'),
(34, 0, 1, 1.00, 1.00, 0.00, 1, 0.00, '0', '2012-10-27 15:20:11', 'tiagoadm', '2'),
(35, 0, 1, 33.00, 50.00, 17.00, 1, 0.00, '0', '2012-10-27 15:20:37', 'tiagoadm', '2'),
(36, 0, 1, 2.00, 2.00, 0.00, 1, 0.00, '0', '2012-10-29 12:39:41', 'tiagoadm', '2'),
(37, 0, 3, 25.35, 25.35, 0.00, 1, 0.65, '0', '2012-10-29 12:41:47', 'tiagoadm', '2'),
(38, 0, 3, 14.50, 0.00, 0.00, 1, 0.00, '0', '2012-10-29 18:55:30', 'tiagoadm', '2'),
(39, 0, 1, 2.00, 2.00, 0.00, 1, 0.00, '0', '2012-10-29 19:00:48', 'tiagoadm', '2'),
(40, 0, 1, 2.00, 2.00, 0.00, 1, 0.00, '0', '2012-10-30 16:06:46', 'tiagoadm', '2'),
(41, 0, 1, 9.00, 20.00, 11.00, 1, 0.00, '0', '2012-10-31 21:13:43', 'tiagoadm', '2'),
(42, 0, 1, 8.00, 10.00, 2.00, 1, 0.00, '0', '2012-11-03 13:09:53', 'tiagoadm', '2'),
(43, 0, 1, 14.00, 15.00, 1.00, 1, 0.00, '0', '2012-11-03 13:10:21', 'tiagoadm', '2'),
(44, 0, 1, 36.00, 36.00, 0.00, 1, 0.00, '0', '2012-11-05 15:15:35', 'tiagoadm', '2'),
(45, 0, 1, 21.00, 21.00, 0.00, 1, 0.00, '0', '2012-11-07 14:12:53', 'tiagoadm', '2'),
(47, 0, 1, 18.00, 20.00, 2.00, 1, 0.00, '0', '2012-11-08 13:09:47', 'tiagoadm', '2'),
(48, 0, 1, 1.00, 1.00, 0.00, 1, 0.00, '0', '2012-11-08 13:11:22', 'tiagoadm', '2'),
(49, 10, 6, 7416.00, 309.00, 0.00, 23, 0.00, '0', '2012-11-08 14:18:30', 'tiagoadm', '2'),
(50, 0, 1, 14.00, 14.00, 0.00, 1, 0.00, '0', '2012-11-08 14:22:07', 'tiagoadm', '2'),
(51, 0, 1, 14.00, 14.00, 0.00, 1, 0.00, '0', '2012-11-08 19:14:53', 'tiagoadm', '2'),
(52, 0, 1, 2.00, 5.00, 3.00, 1, 0.00, '0', '2012-11-09 16:07:38', 'tiagoadm', '2'),
(53, 0, 2, 1000.00, 300.00, 0.00, 4, 0.00, '0', '2012-11-09 19:11:56', 'tiagoadm', '2'),
(54, 12, 6, 700.00, 0.00, 0.00, 10, 0.00, '0', '2012-11-10 12:40:01', 'tiagoadm', '2'),
(55, 0, 1, 16.00, 20.00, 4.00, 1, 0.00, '0', '2012-11-10 20:17:08', 'tiagoadm', '2'),
(56, 1, 1, 16.00, 20.00, 4.00, 1, 0.00, '0', '2012-11-12 16:20:23', 'tiagoadm', '2'),
(57, 0, 1, 14.00, 24.00, 10.00, 1, 0.00, '0', '2012-11-13 15:25:38', 'tiagoadm', '2'),
(58, 0, 1, 36.00, 50.00, 14.00, 1, 0.00, '0', '2012-11-16 11:56:19', 'tiagoADM', '2'),
(59, 0, 1, 55.00, 55.00, 0.00, 1, 0.00, '0', '2012-11-16 11:56:55', 'tiagoadm', '2'),
(60, 0, 1, 14.00, 50.00, 36.00, 1, 0.00, '0', '2012-11-16 12:24:26', 'tiagoadm', '2'),
(61, 0, 1, 14.00, 20.00, 6.00, 1, 0.00, '0', '2012-11-16 16:48:20', 'tiagoadm', '2'),
(62, 0, 1, 17.00, 20.00, 3.00, 1, 0.00, '0', '2012-11-17 12:16:26', 'tiagoadm', '2'),
(63, 0, 1, 16.00, 16.00, 0.00, 1, 0.00, '0', '2012-11-19 17:20:49', 'tiagoadm', '2'),
(64, 0, 1, 32.00, 32.00, 0.00, 1, 0.00, '0', '2012-11-19 17:26:11', 'tiagoadm', '2'),
(65, 0, 1, 17.00, 20.00, 3.00, 1, 0.00, '0', '2012-11-19 20:09:10', 'tiagoadm', '2'),
(66, 13, 1, 750.00, 750.00, 0.00, 1, 0.00, '0', '2012-11-20 12:31:45', 'tiagoadm', '2'),
(67, 0, 1, 41.00, 41.00, 0.00, 1, 0.00, '0', '2012-11-20 12:45:27', 'tiagoadm', '2'),
(68, 14, 2, 880.00, 200.00, 0.00, 3, 0.00, '0', '2012-11-20 14:10:29', 'tiagoadm', '2'),
(69, 0, 1, 120.00, 120.00, 0.00, 1, 0.00, '0', '2012-11-20 14:22:11', 'tiagoadm', '2'),
(70, 15, 6, 280.00, 0.00, 0.00, 4, 0.00, '0', '2012-11-20 16:07:16', 'tiagoadm', '2'),
(71, 0, 3, 12.00, 0.00, 0.00, 1, 0.00, '0', '2012-11-21 13:00:46', 'tiagoadm', '2'),
(72, 0, 1, 50.00, 50.00, 0.00, 1, 0.00, '0', '2012-11-22 15:23:39', 'tiagoadm', '2'),
(73, 0, 1, 14.00, 20.00, 6.00, 1, 0.00, '0', '2012-12-06 19:06:26', 'edimilson', '2'),
(74, 0, 2, 17.00, 0.00, 0.00, 1, 0.00, '0', '2012-11-23 18:28:29', 'tiagoadm', '2'),
(75, 0, 1, 4.00, 5.00, 1.00, 1, 0.00, '0', '2012-11-24 13:28:06', 'tiagoadm', '2'),
(76, 0, 1, 2.00, 5.00, 3.00, 1, 0.00, '0', '2012-11-24 14:16:03', 'tiagoadm', '2'),
(77, 0, 1, 100.00, 100.00, 0.00, 1, 0.00, '0', '2012-11-24 15:44:38', 'tiagoadm', '2'),
(78, 0, 1, 20.00, 20.00, 0.00, 1, 0.00, '0', '2012-11-26 13:34:14', 'tiagoadm', '2'),
(79, 0, 1, 12.00, 20.00, 8.00, 1, 0.00, '0', '2012-11-26 13:34:45', 'tiagoadm', '2'),
(80, 0, 1, 35.00, 50.00, 15.00, 1, 0.00, '0', '2012-11-26 15:44:56', 'tiagoadm', '2'),
(81, 0, 1, 12.00, 20.00, 8.00, 1, 0.00, '0', '2012-11-27 18:57:34', 'tiagoadm', '2'),
(82, 0, 1, 16.00, 50.00, 34.00, 1, 0.00, '0', '2012-11-28 13:26:32', 'tiagoadm', '2'),
(83, 0, 1, 27.00, 50.00, 23.00, 1, 0.00, '0', '2012-11-28 16:08:43', 'tiagoadm', '2'),
(84, 9, 1, 16.00, 16.00, 0.00, 1, 0.00, '0', '2012-11-30 16:33:58', 'tiagoadm', '2'),
(85, 0, 1, 21.00, 22.00, 1.00, 1, 0.00, '0', '2012-12-01 14:39:35', 'tiagoadm', '2'),
(86, 0, 1, 20.00, 20.00, 0.00, 1, 0.00, '0', '2012-12-01 14:57:08', 'tiagoadm', '2'),
(87, 0, 1, 16.50, 20.00, 3.50, 1, 0.00, '0', '2012-12-03 16:03:37', 'tiagoadm', '2'),
(88, 17, 6, 3400.00, 1000.00, 0.00, 8, 0.00, '0', '2012-12-04 13:47:36', 'tiagoadm', '2'),
(89, 0, 1, 15.00, 20.00, 5.00, 1, 0.00, '0', '2012-12-04 17:00:47', 'tiagoadm', '2'),
(90, 0, 3, 15.00, 0.00, 0.00, 1, 0.00, '0', '2012-12-04 19:55:15', 'tiagoadm', '2'),
(91, 0, 3, 20.00, 0.00, 0.00, 1, 0.00, '0', '2012-12-04 19:55:54', 'tiagoadm', '2'),
(92, 0, 2, 36.00, 0.00, 0.00, 1, 0.00, '0', '2012-12-05 16:08:13', 'tiagoadm', '2'),
(93, 0, 1, 30.00, 30.00, 0.00, 1, 0.00, '0', '2012-12-05 19:19:24', 'tiagoadm', '2'),
(94, 0, 1, 90.00, 100.00, 10.00, 1, 0.00, '0', '2012-12-05 20:39:28', 'tiagoadm', '2'),
(95, 0, 1, 20.00, 20.00, 0.00, 1, 0.00, '0', '2012-12-06 12:04:15', 'tiagoadm', '2'),
(96, 0, 1, 6.50, 10.00, 3.50, 1, 0.00, '0', '2012-12-06 12:05:31', 'tiagoadm', '2'),
(97, 0, 1, 4.50, 5.00, 0.50, 1, 0.00, '0', '2012-12-06 15:10:38', 'tiagoadm', '2'),
(98, 0, 1, 35.00, 50.00, 15.00, 1, 5.00, '0', '2012-12-06 15:52:38', 'tiagoadm', '2'),
(99, 0, 1, 15.00, 15.00, 0.00, 1, 1.00, '0', '2012-12-07 11:48:25', 'tiagoadm', '2'),
(100, 0, 1, 12.00, 12.00, 0.00, 1, 0.00, '0', '2012-12-11 11:34:21', 'edimilson', '2'),
(101, 0, 2, 276.00, 0.00, 0.00, 4, 0.00, '0', '2012-12-07 15:36:11', 'tiagoadm', '2'),
(102, 0, 1, 8.00, 10.00, 2.00, 1, 0.00, '0', '2012-12-07 15:59:03', 'tiagoadm', '2'),
(103, 0, 1, 600.00, 600.00, 0.00, 1, 0.00, '0', '2012-12-07 17:55:21', 'tiagoadm', '2'),
(104, 0, 6, 200.00, 100.00, 0.00, 2, 0.00, '0', '2012-12-07 19:12:37', 'tiagoadm', '2'),
(105, 0, 1, 19.00, 19.00, 0.00, 1, 0.00, '0', '2012-12-07 20:10:43', 'tiagoadm', '2'),
(106, 0, 1, 32.00, 50.00, 18.00, 1, 0.00, '0', '2012-12-08 16:02:27', 'tiagoadm', '2'),
(107, 0, 1, 13.00, 100.00, 87.00, 1, 0.50, '0', '2012-12-08 16:03:28', 'tiagoadm', '2'),
(108, 0, 1, 53.00, 53.00, 0.00, 1, 0.50, '0', '2012-12-10 17:59:09', 'tiagoadm', '2'),
(109, 0, 1, 8.00, 9.00, 1.00, 1, 0.99, '0', '2012-12-11 15:53:39', 'tiagoadm', '2'),
(110, 0, 1, 21.50, 22.50, 1.00, 1, 0.00, '0', '2012-12-11 12:51:59', 'edimilson', '2'),
(111, 1, 1, 40.00, 40.00, 0.00, 1, 2.00, '0', '2012-12-17 16:21:49', 'edimilson', '2'),
(112, 0, 2, 6.00, 0.00, 0.00, 1, 0.20, '0', '2012-12-12 18:04:25', 'tiagoadm', '2'),
(113, 0, 1, 4.00, 5.00, 1.00, 1, 0.00, '0', '2012-12-13 15:28:25', 'tiagoadm', '2'),
(114, 0, 1, 20.00, 20.00, 0.00, 1, 1.50, '0', '2012-12-13 16:52:15', 'tiagoadm', '2'),
(115, 0, 1, 29.00, 50.00, 21.00, 1, 0.00, '0', '2012-12-14 19:26:14', 'tiagoadm', '2'),
(116, 0, 1, 28.00, 50.00, 22.00, 1, 0.00, '0', '2012-12-15 13:35:00', 'tiagoadm', '2'),
(117, 0, 1, 17.00, 20.00, 3.00, 1, 3.00, '0', '2012-12-15 14:20:22', 'tiagoadm', '2'),
(118, 0, 1, 20.00, 20.00, 0.00, 1, 2.00, '0', '2012-12-15 14:55:16', 'tiagoadm', '2'),
(119, 0, 1, 10.00, 10.00, 0.00, 1, 0.00, '0', '2012-12-17 12:26:19', 'tiagoadm', '2'),
(120, 0, 1, 2.00, 5.00, 3.00, 1, 0.00, '0', '2012-12-19 12:50:25', 'tiagoadm', '2'),
(121, 0, 1, 17.50, 20.00, 2.50, 1, 6.00, '0', '2012-12-17 17:05:52', 'edimilson', '2'),
(122, 0, 3, 27.00, 27.00, 0.00, 1, 1.00, '0', '2012-12-18 20:14:28', 'edimilson', '2'),
(123, 0, 2, 370.00, 370.00, 0.00, 3, 0.00, '0', '2012-12-18 20:28:21', 'edimilson', '2'),
(124, 20, 6, 628.00, 80.00, 0.00, 8, 0.00, '0', '2013-01-04 19:50:46', 'edimilson', '2'),
(125, 0, 2, 20.89, 0.00, 0.00, 1, 1.11, '0', '2012-12-19 16:49:25', 'tiagoadm', '2'),
(126, 0, 1, 14.00, 20.00, 6.00, 1, 0.00, '0', '2012-12-20 20:57:56', 'tiagoadm', '2'),
(127, 0, 1, 18.00, 20.00, 2.00, 1, 0.00, '0', '2012-12-21 12:34:31', 'tiagoadm', '2'),
(128, 0, 1, 22.00, 50.00, 28.00, 1, 0.00, '0', '2012-12-21 16:55:45', 'tiagoadm', '2'),
(129, 18, 6, 930.00, 93.00, 0.00, 9, 0.00, '0', '2012-12-21 18:32:36', 'TIAGOADM', '2'),
(130, 0, 1, 24.00, 24.00, 0.00, 1, 4.00, '0', '2012-12-22 14:10:51', 'tiagoadm', '2'),
(131, 0, 1, 36.00, 40.00, 4.00, 1, 0.00, '0', '2012-12-22 14:35:44', 'tiagoadm', '2'),
(132, 0, 1, 36.00, 50.00, 14.00, 1, 0.00, '0', '2012-12-26 13:09:10', 'tiagoadm', '2'),
(133, 0, 1, 24.00, 30.00, 6.00, 1, 0.00, '0', '2012-12-27 15:50:20', 'tiagoadm', '2'),
(134, 0, 1, 22.00, 30.00, 8.00, 1, 0.00, '0', '2012-12-27 17:38:06', 'tiagoadm', '2'),
(135, 0, 1, 16.00, 16.00, 0.00, 1, 0.00, '0', '2012-12-27 17:50:21', 'tiagoadm', '2'),
(136, 0, 2, 60.00, 0.00, 0.00, 1, 0.00, '0', '2012-12-27 20:07:41', 'tiagoadm', '2'),
(137, 0, 1, 14.00, 20.00, 6.00, 1, 0.00, '0', '2012-12-28 13:13:24', 'tiagoadm', '2'),
(138, 19, 6, 560.00, 70.00, 0.00, 10, 0.00, '0', '2012-12-28 14:42:35', 'tiagoadm', '2'),
(139, 0, 1, 14.00, 14.00, 0.00, 1, 0.00, '0', '2012-12-28 14:58:45', 'tiagoadm', '2'),
(140, 0, 1, 4.00, 4.00, 0.00, 1, 0.00, '0', '2013-01-02 13:55:18', 'tiagoadm', '2'),
(141, 0, 1, 8.00, 9.00, 1.00, 1, 0.00, '0', '2013-01-02 15:32:45', 'tiagoadm', '2'),
(142, 0, 1, 14.00, 20.00, 6.00, 1, 0.00, '0', '2013-01-02 15:33:16', 'tiagoadm', '2'),
(143, 0, 2, 30.00, 0.00, 0.00, 1, 0.00, '0', '2013-01-03 14:33:05', 'tiagoadm', '2'),
(144, 0, 1, 15.00, 15.00, 0.00, 1, 0.00, '0', '2013-01-04 17:06:24', 'tiagoadm', '2'),
(145, 0, 3, 40.00, 0.00, 0.00, 1, 0.00, '0', '2013-01-05 12:15:35', 'tiagoadm', '2'),
(146, 0, 1, 6.20, 6.20, 0.00, 1, 0.00, '0', '2013-01-04 20:24:51', 'edimilson', '2'),
(147, 0, 1, 2.00, 50.00, 48.00, 1, 0.00, '0', '2013-01-04 21:15:49', 'edimilson', '2'),
(148, 0, 3, 38.00, 0.00, 0.00, 1, 0.00, '0', '2013-01-12 14:25:36', 'edimilson', '2'),
(149, 0, 1, 18.00, 20.00, 2.00, 1, 0.00, '0', '2013-01-05 14:17:13', 'tiagoadm', '2'),
(150, 0, 1, 32.00, 32.00, 0.00, 1, 0.00, '0', '2013-01-05 14:34:45', 'tiagoadm', '2'),
(151, 0, 1, 12.00, 12.00, 0.00, 1, 0.00, '0', '2013-01-07 13:16:11', 'tiagoadm', '2'),
(152, 0, 1, 20.00, 20.00, 0.00, 1, 0.00, '0', '2013-01-07 13:16:50', 'tiagoadm', '2'),
(153, 0, 1, 20.00, 50.00, 30.00, 1, 0.00, '0', '2013-01-07 13:27:46', 'tiagoadm', '2'),
(154, 0, 1, 20.00, 20.00, 0.00, 1, 1.00, '0', '2013-01-07 20:30:02', 'tiagoadm', '2'),
(155, 0, 1, 14.00, 14.00, 0.00, 1, 0.00, '0', '2013-01-09 14:28:08', 'tiagoadm', '2'),
(157, 0, 2, 45.00, 0.00, 0.00, 1, 0.00, '0', '2013-01-10 16:59:56', 'tiagoadm', '2'),
(158, 0, 1, 12.00, 12.00, 0.00, 1, 0.00, '0', '2013-01-10 17:18:41', 'tiagoadm', '2'),
(159, 0, 1, 35.00, 50.00, 15.00, 1, 0.00, '0', '2013-01-11 18:58:40', 'tiagoadm', '2'),
(160, 0, 1, 65.00, 80.00, 15.00, 1, 6.00, '0', '2013-01-11 19:13:50', 'tiagoadm', '2'),
(161, 21, 6, 2500.00, 500.00, 0.00, 8, 100.00, '0', '2013-01-12 12:32:15', 'tiagoadm', '2'),
(162, 0, 1, 16.00, 20.00, 4.00, 1, 0.00, '0', '2013-01-12 12:34:25', 'tiagoadm', '2'),
(163, 22, 6, 950.00, 100.00, 0.00, 10, 0.00, '0', '2013-01-14 12:47:26', 'tiagoadm', '2'),
(164, 0, 1, 27.00, 27.00, 0.00, 1, 0.00, '0', '2013-01-15 17:18:55', 'edimilson', '2'),
(165, 0, 1, 30.00, 30.00, 0.00, 1, 2.40, '0', '2013-01-15 20:29:25', 'tiagoadm', '2'),
(166, 0, 1, 13.00, 13.00, 0.00, 1, 0.50, '0', '2013-01-15 20:13:34', 'edimilson', '2'),
(167, 0, 3, 39.00, 0.00, 0.00, 1, 0.00, '0', '2013-01-21 12:09:06', 'edimilson', '2'),
(168, 0, 1, 13.50, 15.00, 1.50, 1, 0.00, '0', '2013-01-17 19:47:53', 'tiagoadm', '2'),
(169, 0, 3, 520.00, 300.00, 0.00, 1, 30.00, '0', '2013-01-19 13:02:06', 'tiagoadm', '2'),
(170, 0, 1, 8.00, 9.00, 1.00, 1, 0.00, '0', '2013-01-19 15:07:17', 'tiagoadm', '2'),
(171, 0, 1, 36.00, 36.00, 0.00, 1, 0.00, '0', '2013-01-19 15:08:07', 'tiagoadm', '2'),
(172, 0, 3, 23.50, 0.00, 0.00, 1, 0.00, '0', '2013-01-19 15:23:24', 'tiagoadm', '2'),
(173, 0, 1, 200.00, 200.00, 0.00, 1, 0.00, '0', '2013-01-21 21:07:39', 'tiagoadm', '2'),
(174, 0, 1, 12.00, 15.00, 3.00, 1, 0.00, '0', '2013-01-22 13:41:36', 'tiagoadm', '2'),
(175, 0, 1, 3.00, 5.00, 2.00, 1, 0.00, '0', '2013-01-22 13:41:59', 'tiagoadm', '2'),
(176, 0, 1, 60.00, 60.00, 0.00, 1, 12.00, '0', '2013-01-22 14:30:04', 'tiagoadm', '2'),
(177, 0, 1, 16.00, 16.00, 0.00, 1, 0.00, '0', '2013-01-22 19:50:36', 'tiagoadm', '2'),
(178, 0, 1, 4.00, 4.00, 0.00, 1, 0.00, '0', '2013-01-23 13:06:43', 'tiagoadm', '2'),
(179, 0, 1, 2.00, 2.00, 0.00, 1, 0.00, '0', '2013-01-24 11:58:17', 'tiagoadm', '2'),
(180, 0, 1, 13.50, 20.00, 6.50, 1, 0.00, '0', '2013-01-24 16:44:25', 'tiagoadm', '2'),
(181, 0, 1, 20.00, 20.00, 0.00, 1, 0.00, '0', '2013-01-24 17:57:46', 'tiagoadm', '2'),
(182, 0, 6, 371.00, 0.00, 0.00, 1, 0.00, '0', '2013-01-24 18:59:07', 'tiagoadm', '2'),
(183, 0, 3, 36.00, 11.00, 0.00, 1, 0.00, '0', '2013-01-25 12:59:05', 'tiagoadm', '2'),
(184, 0, 1, 52.00, 52.00, 0.00, 1, 0.00, '0', '2013-01-25 13:01:42', 'tiagoadm', '2'),
(185, 0, 1, 8.00, 20.00, 12.00, 1, 0.00, '0', '2013-01-26 14:40:38', 'tiagoadm', '2'),
(186, 0, 1, 8.00, 50.00, 42.00, 1, 0.00, '0', '2013-01-26 14:49:40', 'tiagoadm', '2'),
(187, 0, 1, 30.00, 30.00, 0.00, 1, 0.00, '0', '2013-01-26 15:34:41', 'tiagoadm', '2'),
(188, 0, 2, 29.00, 0.00, 0.00, 1, 0.00, '0', '2013-01-26 15:35:58', 'tiagoadm', '2'),
(189, 0, 1, 215.00, 220.00, 5.00, 1, 0.00, '0', '2013-01-29 14:06:04', 'tiagoadm', '2'),
(190, 0, 1, 6.40, 10.00, 3.60, 1, 0.00, '0', '2013-01-28 15:08:44', 'edimilson', '2'),
(191, 26, 6, 510.00, 235.00, 0.00, 2, 0.00, '0', '2013-01-28 15:59:18', 'edimilson', '2'),
(192, 0, 3, 15.00, 0.00, 0.00, 1, 0.00, '0', '2013-01-28 16:00:44', 'edimilson', '2'),
(193, 0, 3, 12.00, 0.00, 0.00, 1, 0.00, '0', '2013-01-28 16:49:54', 'edimilson', '2'),
(194, 0, 1, 6.00, 10.00, 4.00, 1, 0.20, '0', '2013-01-28 18:29:04', 'edimilson', '2'),
(195, 0, 3, 42.00, 20.00, 0.00, 1, 0.00, '0', '2013-02-05 19:29:58', 'edimilson', '2'),
(196, 0, 2, 53.00, 0.00, 0.00, 1, 0.00, '0', '2013-01-29 14:07:50', 'tiagoadm', '2'),
(197, 0, 1, 20.00, 20.00, 0.00, 1, 1.50, '0', '2013-01-29 14:32:01', 'tiagoadm', '2'),
(198, 24, 6, 292.60, 0.00, 0.00, 1, 0.00, '0', '2013-01-29 14:45:06', 'tiagoadm', '2'),
(199, 0, 3, 144.00, 0.00, 0.00, 1, 17.00, '0', '2013-01-29 16:03:22', 'tiagoadm', '2'),
(200, 28, 7, 416.00, 320.00, 0.00, 1, 0.00, '0', '2013-01-29 16:49:34', 'tiagoadm', '2'),
(201, 0, 1, 20.00, 20.00, 0.00, 1, 0.00, '0', '2013-01-30 17:48:56', 'tiagoadm', '2'),
(202, 0, 1, 5.00, 20.00, 15.00, 1, 0.00, '0', '2013-01-31 19:53:26', 'tiagoadm', '2'),
(203, 0, 1, 8.00, 10.00, 2.00, 1, 0.00, '0', '2013-02-01 16:01:10', 'tiagoadm', '2'),
(204, 0, 1, 3.00, 4.00, 1.00, 1, 0.00, '0', '2013-02-01 19:30:00', 'tiagoadm', '2'),
(205, 0, 2, 75.00, 0.00, 0.00, 1, 0.00, '0', '2013-02-02 12:42:40', 'tiagoadm', '2'),
(206, 0, 3, 36.00, 0.00, 0.00, 1, 0.00, '0', '2013-02-02 12:59:32', 'tiagoadm', '2'),
(207, 0, 2, 550.00, 0.00, 0.00, 3, 0.00, '0', '2013-02-02 14:06:12', 'tiagoadm', '2'),
(208, 0, 2, 40.00, 0.00, 0.00, 1, 10.00, '0', '2013-02-02 14:06:57', 'tiagoadm', '2'),
(209, 0, 3, 15.00, 0.00, 0.00, 1, 0.00, '0', '2013-02-03 14:50:49', 'tiagoadm', '2'),
(210, 0, 3, 50.00, 0.00, 0.00, 1, 6.00, '0', '2013-02-03 14:54:19', 'tiagoadm', '2'),
(211, 0, 4, 424.00, 106.00, 0.00, 1, 0.00, '0', '2013-02-04 12:32:40', 'tiagoadm', '2'),
(212, 0, 1, 13.00, 20.00, 7.00, 1, 0.00, '0', '2013-02-05 16:24:58', 'tiagoadm', '2'),
(213, 0, 4, 680.00, 530.00, 0.00, 1, 120.00, '0', '2013-02-06 13:33:19', 'tiagoadm', '2'),
(214, 0, 1, 65.00, 65.00, 0.00, 1, 0.00, '0', '2013-02-14 20:27:01', 'edimilson', '2'),
(215, 0, 3, 13.50, 0.00, 0.00, 1, 0.00, '0', '2013-02-06 18:29:25', 'tiagoadm', '2'),
(216, 0, 1, 20.00, 20.00, 0.00, 1, 0.00, '0', '2013-02-06 20:18:14', 'tiagoadm', '2'),
(217, 0, 1, 85.00, 105.00, 20.00, 1, 0.00, '0', '2013-02-07 17:23:57', 'tiagoadm', '2'),
(218, 15, 6, 1200.00, 800.00, 0.00, 4, 0.00, '0', '2013-02-08 12:24:21', 'tiagoadm', '2'),
(219, 29, 6, 768.00, 200.00, 0.00, 5, 0.00, '0', '2013-02-08 17:27:05', 'tiagoadm', '2'),
(220, 0, 1, 14.00, 14.00, 0.00, 1, 1.00, '0', '2013-02-08 19:51:33', 'tiagoadm', '2'),
(221, 0, 1, 20.00, 50.00, 30.00, 1, 0.00, '0', '2013-02-09 13:16:09', 'tiagoadm', '2'),
(222, 0, 1, 1.00, 1.00, 0.00, 1, 0.00, '0', '2013-02-09 13:42:59', 'tiagoadm', '2'),
(223, 0, 1, 13.00, 20.00, 7.00, 1, 0.00, '0', '2013-02-09 15:14:57', 'tiagoadm', '2'),
(224, 0, 1, 8.00, 10.00, 2.00, 1, 0.00, '0', '2013-02-11 11:44:39', 'tiagoadm', '2'),
(225, 25, 3, 300.00, 100.00, 0.00, 1, 0.00, '0', '2013-02-11 11:46:47', 'tiagoadm', '2'),
(226, 0, 1, 14.00, 20.00, 6.00, 1, 1.00, '0', '2013-02-11 14:11:45', 'tiagoadm', '2'),
(227, 0, 1, 13.70, 13.70, 0.00, 1, 0.30, '0', '2013-02-11 14:45:49', 'tiagoadm', '2'),
(228, 0, 1, 20.00, 20.00, 0.00, 1, 1.00, '0', '2013-02-13 17:38:57', 'tiagoadm', '2'),
(229, 0, 1, 4.50, 5.00, 0.50, 1, 0.00, '0', '2013-02-13 19:12:31', 'tiagoadm', '2'),
(230, 30, 6, 414.00, 0.00, 0.00, 1, 0.00, '0', '2013-02-14 12:38:49', 'TIAGOADM', '2'),
(231, 0, 1, 10.00, 10.00, 0.00, 1, 0.00, '0', '2013-02-14 15:42:25', 'tiagoadm', '2'),
(232, 0, 1, 8.00, 20.00, 12.00, 1, 3.00, '0', '2013-02-14 18:53:49', 'tiagoadm', '2'),
(233, 0, 1, 18.00, 50.00, 32.00, 1, 0.00, '0', '2013-02-15 14:16:33', 'tiagoadm', '2'),
(234, 0, 3, 17.00, 0.00, 0.00, 1, 0.00, '0', '2013-02-14 20:43:23', 'edimilson', '2'),
(235, 0, 1, 1.90, 2.00, 0.10, 1, 0.00, '0', '2013-02-16 13:50:21', 'edimilson', '2'),
(236, 0, 1, 10.00, 20.00, 10.00, 1, 0.00, '0', '2013-02-16 12:11:01', 'tiagoadm', '2'),
(237, 0, 1, 200.00, 200.00, 0.00, 1, 0.00, '0', '2013-02-16 18:51:15', 'tiagoadm', '2'),
(238, 0, 1, 40.00, 40.00, 0.00, 1, 0.00, '0', '2013-02-16 14:42:31', 'edimilson', '2'),
(239, 0, 1, 6.00, 10.00, 4.00, 1, 0.00, '0', '2013-02-21 19:53:16', 'edimilson', '2'),
(240, 0, 1, 20.00, 50.00, 30.00, 1, 0.00, '0', '2013-02-16 18:51:48', 'tiagoadm', '2'),
(241, 0, 1, 20.00, 20.00, 0.00, 1, 0.00, '0', '2013-02-18 14:50:42', 'tiagoadm', '2'),
(242, 0, 1, 13.00, 13.00, 0.00, 1, 0.50, '0', '2013-02-18 18:17:52', 'tiagoadm', '2'),
(243, 31, 6, 371.00, 0.00, 0.00, 1, 0.00, '0', '2013-02-18 19:18:10', 'tiagoadm', '2'),
(244, 32, 6, 371.00, 0.00, 0.00, 1, 0.00, '0', '2013-02-18 19:18:39', 'tiagoadm', '2'),
(245, 0, 1, 20.00, 20.00, 0.00, 1, 0.00, '0', '2013-02-19 19:34:45', 'tiagoadm', '2'),
(246, 0, 1, 15.00, 20.00, 5.00, 1, 1.00, '0', '2013-02-19 19:42:06', 'tiagoadm', '2'),
(247, 0, 1, 3.00, 5.00, 2.00, 1, 0.00, '0', '2013-02-19 21:02:33', 'tiagoadm', '2'),
(248, 0, 1, 20.00, 20.00, 0.00, 1, 0.00, '0', '2013-02-20 20:22:29', 'tiagoadm', '2'),
(249, 0, 1, 15.00, 50.00, 35.00, 1, 0.00, '0', '2013-02-21 21:21:16', 'tiagoadm', '2'),
(250, 0, 3, 91.00, 0.00, 0.00, 1, 0.00, '0', '2013-03-04 21:16:52', 'edimilson', '2'),
(251, 0, 2, 73.00, 0.00, 0.00, 1, 0.00, '0', '2013-02-23 13:55:19', 'tiagoadm', '2'),
(252, 0, 1, 9.00, 9.00, 0.00, 1, 0.00, '0', '2013-02-23 13:56:12', 'tiagoadm', '2'),
(253, 0, 1, 15.00, 50.00, 35.00, 1, 0.00, '0', '2013-02-23 15:05:39', 'tiagoadm', '2'),
(254, 0, 2, 40.00, 0.00, 0.00, 1, 0.90, '0', '2013-02-23 15:06:04', 'tiagoadm', '2'),
(255, 34, 6, 292.60, 0.00, 0.00, 1, 0.00, '0', '2013-02-27 13:00:39', 'tiagoadm', '2'),
(256, 0, 1, 15.00, 20.00, 5.00, 1, 0.00, '0', '2013-02-27 18:08:19', 'tiagoadm', '2'),
(257, 0, 1, 24.00, 50.00, 26.00, 1, 0.00, '0', '2013-02-28 17:42:13', 'tiagoadm', '2'),
(258, 0, 1, 3.50, 5.00, 1.50, 1, 0.00, '0', '2013-02-28 19:19:55', 'tiagoadm', '2'),
(259, 0, 3, 41.00, 0.00, 0.00, 1, 0.00, '0', '2013-03-02 13:29:11', 'tiagoadm', '2'),
(260, 0, 1, 9.00, 10.00, 1.00, 1, 0.00, '0', '2013-03-02 14:31:38', 'tiagoadm', '2'),
(261, 0, 3, 17.00, 0.00, 0.00, 1, 0.00, '0', '2013-03-02 14:53:22', 'tiagoadm', '2'),
(262, 0, 1, 20.00, 20.00, 0.00, 1, 1.00, '0', '2013-03-02 15:23:58', 'tiagoadm', '2'),
(263, 0, 1, 7.00, 7.00, 0.00, 1, 0.00, '0', '2013-03-04 13:22:24', 'tiagoadm', '2'),
(264, 0, 1, 55.00, 60.00, 5.00, 1, 0.00, '0', '2013-03-04 14:09:38', 'tiagoadm', '2'),
(265, 33, 6, 800.00, 100.00, 0.00, 7, 0.00, '0', '2013-03-04 19:11:12', 'tiagoadm', '2'),
(266, 0, 1, 30.00, 40.00, 10.00, 1, 1.00, '0', '2013-03-12 18:33:19', 'tiagoadm', '2'),
(267, 0, 3, 14.00, 0.00, 0.00, 1, 0.00, '0', '2013-03-04 21:23:24', 'edimilson', '2'),
(268, 0, 1, 25.00, 25.00, 0.00, 1, 0.00, '0', '2013-03-05 14:26:00', 'edimilson', '2'),
(269, 0, 1, 10.00, 10.00, 0.00, 1, 0.00, '0', '2013-03-05 14:28:39', 'edimilson', '2'),
(270, 0, 1, 1.50, 5.00, 3.50, 1, 0.00, '0', '2013-03-05 15:05:40', 'edimilson', '2'),
(271, 0, 1, 15.00, 20.00, 5.00, 1, 0.00, '0', '2013-03-06 18:07:24', 'edimilson', '2'),
(272, 0, 1, 13.00, 13.00, 0.00, 1, 0.00, '0', '2013-03-06 18:18:52', 'edimilson', '2'),
(273, 0, 1, 12.00, 12.00, 0.00, 1, 0.00, '0', '2013-03-06 19:46:10', 'edimilson', '2'),
(274, 0, 1, 30.00, 30.00, 0.00, 1, 0.00, '0', '2013-03-06 20:44:41', 'edimilson', '2'),
(275, 0, 1, 15.00, 20.00, 5.00, 1, 0.00, '0', '2013-03-07 15:55:54', 'edimilson', '2'),
(276, 0, 1, 22.00, 40.00, 18.00, 1, 0.00, '0', '2013-03-08 16:00:16', 'edimilson', '2'),
(277, 0, 3, 11.00, 11.00, 0.00, 1, 0.00, '0', '2013-03-08 20:05:45', 'edimilson', '2'),
(278, 0, 2, 42.40, 0.00, 0.00, 1, 0.00, '0', '2013-03-08 20:07:54', 'edimilson', '2'),
(279, 0, 1, 10.00, 10.00, 0.00, 1, 0.00, '0', '2013-03-08 20:08:55', 'edimilson', '2'),
(280, 0, 1, 14.00, 14.00, 0.00, 1, 0.00, '0', '2013-03-09 13:24:14', 'edimilson', '2'),
(281, 0, 3, 46.50, 0.00, 0.00, 1, 0.00, '0', '2013-03-09 13:53:08', 'edimilson', '2'),
(282, 0, 1, 14.00, 14.00, 0.00, 1, 0.50, '0', '2013-03-09 15:06:28', 'edimilson', '2'),
(283, 0, 1, 16.00, 20.00, 4.00, 1, 0.00, '0', '2013-03-09 19:26:26', 'edimilson', '2'),
(284, 0, 1, 36.00, 36.00, 0.00, 1, 0.00, '0', '2013-03-11 16:47:37', 'edimilson', '2'),
(285, 0, 1, 15.00, 15.00, 0.00, 1, 0.00, '0', '2013-03-13 13:03:34', 'edimilson', '2'),
(286, 0, 3, 49.50, 0.00, 0.00, 1, 0.00, '0', '2013-03-13 16:09:54', 'tiagoadm', '2'),
(287, 0, 1, 9.00, 10.00, 1.00, 1, 0.00, '0', '2013-03-13 19:34:16', 'edimilson', '2'),
(288, 0, 1, 12.00, 12.00, 0.00, 1, 0.00, '0', '2013-03-14 15:18:21', 'tiagoadm', '2'),
(289, 0, 1, 8.99, 9.00, 0.01, 1, 0.00, '0', '2013-03-13 21:38:49', 'edimilson', '2'),
(290, 0, 1, 20.00, 20.00, 0.00, 1, 0.00, '0', '2013-03-13 21:40:14', 'edimilson', '2'),
(291, 0, 1, 22.00, 22.00, 0.00, 1, 0.00, '0', '2013-03-13 21:47:06', 'edimilson', '2'),
(292, 0, 1, 22.00, 22.00, 0.00, 1, 0.00, '0', '2013-03-15 21:13:17', 'edimilson', '2'),
(293, 0, 1, 12.00, 12.00, 0.00, 1, 0.00, '0', '2013-03-16 15:52:55', 'tiagoadm', '2'),
(294, 0, 1, 20.00, 20.00, 0.00, 1, 0.00, '0', '2013-03-15 21:29:36', 'edimilson', '2'),
(295, 0, 1, 12.60, 12.60, 0.00, 1, 0.40, '0', '2013-03-28 20:13:24', 'edimilson', '2'),
(296, 0, 1, 15.00, 20.00, 5.00, 1, 0.00, '0', '2013-03-16 16:00:38', 'tiagoadm', '2'),
(297, 0, 1, 9.00, 10.00, 1.00, 1, 0.00, '0', '2013-03-16 17:11:42', 'tiagoadm', '2'),
(298, 0, 1, 24.00, 25.00, 1.00, 1, 0.00, '0', '2013-03-18 14:24:26', 'tiagoadm', '2'),
(299, 0, 3, 38.00, 0.00, 0.00, 1, 2.00, '0', '2013-03-18 16:03:47', 'tiagoadm', '2'),
(300, 0, 1, 10.00, 50.00, 40.00, 1, 0.00, '0', '2013-03-19 14:48:47', 'tiagoadm', '2'),
(301, 0, 1, 10.00, 20.00, 10.00, 1, 2.00, '0', '2013-03-20 15:00:39', 'tiagoadm', '2'),
(302, 0, 1, 15.00, 15.00, 0.00, 1, 0.00, '0', '2013-03-22 16:29:58', 'tiagoadm', '2'),
(303, 0, 1, 1.00, 1.00, 0.00, 1, 0.00, '0', '2013-03-22 16:30:14', 'tiagoadm', '2'),
(304, 0, 1, 40.00, 40.00, 0.00, 1, 6.50, '0', '2013-03-22 17:09:20', 'tiagoadm', '2'),
(305, 0, 1, 4.00, 4.00, 0.00, 1, 0.00, '0', '2013-03-22 20:02:52', 'tiagoadm', '2'),
(306, 0, 3, 13.00, 0.00, 0.00, 1, 0.50, '0', '2013-03-23 14:25:27', 'tiagoadm', '2'),
(307, 0, 1, 4.00, 10.00, 6.00, 1, 0.00, '0', '2013-03-27 15:08:36', 'tiagoadm', '2'),
(308, 0, 1, 10.00, 10.00, 0.00, 1, 0.00, '0', '2013-03-27 15:46:23', 'tiagoadm', '2'),
(309, 0, 3, 22.00, 0.00, 0.00, 1, 0.00, '0', '2013-03-27 20:48:18', 'tiagoadm', '2'),
(310, 0, 3, 26.00, 0.00, 0.00, 1, 0.50, '0', '2013-03-27 21:16:26', 'tiagoadm', '2'),
(311, 0, 1, 35.00, 35.00, 0.00, 1, 5.00, '0', '2013-04-01 19:42:27', 'tiagoadm', '2'),
(312, 0, 1, 36.00, 40.00, 4.00, 1, 0.00, '0', '2013-03-30 15:04:00', 'edimilson', '2'),
(313, 0, 3, 30.00, 30.00, 0.00, 1, 0.00, '0', '2013-04-03 17:50:49', 'edimilson', '2'),
(314, 0, 1, 15.00, 20.00, 5.00, 1, 1.00, '0', '2013-04-03 14:36:34', 'tiagoadm', '2'),
(315, 0, 1, 13.00, 20.00, 7.00, 1, 0.00, '0', '2013-04-04 19:53:12', 'tiagoadm', '2'),
(316, 0, 1, 22.00, 24.00, 2.00, 1, 0.00, '0', '2013-04-04 13:48:20', 'edimilson', '2'),
(317, 0, 1, 28.00, 28.00, 0.00, 1, 0.00, '0', '2013-04-05 18:10:49', 'edimilson', '2'),
(318, 0, 1, 1.00, 1.00, 0.00, 1, 0.00, '0', '2013-04-04 19:54:08', 'tiagoadm', '2'),
(319, 0, 1, 10.00, 10.00, 0.00, 1, 0.00, '0', '2013-04-08 13:27:07', 'tiagoadm', '2'),
(320, 0, 1, 1.50, 1.50, 0.00, 1, 0.00, '0', '2013-04-06 14:38:22', 'edimilson', '2'),
(321, 0, 1, 11.50, 115.00, 103.50, 1, 0.00, '0', '2013-04-08 18:09:27', 'edimilson', '2'),
(322, 0, 1, 20.00, 20.00, 0.00, 1, 0.00, '0', '2013-04-08 20:43:24', 'tiagoadm', '2'),
(323, 0, 1, 27.00, 27.00, 0.00, 1, 0.00, '0', '2013-04-16 12:30:05', 'edimilson', '2'),
(324, 0, 1, 10.00, 20.00, 10.00, 1, 0.00, '0', '2013-04-09 20:00:58', 'tiagoadm', '2'),
(325, 0, 1, 9.00, 10.00, 1.00, 1, 0.00, '0', '2013-04-09 20:24:02', 'tiagoadm', '2'),
(326, 0, 1, 36.00, 36.00, 0.00, 1, 0.00, '0', '2013-04-16 21:08:31', 'tiagoadm', '2'),
(327, 0, 1, 30.00, 30.00, 0.00, 1, 0.00, '0', '2013-04-22 18:10:44', 'edimilson', '2'),
(328, 0, 1, 4.00, 4.00, 0.00, 1, 0.00, '0', '2013-04-16 21:09:13', 'tiagoadm', '2'),
(329, 0, 1, 4.00, 4.00, 0.00, 1, 0.00, '0', '2013-04-16 21:09:32', 'tiagoadm', '2'),
(330, 0, 3, 13.00, 0.00, 0.00, 1, 0.50, '0', '2013-04-16 21:10:11', 'tiagoadm', '2'),
(331, 0, 1, 14.00, 20.00, 6.00, 1, 0.50, '0', '2013-04-16 21:10:55', 'tiagoadm', '2'),
(332, 0, 3, 24.00, 0.00, 0.00, 1, 0.00, '0', '2013-04-20 15:01:07', 'tiagoadm', '2'),
(333, 0, 1, 3.00, 20.00, 17.00, 1, 0.00, '0', '2013-04-22 16:05:35', 'tiagoadm', '2'),
(334, 0, 1, 2.00, 2.00, 0.00, 1, 0.00, '0', '2013-04-22 19:18:35', 'tiagoadm', '2'),
(335, 0, 1, 5.00, 10.00, 5.00, 1, 0.00, '0', '2013-04-26 19:37:22', 'tiagoadm', '2'),
(336, 0, 1, 15.00, 15.00, 0.00, 1, 0.00, '0', '2013-04-23 15:01:38', 'edimilson', '2'),
(337, 0, 3, 15.00, 15.00, 0.00, 1, 0.00, '0', '2013-04-23 15:05:37', 'edimilson', '2'),
(338, 0, 1, 16.50, 16.50, 0.00, 1, 0.00, '0', '2013-04-30 14:41:20', 'edimilson', '2'),
(339, 0, 1, 30.00, 50.00, 20.00, 1, 3.00, '0', '2013-04-26 19:37:49', 'tiagoadm', '2'),
(340, 0, 1, 20.00, 100.00, 80.00, 1, 0.00, '0', '2013-04-26 20:32:56', 'tiagoadm', '2'),
(341, 0, 1, 20.00, 50.00, 30.00, 1, 0.00, '0', '2013-04-27 14:42:44', 'tiagoadm', '2'),
(342, 0, 1, 25.00, 30.00, 5.00, 1, 0.50, '0', '2013-04-29 13:28:32', 'tiagoadm', '2'),
(343, 0, 1, 15.00, 15.00, 0.00, 1, 0.00, '0', '2013-04-29 20:24:42', 'tiagoadm', '2'),
(344, 0, 1, 40.00, 60.00, 20.00, 1, 0.00, '0', '2013-05-06 15:21:27', 'tiagoadm', '2'),
(345, 0, 1, 7.00, 20.00, 13.00, 1, 0.00, '0', '2013-05-02 13:34:25', 'edimilson', '2'),
(346, 0, 1, 45.00, 50.00, 5.00, 1, 0.00, '0', '2013-05-04 14:07:52', 'edimilson', '2'),
(347, 0, 1, 3.00, 4.00, 1.00, 1, 0.00, '0', '2013-05-04 14:09:03', 'edimilson', '2'),
(348, 0, 1, 14.50, 14.50, 0.00, 1, 0.00, '0', '2013-05-04 14:35:08', 'edimilson', '2'),
(349, 0, 1, 15.50, 15.50, 0.00, 1, 2.50, '0', '2013-05-04 14:37:22', 'edimilson', '2'),
(350, 0, 1, 16.00, 16.00, 0.00, 1, 0.00, '0', '2013-05-04 16:02:42', 'edimilson', '2'),
(351, 0, 3, 10.00, 10.00, 0.00, 1, 0.00, '0', '2013-05-04 16:03:43', 'edimilson', '2'),
(352, 0, 1, 13.50, 20.00, 6.50, 1, 0.00, '0', '2013-05-11 14:38:49', 'edimilson', '2'),
(353, 0, 1, 13.50, 50.00, 36.50, 1, 0.00, '0', '2013-05-06 15:21:44', 'tiagoadm', '2'),
(354, 0, 1, 13.50, 20.00, 6.50, 1, 0.00, '0', '2013-05-06 19:04:59', 'tiagoadm', '2'),
(355, 0, 3, 18.00, 0.00, 0.00, 1, 0.00, '0', '2013-05-07 17:43:11', 'tiagoadm', '2'),
(356, 0, 1, 22.00, 22.00, 0.00, 1, 0.00, '0', '2013-05-07 20:07:12', 'tiagoadm', '2'),
(357, 0, 1, 13.50, 20.50, 7.00, 1, 0.00, '0', '2013-05-08 19:14:05', 'tiagoadm', '2'),
(358, 0, 1, 65.00, 65.00, 0.00, 1, 0.00, '0', '2013-05-08 20:56:58', 'tiagoadm', '2'),
(359, 0, 1, 65.00, 65.00, 0.00, 1, 0.00, '0', '2013-05-09 14:29:12', 'tiagoadm', '2'),
(360, 0, 1, 25.00, 25.00, 0.00, 1, 0.00, '0', '2013-05-09 14:45:53', 'tiagoadm', '2'),
(361, 0, 1, 2.00, 2.00, 0.00, 1, 0.00, '0', '2013-05-09 20:24:09', 'tiagoadm', '2'),
(362, 0, 1, 19.00, 50.00, 31.00, 1, 0.00, '0', '2013-05-09 20:25:08', 'tiagoadm', '2'),
(363, 0, 2, 250.00, 0.00, 0.00, 3, 0.01, '0', '2013-05-10 18:43:40', 'tiagoadm', '2'),
(364, 0, 1, 13.00, 20.00, 7.00, 1, 0.00, '0', '2013-05-10 19:18:22', 'tiagoadm', '2'),
(365, 0, 1, 27.00, 27.00, 0.00, 1, 0.00, '0', '2013-05-10 19:37:52', 'tiagoadm', '2'),
(366, 0, 1, 15.00, 20.00, 5.00, 1, 0.00, '0', '2013-05-10 20:32:30', 'tiagoadm', '2'),
(367, 0, 1, 16.50, 50.00, 33.50, 1, 0.00, '0', '2013-05-14 20:46:39', 'tiagoadm', '2'),
(368, 0, 1, 50.00, 50.00, 0.00, 1, 0.00, '0', '2013-05-13 20:28:18', 'edimilson', '2'),
(369, 0, 1, 27.00, 27.00, 0.00, 1, 0.00, '0', '2013-05-13 20:31:48', 'edimilson', '2'),
(370, 0, 1, 10.00, 10.00, 0.00, 1, 0.00, '0', '2013-05-18 14:24:45', 'edimilson', '2'),
(371, 0, 1, 18.00, 20.00, 2.00, 1, 0.00, '0', '2013-05-15 18:16:07', 'tiagoadm', '2'),
(372, 0, 3, 13.00, 0.00, 0.00, 1, 0.00, '0', '2013-05-17 20:22:01', 'tiagoadm', '2'),
(373, 0, 1, 40.00, 40.00, 0.00, 1, 0.00, '0', '2013-05-20 16:13:45', 'tiagoadm', '2'),
(374, 0, 1, 54.00, 100.00, 46.00, 1, 0.00, '0', '2013-05-18 14:46:23', 'edimilson', '2'),
(375, 0, 2, 15.00, 15.00, 0.00, 1, 0.00, '0', '2013-05-21 13:48:15', 'edimilson', '2'),
(376, 0, 7, 100.00, 50.00, 0.00, 2, 0.00, '0', '2013-05-20 18:47:40', 'tiagoadm', '2'),
(377, 0, 1, 1.00, 1.00, 0.00, 1, 0.00, '0', '2013-05-20 18:48:09', 'tiagoadm', '2'),
(378, 0, 1, 13.50, 20.00, 6.50, 1, 0.00, '0', '2013-05-20 18:48:33', 'tiagoadm', '2'),
(379, 0, 3, 13.50, 0.00, 0.00, 1, 0.00, '0', '2013-05-20 18:48:51', 'tiagoadm', '2'),
(380, 0, 1, 2.00, 2.00, 0.00, 1, 0.00, '0', '2013-05-20 18:56:05', 'tiagoadm', '2'),
(381, 0, 3, 13.00, 0.00, 0.00, 1, 0.00, '0', '2013-05-21 18:53:46', 'tiagoadm', '2'),
(382, 0, 1, 14.50, 20.00, 5.50, 1, 0.00, '0', '2013-06-01 15:26:15', 'edimilson', '2'),
(383, 0, 3, 75.00, 0.00, 0.00, 1, 0.00, '0', '2013-05-24 20:04:14', 'tiagoadm', '2'),
(384, 0, 1, 20.00, 50.00, 30.00, 1, 0.00, '0', '2013-05-27 12:50:54', 'tiagoadm', '2'),
(385, 0, 3, 210.00, 20.00, 0.00, 1, 0.00, '0', '2013-05-29 17:00:15', 'tiagoadm', '2'),
(386, 0, 1, 20.00, 20.00, 0.00, 1, 0.00, '0', '2013-05-31 18:35:31', 'tiagoadm', '2'),
(387, 0, 1, 10.00, 10.00, 0.00, 1, 0.00, '0', '2013-05-31 19:42:15', 'tiagoadm', '2'),
(388, 0, 1, 13.00, 13.00, 0.00, 1, 0.50, '0', '2013-05-31 19:45:52', 'tiagoadm', '2'),
(389, 0, 1, 14.00, 14.00, 0.00, 1, 0.00, '0', '2013-06-03 14:31:19', 'tiagoadm', '2'),
(390, 0, 3, 32.00, 32.00, 0.00, 1, 0.00, '0', '2013-06-06 15:06:49', 'edimilson', '2'),
(391, 0, 3, 21.00, 0.00, 0.00, 1, 0.00, '0', '2013-06-08 14:15:22', 'tiagoadm', '2'),
(392, 0, 1, 50.50, 50.50, 0.00, 1, 0.00, '0', '2013-06-27 20:08:52', 'edimilson', '2'),
(393, 0, 1, 50.00, 50.00, 0.00, 1, 0.00, '0', '2013-06-08 14:16:33', 'tiagoadm', '2'),
(394, 0, 3, 33.00, 0.00, 0.00, 1, 0.00, '0', '2013-06-15 13:39:42', 'tiagoadm', '2'),
(395, 0, 2, 52.00, 0.00, 0.00, 1, 0.00, '0', '2013-06-15 13:41:41', 'tiagoadm', '2'),
(396, 0, 7, 91.50, 0.00, 0.00, 2, 0.00, '0', '2014-12-17 13:02:19', 'tiagoadm', '2'),
(397, 0, 1, 3.00, 20.00, 17.00, 1, 0.00, '0', '2013-06-28 14:04:01', 'edimilson', '2'),
(398, 0, 1, 2.00, 2.00, 0.00, 1, 0.00, '0', '2013-06-28 14:05:25', 'edimilson', '2'),
(399, 0, 3, 47.00, 47.00, 0.00, 1, 0.00, '0', '2013-06-28 21:00:41', 'edimilson', '2'),
(400, 0, 1, 13.00, 13.00, 0.00, 1, 0.00, '0', '2013-06-29 17:20:24', 'edimilson', '2'),
(401, 0, 2, 80.00, 0.00, 0.00, 2, 20.00, '0', '2013-06-29 19:10:56', 'edimilson', '2'),
(402, 0, 1, 2.00, 2.00, 0.00, 1, 0.00, '0', '2013-07-04 13:48:19', 'edimilson', '2'),
(403, 0, 1, 6.00, 20.00, 14.00, 1, 0.00, '0', '2013-07-04 20:07:14', 'edimilson', '2'),
(404, 0, 1, 20.00, 20.00, 0.00, 1, 1.00, '0', '2013-07-09 14:22:08', 'edimilson', '2'),
(405, 0, 3, 36.00, 36.00, 0.00, 1, 0.00, '0', '2013-07-11 14:04:22', 'edimilson', '2'),
(406, 0, 1, 27.00, 27.00, 27.00, 1, 0.00, '0', '2013-07-11 21:02:48', 'edimilson', '2'),
(407, 0, 1, 10.00, 10.00, 0.00, 1, 0.00, '0', '2013-07-11 21:03:51', 'edimilson', '2'),
(408, 0, 1, 8.00, 8.00, 0.00, 1, 0.00, '0', '2013-08-03 15:47:57', 'edimilson', '2'),
(409, 0, 1, 30.00, 30.00, 0.00, 1, 0.00, '0', '2013-08-07 14:37:59', 'edimilson', '2'),
(410, 0, 0, 0.00, 0.00, 0.00, 0, 0.00, '0', '2013-08-07 14:38:08', 'edimilson', '1'),
(411, 0, 0, 0.00, 0.00, 0.00, 0, 0.00, '0', '2014-12-17 13:05:10', 'tiagoadm', '1');

-- --------------------------------------------------------

--
-- Estrutura para tabela `vendaitem`
--

CREATE TABLE IF NOT EXISTS `vendaitem` (
`itemID` int(11) NOT NULL,
  `vendaID` int(11) NOT NULL,
  `produtoID` int(11) NOT NULL,
  `quantidade` float(10,2) NOT NULL,
  `valor` float(10,2) NOT NULL,
  `total` float(10,2) NOT NULL
) ENGINE=InnoDB  DEFAULT CHARSET=latin1 AUTO_INCREMENT=558 ;

--
-- Fazendo dump de dados para tabela `vendaitem`
--

INSERT INTO `vendaitem` (`itemID`, `vendaID`, `produtoID`, `quantidade`, `valor`, `total`) VALUES
(2, 1, 58, 1.00, 250.00, 250.00),
(3, 2, 56, 1.00, 1.00, 1.00),
(5, 5, 58, 1.00, 230.00, 230.00),
(7, 7, 10, 1.00, 17.99, 17.99),
(8, 8, 55, 1.00, 60.00, 60.00),
(9, 9, 50, 1.00, 5.00, 5.00),
(11, 10, 28, 1.00, 14.00, 14.00),
(12, 11, 20, 1.00, 12.00, 12.00),
(13, 12, 34, 1.00, 8.00, 8.00),
(14, 13, 34, 1.00, 8.00, 8.00),
(16, 14, 60, 1.00, 20.00, 20.00),
(17, 15, 73, 1.00, 21.00, 21.00),
(19, 16, 93, 1.00, 3.50, 3.50),
(20, 18, 87, 1.00, 14.00, 14.00),
(21, 19, 93, 1.00, 3.50, 3.50),
(22, 17, 80, 1.00, 14.00, 14.00),
(23, 20, 26, 1.00, 13.50, 13.50),
(24, 22, 85, 1.00, 200.00, 200.00),
(25, 23, 94, 1.00, 300.00, 300.00),
(26, 24, 33, 1.00, 8.00, 8.00),
(27, 24, 37, 1.00, 14.70, 14.70),
(28, 25, 33, 1.00, 8.00, 8.00),
(29, 26, 101, 1.00, 180.00, 180.00),
(30, 27, 103, 1.00, 1200.00, 1200.00),
(31, 29, 42, 1.00, 21.50, 21.50),
(32, 30, 19, 1.00, 26.00, 26.00),
(33, 28, 59, 1.00, 40.00, 40.00),
(34, 32, 60, 1.00, 20.00, 20.00),
(35, 33, 10, 1.00, 15.00, 15.00),
(36, 34, 56, 1.00, 1.00, 1.00),
(37, 35, 74, 1.00, 33.00, 33.00),
(40, 36, 56, 2.00, 1.00, 2.00),
(41, 37, 19, 1.00, 26.00, 26.00),
(42, 38, 26, 1.00, 13.50, 13.50),
(43, 38, 56, 1.00, 1.00, 1.00),
(44, 39, 46, 1.00, 2.00, 2.00),
(45, 40, 46, 1.00, 2.00, 2.00),
(46, 41, 44, 1.00, 9.00, 9.00),
(48, 42, 44, 1.00, 8.00, 8.00),
(49, 43, 80, 1.00, 14.00, 14.00),
(50, 44, 83, 1.00, 36.00, 36.00),
(51, 45, 60, 1.00, 20.00, 20.00),
(52, 45, 56, 1.00, 1.00, 1.00),
(54, 47, 35, 3.00, 6.00, 18.00),
(55, 48, 56, 1.00, 1.00, 1.00),
(56, 49, 102, 1.00, 7416.00, 7416.00),
(57, 50, 80, 1.00, 14.00, 14.00),
(59, 51, 81, 1.00, 14.00, 14.00),
(60, 52, 46, 1.00, 2.00, 2.00),
(61, 53, 106, 1.00, 1000.00, 1000.00),
(63, 54, 107, 1.00, 700.00, 700.00),
(64, 55, 23, 1.00, 16.00, 16.00),
(65, 56, 64, 1.00, 16.00, 16.00),
(66, 57, 80, 1.00, 14.00, 14.00),
(69, 58, 43, 1.00, 22.50, 22.50),
(70, 58, 80, 1.00, 13.50, 13.50),
(71, 59, 54, 1.00, 55.00, 55.00),
(72, 60, 22, 1.00, 14.00, 14.00),
(73, 61, 80, 1.00, 14.00, 14.00),
(74, 31, 3, 1.00, 45.00, 45.00),
(75, 62, 97, 1.00, 17.00, 17.00),
(76, 63, 108, 1.00, 10.00, 10.00),
(77, 63, 108, 1.00, 6.00, 6.00),
(78, 64, 83, 1.00, 24.00, 24.00),
(79, 64, 9, 1.00, 8.00, 8.00),
(80, 65, 24, 1.00, 17.00, 17.00),
(81, 66, 105, 1.00, 750.00, 750.00),
(82, 67, 3, 1.00, 41.00, 41.00),
(83, 68, 109, 1.00, 880.00, 880.00),
(84, 69, 110, 1.00, 120.00, 120.00),
(85, 70, 111, 1.00, 280.00, 280.00),
(86, 71, 21, 1.00, 12.00, 12.00),
(87, 72, 54, 1.00, 50.00, 50.00),
(88, 74, 24, 1.00, 17.00, 17.00),
(89, 75, 130, 1.00, 4.00, 4.00),
(91, 76, 56, 2.00, 1.00, 2.00),
(92, 77, 119, 1.00, 100.00, 100.00),
(93, 78, 108, 2.00, 10.00, 20.00),
(94, 79, 38, 1.00, 12.00, 12.00),
(95, 80, 137, 1.00, 35.00, 35.00),
(96, 81, 20, 1.00, 12.00, 12.00),
(97, 82, 33, 1.00, 8.00, 8.00),
(98, 82, 34, 1.00, 8.00, 8.00),
(99, 83, 116, 1.00, 27.00, 27.00),
(100, 84, 113, 1.00, 16.00, 16.00),
(101, 85, 81, 1.00, 13.00, 13.00),
(102, 85, 34, 1.00, 8.00, 8.00),
(103, 86, 162, 1.00, 20.00, 20.00),
(104, 87, 81, 1.00, 13.50, 13.50),
(105, 87, 125, 1.00, 1.50, 1.50),
(106, 87, 127, 1.00, 1.50, 1.50),
(107, 88, 72, 1.00, 3400.00, 3400.00),
(108, 89, 146, 1.00, 15.00, 15.00),
(109, 90, 146, 1.00, 15.00, 15.00),
(110, 91, 7, 1.00, 20.00, 20.00),
(111, 92, 83, 1.00, 36.00, 36.00),
(112, 93, 143, 1.00, 20.00, 20.00),
(113, 93, 153, 1.00, 10.00, 10.00),
(114, 94, 104, 1.00, 50.00, 50.00),
(115, 94, 164, 1.00, 40.00, 40.00),
(116, 95, 143, 1.00, 20.00, 20.00),
(117, 96, 128, 3.00, 1.50, 4.50),
(118, 96, 46, 1.00, 2.00, 2.00),
(119, 97, 128, 1.00, 1.50, 1.50),
(120, 97, 126, 1.00, 1.50, 1.50),
(121, 97, 129, 1.00, 1.50, 1.50),
(122, 98, 163, 2.00, 20.00, 40.00),
(123, 73, 80, 1.00, 14.00, 14.00),
(126, 99, 168, 1.00, 16.00, 16.00),
(127, 101, 184, 1.00, 250.00, 250.00),
(128, 101, 45, 1.00, 26.00, 26.00),
(129, 102, 130, 2.00, 4.00, 8.00),
(130, 103, 187, 1.00, 600.00, 600.00),
(131, 104, 183, 1.00, 200.00, 200.00),
(132, 105, 99, 1.00, 19.00, 19.00),
(137, 106, 159, 2.00, 16.00, 32.00),
(138, 107, 81, 1.00, 13.50, 13.50),
(139, 108, 143, 1.00, 20.00, 20.00),
(140, 108, 163, 1.00, 20.00, 20.00),
(141, 108, 81, 1.00, 13.50, 13.50),
(142, 100, 182, 1.00, 12.00, 12.00),
(143, 110, 42, 1.00, 21.50, 21.50),
(144, 109, 44, 1.00, 8.99, 8.99),
(145, 112, 35, 1.00, 6.20, 6.20),
(146, 113, 130, 1.00, 4.00, 4.00),
(147, 114, 42, 1.00, 21.50, 21.50),
(148, 115, 116, 1.00, 29.00, 29.00),
(149, 116, 87, 2.00, 14.00, 28.00),
(150, 117, 118, 1.00, 20.00, 20.00),
(151, 118, 188, 1.00, 22.00, 22.00),
(152, 119, 108, 1.00, 10.00, 10.00),
(153, 111, 145, 1.00, 42.00, 42.00),
(154, 121, 25, 1.00, 23.50, 23.50),
(155, 122, 80, 2.00, 14.00, 28.00),
(156, 123, 76, 1.00, 360.00, 360.00),
(157, 123, 108, 1.00, 10.00, 10.00),
(159, 120, 46, 1.00, 2.00, 2.00),
(160, 125, 189, 1.00, 22.00, 22.00),
(161, 126, 87, 1.00, 14.00, 14.00),
(162, 127, 23, 1.00, 16.00, 16.00),
(163, 127, 46, 1.00, 2.00, 2.00),
(164, 128, 133, 1.00, 20.00, 20.00),
(165, 128, 123, 2.00, 1.00, 2.00),
(166, 129, 57, 1.00, 640.00, 640.00),
(167, 129, 59, 1.00, 40.00, 40.00),
(168, 129, 184, 1.00, 250.00, 250.00),
(170, 130, 86, 1.00, 28.00, 28.00),
(171, 131, 61, 1.00, 36.00, 36.00),
(172, 132, 185, 1.00, 36.00, 36.00),
(173, 133, 198, 1.00, 24.00, 24.00),
(174, 134, 42, 1.00, 20.00, 20.00),
(175, 134, 200, 1.00, 2.00, 2.00),
(176, 135, 34, 2.00, 8.00, 16.00),
(177, 136, 147, 1.00, 15.00, 15.00),
(178, 136, 2, 1.00, 45.00, 45.00),
(179, 137, 22, 1.00, 14.00, 14.00),
(180, 138, 57, 1.00, 500.00, 500.00),
(181, 138, 161, 1.00, 60.00, 60.00),
(182, 139, 22, 1.00, 14.00, 14.00),
(183, 140, 201, 1.00, 3.00, 3.00),
(184, 140, 56, 1.00, 1.00, 1.00),
(185, 141, 33, 1.00, 8.00, 8.00),
(186, 142, 22, 1.00, 14.00, 14.00),
(187, 143, 62, 1.00, 30.00, 30.00),
(188, 144, 10, 1.00, 15.00, 15.00),
(189, 124, 148, 1.00, 360.00, 360.00),
(190, 124, 169, 1.00, 18.00, 18.00),
(191, 124, 184, 1.00, 250.00, 250.00),
(192, 146, 35, 1.00, 6.20, 6.20),
(193, 147, 200, 1.00, 2.00, 2.00),
(194, 145, 63, 1.00, 40.00, 40.00),
(195, 149, 25, 1.00, 17.00, 17.00),
(196, 149, 56, 1.00, 1.00, 1.00),
(197, 150, 49, 1.00, 32.00, 32.00),
(198, 151, 180, 1.00, 12.00, 12.00),
(199, 152, 108, 2.00, 10.00, 20.00),
(200, 153, 98, 1.00, 20.00, 20.00),
(201, 154, 167, 1.00, 21.00, 21.00),
(202, 155, 193, 1.00, 13.00, 13.00),
(203, 155, 56, 1.00, 1.00, 1.00),
(204, 157, 209, 1.00, 45.00, 45.00),
(205, 158, 21, 1.00, 12.00, 12.00),
(206, 159, 208, 1.00, 35.00, 35.00),
(207, 160, 214, 1.00, 45.00, 45.00),
(208, 160, 189, 1.00, 26.00, 26.00),
(209, 161, 211, 1.00, 2600.00, 2600.00),
(210, 162, 99, 1.00, 16.00, 16.00),
(211, 148, 208, 1.00, 35.00, 35.00),
(212, 148, 126, 1.00, 1.50, 1.50),
(213, 148, 124, 1.00, 1.50, 1.50),
(215, 163, 105, 1.00, 950.00, 950.00),
(216, 164, 99, 1.00, 19.00, 19.00),
(217, 164, 34, 1.00, 8.00, 8.00),
(218, 166, 81, 1.00, 13.50, 13.50),
(219, 165, 49, 1.00, 32.40, 32.40),
(220, 168, 81, 1.00, 13.50, 13.50),
(221, 169, 213, 1.00, 550.00, 550.00),
(222, 170, 33, 1.00, 8.00, 8.00),
(223, 171, 61, 1.00, 36.00, 36.00),
(224, 172, 42, 1.00, 21.00, 21.00),
(225, 172, 123, 1.00, 1.00, 1.00),
(226, 172, 125, 1.00, 1.50, 1.50),
(227, 167, 160, 1.00, 19.00, 19.00),
(228, 167, 114, 1.00, 20.00, 20.00),
(229, 173, 58, 1.00, 200.00, 200.00),
(230, 174, 21, 1.00, 12.00, 12.00),
(231, 175, 123, 3.00, 1.00, 3.00),
(232, 176, 208, 1.00, 36.00, 36.00),
(233, 176, 83, 1.00, 36.00, 36.00),
(234, 177, 157, 1.00, 16.00, 16.00),
(235, 178, 200, 2.00, 2.00, 4.00),
(236, 179, 123, 2.00, 1.00, 2.00),
(237, 180, 81, 1.00, 13.50, 13.50),
(238, 181, 34, 1.00, 8.00, 8.00),
(239, 181, 122, 2.00, 6.00, 12.00),
(240, 182, 72, 1.00, 371.00, 371.00),
(241, 183, 61, 1.00, 36.00, 36.00),
(242, 184, 83, 1.00, 36.00, 36.00),
(243, 184, 10, 1.00, 16.00, 16.00),
(244, 185, 34, 1.00, 8.00, 8.00),
(245, 186, 6, 1.00, 8.00, 8.00),
(246, 187, 10, 1.00, 15.00, 15.00),
(247, 187, 146, 1.00, 15.00, 15.00),
(248, 188, 193, 1.00, 13.00, 13.00),
(249, 188, 157, 1.00, 16.00, 16.00),
(250, 190, 47, 1.00, 6.40, 6.40),
(251, 191, 216, 1.00, 510.00, 510.00),
(252, 192, 146, 1.00, 15.00, 15.00),
(253, 193, 21, 1.00, 12.00, 12.00),
(254, 194, 35, 1.00, 6.20, 6.20),
(255, 189, 220, 1.00, 35.00, 35.00),
(256, 189, 218, 1.00, 180.00, 180.00),
(257, 196, 2, 1.00, 45.00, 45.00),
(258, 196, 33, 1.00, 8.00, 8.00),
(259, 197, 139, 1.00, 5.00, 5.00),
(260, 197, 81, 1.00, 13.50, 13.50),
(261, 197, 123, 3.00, 1.00, 3.00),
(262, 198, 71, 1.00, 292.60, 292.60),
(263, 199, 154, 1.00, 10.00, 10.00),
(264, 199, 3, 1.00, 45.00, 45.00),
(265, 199, 193, 4.00, 13.00, 52.00),
(266, 199, 146, 2.00, 15.00, 30.00),
(267, 199, 194, 2.00, 12.00, 24.00),
(268, 200, 221, 1.00, 380.00, 380.00),
(269, 200, 185, 1.00, 36.00, 36.00),
(270, 201, 42, 1.00, 20.00, 20.00),
(271, 202, 139, 1.00, 5.00, 5.00),
(272, 203, 33, 1.00, 8.00, 8.00),
(273, 204, 201, 1.00, 3.00, 3.00),
(274, 205, 65, 1.00, 75.00, 75.00),
(275, 206, 208, 1.00, 36.00, 36.00),
(276, 207, 213, 1.00, 550.00, 550.00),
(277, 208, 104, 1.00, 50.00, 50.00),
(278, 209, 10, 1.00, 15.00, 15.00),
(280, 210, 122, 1.00, 6.00, 6.00),
(281, 210, 112, 1.00, 50.00, 50.00),
(282, 211, 1, 1.00, 45.00, 45.00),
(283, 211, 122, 1.00, 6.00, 6.00),
(285, 211, 184, 1.00, 285.00, 285.00),
(286, 211, 35, 1.00, 6.00, 6.00),
(287, 211, 40, 1.00, 82.00, 82.00),
(288, 212, 223, 1.00, 13.00, 13.00),
(289, 195, 24, 1.00, 17.00, 17.00),
(290, 195, 188, 1.00, 25.00, 25.00),
(291, 213, 215, 1.00, 800.00, 800.00),
(292, 215, 81, 1.00, 13.50, 13.50),
(293, 216, 39, 1.00, 20.00, 20.00),
(294, 217, 219, 1.00, 85.00, 85.00),
(295, 218, 229, 1.00, 1200.00, 1200.00),
(296, 219, 224, 1.00, 700.00, 700.00),
(297, 219, 169, 1.00, 18.00, 18.00),
(298, 219, 104, 1.00, 50.00, 50.00),
(299, 220, 87, 1.00, 15.00, 15.00),
(300, 221, 60, 1.00, 20.00, 20.00),
(301, 222, 11, 1.00, 1.00, 1.00),
(302, 223, 223, 1.00, 13.00, 13.00),
(303, 224, 34, 1.00, 8.00, 8.00),
(304, 225, 16, 1.00, 300.00, 300.00),
(305, 226, 87, 1.00, 15.00, 15.00),
(306, 227, 20, 1.00, 14.00, 14.00),
(307, 228, 73, 1.00, 21.00, 21.00),
(308, 229, 46, 1.00, 2.00, 2.00),
(309, 229, 125, 1.00, 1.50, 1.50),
(310, 229, 56, 1.00, 1.00, 1.00),
(311, 230, 232, 1.00, 414.00, 414.00),
(312, 231, 108, 1.00, 10.00, 10.00),
(313, 232, 77, 1.00, 11.00, 11.00),
(314, 214, 234, 1.00, 65.00, 65.00),
(315, 234, 222, 1.00, 17.00, 17.00),
(316, 233, 189, 1.00, 18.00, 18.00),
(317, 236, 235, 1.00, 10.00, 10.00),
(318, 235, 46, 1.00, 1.90, 1.90),
(319, 238, 220, 1.00, 40.00, 40.00),
(320, 237, 236, 1.00, 200.00, 200.00),
(321, 240, 39, 1.00, 20.00, 20.00),
(322, 241, 7, 1.00, 20.00, 20.00),
(323, 242, 205, 1.00, 12.50, 12.50),
(324, 242, 56, 1.00, 1.00, 1.00),
(325, 243, 72, 1.00, 371.00, 371.00),
(326, 244, 72, 1.00, 371.00, 371.00),
(327, 245, 143, 1.00, 20.00, 20.00),
(328, 246, 189, 1.00, 16.00, 16.00),
(329, 247, 201, 1.00, 3.00, 3.00),
(330, 248, 60, 1.00, 20.00, 20.00),
(333, 239, 140, 2.00, 1.50, 3.00),
(334, 239, 141, 1.00, 1.50, 1.50),
(335, 239, 126, 1.00, 1.50, 1.50),
(336, 249, 87, 1.00, 15.00, 15.00),
(337, 251, 54, 1.00, 64.00, 64.00),
(338, 251, 33, 1.00, 9.00, 9.00),
(339, 252, 33, 1.00, 9.00, 9.00),
(340, 253, 146, 1.00, 15.00, 15.00),
(341, 254, 48, 1.00, 40.90, 40.90),
(342, 255, 71, 1.00, 292.60, 292.60),
(344, 256, 27, 1.00, 15.00, 15.00),
(345, 257, 156, 1.00, 24.00, 24.00),
(346, 258, 200, 1.00, 2.00, 2.00),
(347, 258, 127, 1.00, 1.50, 1.50),
(348, 259, 222, 1.00, 17.00, 17.00),
(349, 259, 156, 1.00, 24.00, 24.00),
(350, 260, 237, 1.00, 9.00, 9.00),
(351, 261, 24, 1.00, 17.00, 17.00),
(352, 262, 35, 2.00, 7.00, 14.00),
(353, 262, 122, 1.00, 7.00, 7.00),
(354, 263, 122, 1.00, 7.00, 7.00),
(355, 264, 239, 1.00, 55.00, 55.00),
(356, 265, 165, 1.00, 800.00, 800.00),
(357, 250, 193, 3.00, 13.00, 39.00),
(358, 250, 250, 1.00, 46.50, 46.50),
(359, 250, 50, 1.00, 5.50, 5.50),
(360, 267, 20, 1.00, 14.00, 14.00),
(361, 268, 227, 1.00, 25.00, 25.00),
(362, 269, 108, 1.00, 10.00, 10.00),
(363, 270, 125, 1.00, 1.50, 1.50),
(364, 271, 27, 1.00, 15.00, 15.00),
(365, 272, 193, 1.00, 13.00, 13.00),
(366, 273, 194, 1.00, 12.00, 12.00),
(368, 274, 262, 1.00, 30.00, 30.00),
(369, 275, 254, 1.00, 15.00, 15.00),
(370, 276, 133, 1.00, 20.00, 20.00),
(371, 276, 56, 1.00, 1.00, 1.00),
(372, 276, 123, 1.00, 1.00, 1.00),
(373, 277, 77, 1.00, 11.00, 11.00),
(374, 278, 47, 1.00, 6.40, 6.40),
(375, 278, 61, 1.00, 36.00, 36.00),
(376, 279, 108, 1.00, 10.00, 10.00),
(377, 280, 122, 2.00, 7.00, 14.00),
(378, 281, 251, 1.00, 46.50, 46.50),
(379, 282, 80, 1.00, 14.50, 14.50),
(380, 283, 10, 1.00, 16.00, 16.00),
(381, 284, 61, 1.00, 36.00, 36.00),
(382, 266, 207, 1.00, 18.00, 18.00),
(383, 266, 205, 1.00, 13.00, 13.00),
(384, 285, 87, 1.00, 15.00, 15.00),
(385, 286, 208, 1.00, 36.00, 36.00),
(386, 286, 205, 1.00, 13.50, 13.50),
(387, 287, 128, 1.00, 1.50, 1.50),
(388, 287, 125, 1.00, 1.50, 1.50),
(389, 287, 139, 1.00, 6.00, 6.00),
(390, 289, 44, 1.00, 8.99, 8.99),
(391, 290, 60, 1.00, 20.00, 20.00),
(392, 291, 225, 1.00, 22.00, 22.00),
(393, 288, 20, 1.00, 12.00, 12.00),
(394, 292, 56, 1.00, 1.00, 1.00),
(395, 292, 123, 1.00, 1.00, 1.00),
(396, 292, 96, 1.00, 20.00, 20.00),
(397, 294, 143, 1.00, 20.00, 20.00),
(398, 293, 20, 1.00, 12.00, 12.00),
(399, 296, 146, 1.00, 15.00, 15.00),
(400, 297, 34, 1.00, 9.00, 9.00),
(401, 298, 240, 1.00, 12.00, 12.00),
(402, 298, 246, 1.00, 12.00, 12.00),
(403, 299, 154, 1.00, 10.00, 10.00),
(404, 299, 153, 1.00, 10.00, 10.00),
(405, 299, 163, 1.00, 20.00, 20.00),
(406, 300, 241, 1.00, 10.00, 10.00),
(407, 301, 179, 1.00, 12.00, 12.00),
(408, 302, 80, 1.00, 15.00, 15.00),
(409, 303, 123, 1.00, 1.00, 1.00),
(410, 304, 250, 1.00, 46.50, 46.50),
(411, 305, 131, 1.00, 4.00, 4.00),
(412, 306, 205, 1.00, 13.50, 13.50),
(413, 307, 130, 1.00, 4.00, 4.00),
(414, 308, 108, 1.00, 10.00, 10.00),
(415, 309, 116, 1.00, 22.00, 22.00),
(416, 310, 257, 1.00, 13.00, 13.00),
(417, 310, 205, 1.00, 13.50, 13.50),
(418, 295, 154, 1.00, 10.00, 10.00),
(420, 295, 127, 2.00, 1.50, 3.00),
(421, 312, 208, 1.00, 36.00, 36.00),
(422, 311, 59, 1.00, 40.00, 40.00),
(423, 314, 100, 1.00, 16.00, 16.00),
(424, 313, 263, 1.00, 30.00, 30.00),
(425, 316, 116, 1.00, 22.00, 22.00),
(426, 315, 257, 1.00, 13.00, 13.00),
(427, 318, 123, 1.00, 1.00, 1.00),
(428, 317, 129, 2.00, 1.50, 3.00),
(429, 317, 139, 2.00, 6.00, 12.00),
(430, 317, 257, 1.00, 13.00, 13.00),
(431, 320, 129, 1.00, 1.50, 1.50),
(432, 319, 155, 1.00, 10.00, 10.00),
(433, 321, 265, 1.00, 3.50, 3.50),
(434, 321, 266, 1.00, 8.00, 8.00),
(435, 322, 39, 1.00, 20.00, 20.00),
(436, 324, 6, 1.00, 10.00, 10.00),
(437, 325, 34, 1.00, 9.00, 9.00),
(438, 323, 252, 1.00, 15.00, 15.00),
(439, 323, 194, 1.00, 12.00, 12.00),
(440, 326, 61, 1.00, 36.00, 36.00),
(441, 328, 131, 1.00, 4.00, 4.00),
(442, 329, 132, 1.00, 4.00, 4.00),
(443, 330, 205, 1.00, 13.50, 13.50),
(444, 331, 205, 1.00, 13.00, 13.00),
(445, 331, 127, 1.00, 1.50, 1.50),
(446, 332, 134, 1.00, 24.00, 24.00),
(447, 333, 123, 3.00, 1.00, 3.00),
(448, 327, 196, 2.00, 15.00, 30.00),
(449, 334, 202, 1.00, 2.00, 2.00),
(450, 336, 146, 1.00, 15.00, 15.00),
(451, 337, 87, 1.00, 15.00, 15.00),
(452, 335, 124, 2.00, 1.50, 3.00),
(453, 335, 46, 1.00, 2.00, 2.00),
(454, 339, 84, 2.00, 16.50, 33.00),
(455, 340, 133, 1.00, 20.00, 20.00),
(456, 341, 60, 1.00, 20.00, 20.00),
(457, 342, 33, 1.00, 9.00, 9.00),
(458, 342, 230, 1.00, 16.50, 16.50),
(459, 343, 146, 1.00, 15.00, 15.00),
(460, 338, 230, 1.00, 16.50, 16.50),
(461, 345, 122, 1.00, 7.00, 7.00),
(462, 346, 87, 3.00, 15.00, 45.00),
(463, 347, 284, 1.00, 3.00, 3.00),
(464, 348, 80, 1.00, 14.50, 14.50),
(465, 349, 258, 1.00, 18.00, 18.00),
(466, 350, 159, 1.00, 16.00, 16.00),
(467, 351, 285, 2.00, 5.00, 10.00),
(468, 344, 283, 1.00, 40.00, 40.00),
(469, 353, 81, 1.00, 13.50, 13.50),
(470, 354, 81, 1.00, 13.50, 13.50),
(471, 355, 80, 1.00, 15.00, 15.00),
(472, 355, 124, 1.00, 1.50, 1.50),
(473, 355, 128, 1.00, 1.50, 1.50),
(474, 356, 280, 1.00, 13.00, 13.00),
(475, 356, 33, 1.00, 9.00, 9.00),
(476, 357, 81, 1.00, 13.50, 13.50),
(477, 358, 54, 1.00, 65.00, 65.00),
(478, 359, 54, 1.00, 65.00, 65.00),
(479, 360, 304, 1.00, 25.00, 25.00),
(480, 361, 293, 1.00, 2.00, 2.00),
(481, 362, 80, 1.00, 15.00, 15.00),
(482, 362, 300, 2.00, 2.00, 4.00),
(483, 363, 287, 1.00, 250.01, 250.01),
(484, 364, 280, 1.00, 13.00, 13.00),
(486, 365, 81, 2.00, 13.50, 27.00),
(487, 366, 80, 1.00, 15.00, 15.00),
(488, 352, 81, 1.00, 13.50, 13.50),
(489, 368, 255, 1.00, 15.00, 15.00),
(490, 368, 282, 1.00, 35.00, 35.00),
(491, 369, 33, 3.00, 9.00, 27.00),
(492, 367, 81, 1.00, 13.50, 13.50),
(493, 367, 46, 1.00, 2.00, 2.00),
(494, 367, 56, 1.00, 1.00, 1.00),
(495, 371, 34, 2.00, 9.00, 18.00),
(496, 372, 280, 1.00, 13.00, 13.00),
(497, 370, 271, 1.00, 10.00, 10.00),
(498, 374, 286, 1.00, 17.00, 17.00),
(499, 374, 32, 1.00, 30.00, 30.00),
(500, 374, 278, 1.00, 7.00, 7.00),
(501, 373, 83, 1.00, 40.00, 40.00),
(502, 376, 279, 1.00, 100.00, 100.00),
(503, 377, 56, 1.00, 1.00, 1.00),
(504, 378, 81, 1.00, 13.50, 13.50),
(505, 379, 81, 1.00, 13.50, 13.50),
(506, 380, 277, 1.00, 2.00, 2.00),
(507, 375, 138, 1.00, 15.00, 15.00),
(508, 381, 280, 1.00, 13.00, 13.00),
(509, 383, 65, 1.00, 75.00, 75.00),
(510, 384, 98, 1.00, 20.00, 20.00),
(511, 385, 51, 1.00, 190.00, 190.00),
(512, 385, 60, 1.00, 20.00, 20.00),
(513, 386, 195, 1.00, 20.00, 20.00),
(514, 387, 240, 1.00, 10.00, 10.00),
(515, 388, 81, 1.00, 13.50, 13.50),
(516, 382, 80, 1.00, 14.50, 14.50),
(517, 389, 272, 1.00, 14.00, 14.00),
(518, 390, 172, 1.00, 32.00, 32.00),
(519, 391, 273, 1.00, 8.00, 8.00),
(520, 391, 280, 1.00, 13.00, 13.00),
(521, 393, 53, 1.00, 50.00, 50.00),
(522, 394, 80, 1.00, 15.00, 15.00),
(523, 394, 298, 1.00, 2.00, 2.00),
(524, 394, 302, 1.00, 2.00, 2.00),
(525, 394, 300, 2.00, 2.00, 4.00),
(526, 394, 155, 1.00, 10.00, 10.00),
(527, 395, 104, 1.00, 50.00, 50.00),
(528, 395, 298, 1.00, 2.00, 2.00),
(529, 392, 258, 2.00, 18.00, 36.00),
(530, 392, 80, 1.00, 14.50, 14.50),
(531, 397, 284, 1.00, 3.00, 3.00),
(532, 398, 127, 1.00, 2.00, 2.00),
(533, 399, 267, 1.00, 2.00, 2.00),
(534, 399, 2, 1.00, 45.00, 45.00),
(535, 400, 280, 1.00, 13.00, 13.00),
(536, 401, 119, 1.00, 100.00, 100.00),
(537, 402, 268, 1.00, 2.00, 2.00),
(538, 403, 268, 1.00, 2.00, 2.00),
(539, 403, 267, 1.00, 2.00, 2.00),
(540, 403, 297, 1.00, 2.00, 2.00),
(541, 404, 122, 1.00, 7.00, 7.00),
(542, 404, 122, 1.00, 7.00, 7.00),
(543, 404, 122, 1.00, 7.00, 7.00),
(544, 405, 61, 1.00, 36.00, 36.00),
(545, 406, 301, 1.00, 2.00, 2.00),
(546, 406, 227, 1.00, 25.00, 25.00),
(547, 407, 108, 1.00, 10.00, 10.00),
(548, 408, 285, 1.00, 5.00, 5.00),
(549, 408, 284, 1.00, 3.00, 3.00),
(550, 409, 62, 1.00, 30.00, 30.00),
(556, 396, 248, 1.00, 46.50, 46.50),
(557, 396, 1, 1.00, 45.00, 45.00);

--
-- Índices de tabelas apagadas
--

--
-- Índices de tabela `acesso`
--
ALTER TABLE `acesso`
 ADD PRIMARY KEY (`acessoID`);

--
-- Índices de tabela `caixa`
--
ALTER TABLE `caixa`
 ADD PRIMARY KEY (`caixaID`);

--
-- Índices de tabela `cargo`
--
ALTER TABLE `cargo`
 ADD PRIMARY KEY (`cargoID`);

--
-- Índices de tabela `cheques`
--
ALTER TABLE `cheques`
 ADD PRIMARY KEY (`chequeID`);

--
-- Índices de tabela `cliente`
--
ALTER TABLE `cliente`
 ADD PRIMARY KEY (`clienteID`);

--
-- Índices de tabela `contapagar`
--
ALTER TABLE `contapagar`
 ADD PRIMARY KEY (`contapagarID`);

--
-- Índices de tabela `empresa`
--
ALTER TABLE `empresa`
 ADD PRIMARY KEY (`empresaID`);

--
-- Índices de tabela `emprestimo`
--
ALTER TABLE `emprestimo`
 ADD PRIMARY KEY (`emprestimoID`);

--
-- Índices de tabela `estoque`
--
ALTER TABLE `estoque`
 ADD PRIMARY KEY (`estoqueID`);

--
-- Índices de tabela `formapagamento`
--
ALTER TABLE `formapagamento`
 ADD PRIMARY KEY (`formID`);

--
-- Índices de tabela `fornecedor`
--
ALTER TABLE `fornecedor`
 ADD PRIMARY KEY (`fornecedorID`);

--
-- Índices de tabela `funcionario`
--
ALTER TABLE `funcionario`
 ADD PRIMARY KEY (`funcionarioID`), ADD KEY `cargoID` (`cargoID`);

--
-- Índices de tabela `lancamentos`
--
ALTER TABLE `lancamentos`
 ADD PRIMARY KEY (`lancamentoID`);

--
-- Índices de tabela `livrocaixa`
--
ALTER TABLE `livrocaixa`
 ADD PRIMARY KEY (`livroID`);

--
-- Índices de tabela `orcamento`
--
ALTER TABLE `orcamento`
 ADD PRIMARY KEY (`orcamentoID`);

--
-- Índices de tabela `orcamentoitem`
--
ALTER TABLE `orcamentoitem`
 ADD PRIMARY KEY (`itemID`);

--
-- Índices de tabela `pagar`
--
ALTER TABLE `pagar`
 ADD PRIMARY KEY (`pagarID`);

--
-- Índices de tabela `produto`
--
ALTER TABLE `produto`
 ADD PRIMARY KEY (`produtoID`), ADD KEY `tipoprodutoID` (`tipoprodutoID`), ADD KEY `fornecedorID` (`fornecedorID`);

--
-- Índices de tabela `receber`
--
ALTER TABLE `receber`
 ADD PRIMARY KEY (`receberID`);

--
-- Índices de tabela `retiradas`
--
ALTER TABLE `retiradas`
 ADD PRIMARY KEY (`retiradaID`);

--
-- Índices de tabela `retiradasestoque`
--
ALTER TABLE `retiradasestoque`
 ADD PRIMARY KEY (`retiradaID`);

--
-- Índices de tabela `tipoproduto`
--
ALTER TABLE `tipoproduto`
 ADD PRIMARY KEY (`tipoprodutoID`);

--
-- Índices de tabela `transferencias`
--
ALTER TABLE `transferencias`
 ADD PRIMARY KEY (`transferenciaID`);

--
-- Índices de tabela `usuario`
--
ALTER TABLE `usuario`
 ADD PRIMARY KEY (`usuarioID`);

--
-- Índices de tabela `venda`
--
ALTER TABLE `venda`
 ADD PRIMARY KEY (`vendaID`);

--
-- Índices de tabela `vendaitem`
--
ALTER TABLE `vendaitem`
 ADD PRIMARY KEY (`itemID`);

--
-- AUTO_INCREMENT de tabelas apagadas
--

--
-- AUTO_INCREMENT de tabela `acesso`
--
ALTER TABLE `acesso`
MODIFY `acessoID` int(11) NOT NULL AUTO_INCREMENT;
--
-- AUTO_INCREMENT de tabela `caixa`
--
ALTER TABLE `caixa`
MODIFY `caixaID` int(11) NOT NULL AUTO_INCREMENT,AUTO_INCREMENT=25;
--
-- AUTO_INCREMENT de tabela `cargo`
--
ALTER TABLE `cargo`
MODIFY `cargoID` int(11) NOT NULL AUTO_INCREMENT,AUTO_INCREMENT=3;
--
-- AUTO_INCREMENT de tabela `cheques`
--
ALTER TABLE `cheques`
MODIFY `chequeID` int(11) NOT NULL AUTO_INCREMENT;
--
-- AUTO_INCREMENT de tabela `cliente`
--
ALTER TABLE `cliente`
MODIFY `clienteID` int(11) NOT NULL AUTO_INCREMENT,AUTO_INCREMENT=55;
--
-- AUTO_INCREMENT de tabela `contapagar`
--
ALTER TABLE `contapagar`
MODIFY `contapagarID` int(11) NOT NULL AUTO_INCREMENT,AUTO_INCREMENT=158;
--
-- AUTO_INCREMENT de tabela `empresa`
--
ALTER TABLE `empresa`
MODIFY `empresaID` int(11) NOT NULL AUTO_INCREMENT,AUTO_INCREMENT=2;
--
-- AUTO_INCREMENT de tabela `emprestimo`
--
ALTER TABLE `emprestimo`
MODIFY `emprestimoID` int(11) NOT NULL AUTO_INCREMENT,AUTO_INCREMENT=2;
--
-- AUTO_INCREMENT de tabela `estoque`
--
ALTER TABLE `estoque`
MODIFY `estoqueID` int(11) NOT NULL AUTO_INCREMENT,AUTO_INCREMENT=388;
--
-- AUTO_INCREMENT de tabela `formapagamento`
--
ALTER TABLE `formapagamento`
MODIFY `formID` int(11) NOT NULL AUTO_INCREMENT,AUTO_INCREMENT=8;
--
-- AUTO_INCREMENT de tabela `fornecedor`
--
ALTER TABLE `fornecedor`
MODIFY `fornecedorID` int(11) NOT NULL AUTO_INCREMENT,AUTO_INCREMENT=14;
--
-- AUTO_INCREMENT de tabela `funcionario`
--
ALTER TABLE `funcionario`
MODIFY `funcionarioID` int(11) NOT NULL AUTO_INCREMENT,AUTO_INCREMENT=3;
--
-- AUTO_INCREMENT de tabela `lancamentos`
--
ALTER TABLE `lancamentos`
MODIFY `lancamentoID` int(11) NOT NULL AUTO_INCREMENT,AUTO_INCREMENT=804;
--
-- AUTO_INCREMENT de tabela `livrocaixa`
--
ALTER TABLE `livrocaixa`
MODIFY `livroID` int(11) NOT NULL AUTO_INCREMENT,AUTO_INCREMENT=7;
--
-- AUTO_INCREMENT de tabela `orcamento`
--
ALTER TABLE `orcamento`
MODIFY `orcamentoID` int(11) NOT NULL AUTO_INCREMENT,AUTO_INCREMENT=9;
--
-- AUTO_INCREMENT de tabela `orcamentoitem`
--
ALTER TABLE `orcamentoitem`
MODIFY `itemID` int(11) NOT NULL AUTO_INCREMENT,AUTO_INCREMENT=10;
--
-- AUTO_INCREMENT de tabela `pagar`
--
ALTER TABLE `pagar`
MODIFY `pagarID` int(11) NOT NULL AUTO_INCREMENT,AUTO_INCREMENT=239;
--
-- AUTO_INCREMENT de tabela `produto`
--
ALTER TABLE `produto`
MODIFY `produtoID` int(11) NOT NULL AUTO_INCREMENT,AUTO_INCREMENT=306;
--
-- AUTO_INCREMENT de tabela `receber`
--
ALTER TABLE `receber`
MODIFY `receberID` int(11) NOT NULL AUTO_INCREMENT,AUTO_INCREMENT=588;
--
-- AUTO_INCREMENT de tabela `retiradas`
--
ALTER TABLE `retiradas`
MODIFY `retiradaID` int(11) NOT NULL AUTO_INCREMENT,AUTO_INCREMENT=2;
--
-- AUTO_INCREMENT de tabela `retiradasestoque`
--
ALTER TABLE `retiradasestoque`
MODIFY `retiradaID` int(11) NOT NULL AUTO_INCREMENT,AUTO_INCREMENT=21;
--
-- AUTO_INCREMENT de tabela `tipoproduto`
--
ALTER TABLE `tipoproduto`
MODIFY `tipoprodutoID` int(11) NOT NULL AUTO_INCREMENT,AUTO_INCREMENT=14;
--
-- AUTO_INCREMENT de tabela `transferencias`
--
ALTER TABLE `transferencias`
MODIFY `transferenciaID` int(11) NOT NULL AUTO_INCREMENT,AUTO_INCREMENT=66;
--
-- AUTO_INCREMENT de tabela `usuario`
--
ALTER TABLE `usuario`
MODIFY `usuarioID` int(11) NOT NULL AUTO_INCREMENT,AUTO_INCREMENT=4;
--
-- AUTO_INCREMENT de tabela `venda`
--
ALTER TABLE `venda`
MODIFY `vendaID` int(11) NOT NULL AUTO_INCREMENT,AUTO_INCREMENT=412;
--
-- AUTO_INCREMENT de tabela `vendaitem`
--
ALTER TABLE `vendaitem`
MODIFY `itemID` int(11) NOT NULL AUTO_INCREMENT,AUTO_INCREMENT=558;
--
-- Restrições para dumps de tabelas
--

--
-- Restrições para tabelas `funcionario`
--
ALTER TABLE `funcionario`
ADD CONSTRAINT `funcionario_ibfk_1` FOREIGN KEY (`cargoID`) REFERENCES `cargo` (`cargoID`) ON DELETE CASCADE ON UPDATE CASCADE;

--
-- Restrições para tabelas `produto`
--
ALTER TABLE `produto`
ADD CONSTRAINT `produto_ibfk_1` FOREIGN KEY (`tipoprodutoID`) REFERENCES `tipoproduto` (`tipoprodutoID`) ON DELETE CASCADE ON UPDATE CASCADE,
ADD CONSTRAINT `produto_ibfk_2` FOREIGN KEY (`fornecedorID`) REFERENCES `fornecedor` (`fornecedorID`) ON DELETE CASCADE ON UPDATE CASCADE;

/*!40101 SET CHARACTER_SET_CLIENT=@OLD_CHARACTER_SET_CLIENT */;
/*!40101 SET CHARACTER_SET_RESULTS=@OLD_CHARACTER_SET_RESULTS */;
/*!40101 SET COLLATION_CONNECTION=@OLD_COLLATION_CONNECTION */;
